/* tables for all structType's */
CREATE TABLE tGastItemDoc  (name, structType, groupInfo, javaClass, importance, desc, helpText, UNIQUE(name));
CREATE TABLE tGastExamples (name, gastSample, sampleBody, UNIQUE(name, gastSample));

/* tables for structType javaj_widgets */
CREATE TABLE tZWidgetAttributes (widName, name, in_out, possibleValues, desc, UNIQUE (widName, name));
CREATE TABLE tZWidgetMessages   (widName, msg, in_out, desc, UNIQUE (widName, msg));

/* tables for structType listix_commands */
CREATE TABLE tLsxCmdAliases      (cmdName, aliasName);
CREATE TABLE tlsxCmdSyntaxHead   (cmdName, synIndx, importance, desc, UNIQUE (cmdName, synIndx));
CREATE TABLE tlsxCmdSyntaxParams (cmdName, synIndx, paramIndx, paramName, defVal, desc, UNIQUE (cmdName, synIndx, paramIndx));
CREATE TABLE tlsxCmdSyntaxOpts   (cmdName, synIndx, optionName, parameters, defVal, desc, UNIQUE (cmdName, synIndx, optionName));
CREATE TABLE IF NOT EXISTS __dbMore_connections (connName text, sourceTable text, sourceKey text, targetTable text, targetKey text, UNIQUE (connName, sourceTable, sourceKey, targetTable, targetKey));INSERT OR IGNORE INTO __dbMore_connections VALUES ('item', 'tZWidgetAttributes', 'widName', 'tGastItemDoc', 'name');
INSERT OR IGNORE INTO __dbMore_connections VALUES ('item', 'tZWidgetMessages', 'widName', 'tGastItemDoc', 'name');
INSERT OR IGNORE INTO __dbMore_connections VALUES ('item', 'tLsxCmdAliases', 'cmdName', 'tGastItemDoc', 'name');
INSERT OR IGNORE INTO __dbMore_connections VALUES ('item', 'tlsxCmdSyntaxHead', 'cmdName', 'tGastItemDoc', 'name');
INSERT OR IGNORE INTO __dbMore_connections VALUES ('head', 'tlsxCmdSyntaxParams', 'cmdName', 'tlsxCmdSyntaxHead', 'cmdName');
INSERT OR IGNORE INTO __dbMore_connections VALUES ('head', 'tlsxCmdSyntaxParams', 'synIndx', 'tlsxCmdSyntaxHead', 'synIndx');
INSERT OR IGNORE INTO __dbMore_connections VALUES ('head', 'tlsxCmdSyntaxOpts', 'cmdName', 'tlsxCmdSyntaxHead', 'cmdName');
INSERT OR IGNORE INTO __dbMore_connections VALUES ('head', 'tlsxCmdSyntaxOpts', 'synIndx', 'tlsxCmdSyntaxHead', 'synIndx');
/* START PROCESSING ..\..\base\src\javaj\javaj_Intro.gastDoc */

INSERT INTO tGastItemDoc VALUES (' Introduction to javaj', 'javaj', '', 'javaj.javaj36', '10', 'Introduction to javaj', '~~6 Javaj is the responsible of the graphical user interface (GUI) of a Gastona application. GUI means in~6 few words all that is visible and might allow user interaction. This includes Frames~6 or windows, widgets like buttons, lists etc and a very important element : the layout.~6 Layouts handle the position and size of the widgets. Its definition acts as both : a declaration of~6 widgets and rules for its positioning and size.~6~6 A simple example containing all these elements can be~6~6    #javaj#~6~6       <frames>~6          myFirstFrame, ~3Title of my first frame~3~6~6       <layout of myFirstFrame>~6          PANEL, Y~6~6          lMy first label, bMy first button~6 ----------~6 The job of Javaj is simply building frames placing on it the desired widgets. To do that it~6 starts with the variable <frames> (no frames no fun!) where the main frame and optionally other~6 secondary frames are declared using a name. The main elements that javaj handle are:~6~6    - frames, which are windows (main window or secondary dialogs)~6    - layouts or containers, they contain usually widgets but might contain also other layouts~6     (layout composition)~6    - final widgets, these can be from a button to a more complex dialog~6~6 All these elements need a unique name in order to be able to identify each one for communication~6 and other proposes. Note that, unlike most programming languages, the name might contain spaces~6 and other characters.~6~6 To define all this elements, just follow this rules~6~6    -- Want a frame ? => add a row in the variable <frames>~6    -- Want a container or layout ? => declare the variable <layout of MYLAYOUTNAME>~6    -- Want a widget ? => write its name within a layout~6~6 This creates a frame called ~3myFirstFrame~3 and layouting it using the layout type PANEL~6 that contains two widgets : a label called ~3lMy first label~3 and a button called ~3bMy first button~3~6 ----------~6~6 All javaj widgets have associated a prefix (usually one character) to facilitate its declaration~6~6 Is it mandatory to use this prefix ? No, you can always specify the widget through its~6 java class name by setting a variable <javaClass of WIDGETNAME>, for example to convert the~6 widget named ~3bMy first button~3 into a table, you can add the variable~6~6    <javaClass of bMy first button> javaj.widgets.zTable~6~6 Here are the rules that actually javaj follows to determine what kind of element is a given~6 component with name COMPNAME~6~6    1) if the variable <layout of COMPNAME> exists, then it is a layout (container)~6    2) if not, and the variable <javaClass of COMPNAME> exists then it is a widget~6       whose java class is defined in this variable~6    3) if not a container nor a declared widget, Javaj use the first character(s) of COMPNAME~6       to find out the widget class (e.g. name bMyButton will be a javaj.widgets.zButton)~6~6 The third rule makes possible to declare widgets very easily and it is widely used in all~6 the Gastona samples.~6~6 All variables <layout of ...> start with a layout type name (e.g. PANEL), this define the~6 way the components has to be declared and how are they arranged. See the documentation for~6 each layout.~6~6 Javaj might set as well some other general properties like default fonts, default images etc~6 see javaj variables.~6~6');
INSERT INTO tGastExamples VALUES (' Introduction to javaj', 'javaj intro1', '~#javaj#~6~6    <frames> tMyTable, ~3Frame containing just a table~3~6');
INSERT INTO tGastExamples VALUES (' Introduction to javaj', 'javaj intro2', '~#javaj#~6~6    <frames> mainWindow, ~3Frame containing two buttons and a text~3~6~6    <layout of mainWindow>~6       PANEL, X~6       bMyButton, bButton2, eMyText~6');
INSERT INTO tGastExamples VALUES (' Introduction to javaj', 'javaj intro3', '~#javaj#~6~6    <frames> myFrame, ~3Frame containing more things~3~6~6    <layout of myFrame>~6       EVALAYOUT, 10, 10, 5, 5~6~6       grid,   X       ,   X~6        X  , tTable    , oConsole~6           , southLay  , -~6~6    <layout of southLay>~6       PANEL, X~6       bMyButton, eMyText~6');
/* START PROCESSING ..\..\base\src\javaj\javaj_variables_frames.gastDoc */

INSERT INTO tGastItemDoc VALUES ('frames', 'javaj_ variables', '', '', '9', 'To declare the main frame as well as secondary ones', '~~6  Declare the main frame (application window) as well as all possible secondary windows that~6  the application use or might use. Usually frames has to declare also a layout except if the~6  frame contains just one widget, in this case the same name can be used for the frame and~6  the widget.~6~6  Syntax:~6~6    <frames>~6       frameName, title, defaultWidth, defaultHeight~6       ...~6~6  The frame at the first row is the main application window and it is shown by default while~6  the rest has to be made visible explicitly (e.g. using the message ~3frameName show~3, see~6  widget zFrame).~6~6  When the frame is built it takes a calculated size acording with some values like preferred~6  size of the contained widgets, its data etc. This size might result convenient in many cases~6  but it will not match always with what we would like, then can be adjusted with defaultWidth~6  and/or defaultHeight. However, the frame as a widget has also attributes for its size (sizeX~6  and sizeY) these values if given will overwrite the default values. For example, the user~6  resize the frame, on closing the application this values are save and on loading the application~6  the values are loaded. This can be achieved very easily, see listix command DUMP and LOAD.~6');

/* START PROCESSING ..\..\base\src\javaj\javaj_variables_javaClassOf.gastDoc */

INSERT INTO tGastItemDoc VALUES ('javaClass of', 'javaj_ variables', '', '', '5', 'Specify a widget type for a given widget name', '~~6  Variable to specify the widget type of a given widget name.~6~6  Syntax:~6~6    <javaClass of WIDGETNAME>  javaContainerClass, parameter(*), ...~6~6  javaContainerClass is any valid java class being a java.awt.Component and~6  having a default constructor.~6~6  (*) If the java class implements also the interface javaj.widgets.basics.setParameters_able~6      then the parameters are passed to the widget using this interface.~6~6    ------Interface setParameters_able-------------~6    package javaj.widgets.basics;~6~6    public interface setParameters_able~6    {~6       public void setParameters (String [] param);~6    }~6    ------------------------------------------------');

/* START PROCESSING ..\..\base\src\javaj\javaj_variables_layout.gastDoc */

INSERT INTO tGastItemDoc VALUES ('layout of', 'javaj_ variables', '', '', '9', 'To declare a layout or container', '~~6  Variable to declare a layout or container. Many layouts can contain widgets as well as other~6  layouts (layout composition). The way this are declared as well as the way these components~6  are arranged is layout type dependent (see documentation of each layout).~6  The most flexible layout type is EVALAYOUT and other important ones are MENU, RADIO and TABBED.~6~6  Syntax:~6~6    <layout of CONTAINERNAME>~6       LAYOUT_TYPE, .... layout type dependent ....~6       .... layout type dependent ....~6       .... layout type dependent ....~6~6');

/* START PROCESSING ..\..\base\src\listix\listix_Intro.gastDoc */

INSERT INTO tGastItemDoc VALUES (' Introduction to Listix', 'listix', '', 'listix.listix', '2', 'Introduction to listix', '~~6 Listix is the part where the logic of a Gastona application can be implemented. It includes communication with~6 widgets, reaction to user interaction, calls to intern or external applications, generation of code or~6 whatever kind of text. In fact Listix is a pseudo language having variables, loops and other~6 functionality provided by its commands. Furthermore the language is enhanced with SQL~6 capability of the enbedded sqlite engine which serveral commands use.~6~6 As it is made in Javaj, the Eva variables are the base structure, and here the units #listix#~6 and #data# are used. This organization of the code is not typical in script languages, that is~6 why it might result difficult to read at the begining. Nevertheless, the mechanics used are~6 quite simple.~6~6 Let~4s take a look at two typical uses of listix which are repeated in almost all samples in this~6 documentation. First the code~6~6    <-- bMyButton>~6        SET VAR, lMyLabel, ~3You pressed the button (admit it)~3~6        MSG, lMyLabel data!~6~6 has the meaning~6~6    - When the GUI component called ~3bMyButton~3 is clicked ...~6    - Set the value ~3You pressed...etc~3 into the variable called ~3lMyLabel~3 and ...~6    - Send the message ~3lMyLabel data!~3~6~6 The logic in this case consists in reacting to a widget event (button press) and updating~6 the data of another widget (lMyLabel). The elements used in this code are : the special~6 variable name starting with ~3--~3 and two commands : SET VAR and MSG~6~6 This other code~6~6    <myName> Julia~6    <myCity> Santiago~6~6    <main>   //@<myName> lives in @<myCity>~6~6 would print out ~3Julia lives in Santiago~3. In this case there are no commands involved, Listix~6 is used just as a printer with some kind of text replacement. What is really happening it is~6 not exactly a simple variable replacement, but indeed is a call to a variable as it where a~6 procedure. If we imagine listix having a pen or a cursor pointing to the begining of the variable~6 <main> the text ~3@<myName>~3 causes this pen to move to the begining of the variable <myName> and~6 after finishing it the pen will return to the variable main at the position after ~3@<myName>~3.~6 As we see the variables in listix have a special behaviour, they can call other variables since~6 they are a kind of ~3variable-procedure~3, we will call these variables also ~3listix formats~3. The~6 exact mechanism is explained in ~3Executing a listix format~3.~6~6 Apart from the variables and the text generation, the rest can be done by commands. There are about~6 40 commands of very different proposes, from a simple calculation to a process that do a big job~6 like scanning a directory or parsing a big file. A command has the generic syntax:~6~6       COMMANDNAME, parameter1, parameter2, ..., parameterN~6                  , option1, optParam1, optParam2, ...~6                  , optionM, optParam1, optParam2, ...~6~6 having at least 1 parameter and 0 or more options.~6~6 All commands, its parameters and options are documented separatelly. Maybe the most important ones~6 are: SET VAR (or ~3VAR=~3), LOOP TABLE, IN CASE, CALL, LAUNCH, MESSAGE (alias ~3-->~3). There are also~6 a couple of very powerful commands like DATABASE, SCAN, PARSONS and XMELON that make things, that~6 usually are ardous or difficult tasks, incredibly easy. Also a set of commands for TCP/IP communication~6 are available: UDP, HTTPREQUEST, MicoHTTPServer. The last one uses the power of text-generation from listix~6 to make possible writing a personal http server in a straighforward way.~6~6 If COMMANDNAME is an empty string and it still has one or more parameters either it can be an~6 option of a previous command or it is simply a ~3void command~3 and it will be skiped (ignored)~6 by Listix. For example~6~6       ,,~6    or~6       ,this will be ignored @<egal>, nothing will happens!~6~6 the options of a command can be seen also as void commands.~6~6 If we forget for a moment what a command specifically does, we can describe the activity of~6 listix in more simple way: text generation. And this is the way listix perform it~6~6 Listix in reallity ~3execute variables~3, we call these variables listix formats or simply formats.~6 A format may contain only two things: text and/or commands. Text elements are used for text generation~6 and the commands are executed according to its semantics.~6~6 ======== Executing a listix format =============~6~6    - A format is read row by row~6~6    - If the row has just one column then it is simply a text to generate (to be print out~6      somewhere), during this generation if the pattern ~3@<xxx>~3 is found, it has de meaning~6      ~3execute the format xxx~3 before continue.~6~6    - If the row has more than one column then it is a listix command. The first column~6      contains the command name. In this case listix invoques the command.~6~6   Example of listix format:~6~6      <a listix format>~6          //Text @<call other format> more text @<another format>~6          //more text~6          SOME COMMAND, parameter 1, etc~6                      , option 1, parameter of option~6          //Continue with @<some format> text~6          , This will be skiped (void command)~6~6 ======== Target of generation =============~6~6 By default the generation will be performed over the standard ouput (console), but this can~6 be different when~6~6    - a command GENERATE changes the target of the generation, for example to a file~6~6    - when using variables ~3@<xxx>~3 within command parameters or options, in many cases (it~6      depends on the command), the generation will be performed in memory and the result placed~6      in the argument or option, this is known as ~3solving~3 a format.~6~6 ======== Entry points (entry formats) ==============~6~6 The two formats <main0> and <main> are special. They are called by Gastona during the~6 startup of the script~6~6    main0~6       It is called once all widgets have been instanciated and have received its default~6       data but they are NOT yet visible~6~6    main~6       It is called just after setting visible the main frame~6~6 Once main0 and main has been executed listix can only react to messages, usually from~6 widgets.~6~6    -- MESSAGETEXT~6       The formats starting with ~3-- ~3 (e.g. <-- message>) have associated a message, when this~6       message is sent the format is executed by listix. This is the way react to user interaction~6       (messages of widgets) or any other event sent through the message mechanism (Mensaka).~6');
INSERT INTO tGastExamples VALUES (' Introduction to Listix', 'listix intro1', '~#javaj#~6~6    <frames> oConsole, ~3Listix intro 1~3~6~6#data#~6~6    <you> listix~6~6#listix#~6~6    <main> Hello @<you>!~6');
INSERT INTO tGastExamples VALUES (' Introduction to Listix', 'listix intro2', '~#javaj#~6~6    <frames> fMain, ~3Listix intro 2~3~6~6    <layout of fMain>~6       PANEL, Y~6       bPressMe, oConsole~6~6#data#~6~6    <personajes>~6       name        , level~6       Gastona     , ok~6       Javaj       , good~6       Listix      , learning~6~6#listix#~6~6    <-- bPressMe>  //@<welcome html>~6~6    <welcome html>~6       //<html><body>~6       //  <h2> Html generation sample </h2>~6       //  <b> Learning status </b>~6       //~6       //  <table border=1>~6       //~6       LOOP, EVA, personajes~6           ,, //    <tr><td> @<name> <td> @<level> </tr>~6       //~6       //  </table>~6       //</body></html>~6');
/* START PROCESSING ..\..\base\src\listix\listix_Variables.gastDoc */

INSERT INTO tGastItemDoc VALUES (' Primitive variables', 'listix', '', 'listix.listix', '6', 'Listix primitive variables', '~~6   Listix primitive variables are a special set of read only variables~6   that start always with colon (:). On each invocation the variables are evaluated~6   using an internal listix function.~6~6   There are three main groups of listix primitives~6~6   --- System properties, start with ~3:sys~3 or ~3:prop~3~6~6    Any system property can be read using the variable syntax~6~6      @<:sys javaProperty> or @<:prop javaProperty>~6~6      Returns the value of the java property ~4javaProperty~4, see java documentation~6      of java.util.Properties for more information about java Properties.~6~6      Example:~6~6            //user @<:sys user.name> has the home directory @<:sys user.home>~6~6   --- Listix primitives, start with ~3:listix~3 or ~3:lsx~3~6~6    There are several syntaxes, all of them usually reporting system information~6    or listix state information.~6~6      @<:lsx DATE [pattern]>~6~6          Returns the current date and time using the pattern if given, if not~6          the default pattern is ~3dd.MM.yyyy hh:mm~3.~6          See documentation of java class java.text.SimpleDateFormat for more information~6          about Date patterns.~6          Three typical standard patterns for use in datatabases are facilitated with a number~6          after date:~6~6           date0 for the pattern ~3yyyy-MM-dd~3~6           date1 for the pattern ~3yyyy-MM-dd HH:mm:ss~3~6           date2 for the pattern ~3yyyy-MM-dd HH:mm:ss S~3~6~6          Example:~6            //today is @<:lsx date>, specifically @<:lsx date2>~6~6      @<:lsx CLOCK[x]>~6~6          Returns the count of an internal clock in milliseconds from the beginnig of the application (~3CLOCK~3)~6             CLOCK0 : epoch time in milliseconds from 1970-01-01~6             CLOCK1 : epoch time in milliseconds of the start of the application~6             CLOCK  : ellapsed time in milliseconds since start of the application~6~6      @<:lsx TMP [extension]>~6~6          Creates and returns the path name of a temporary file with the given extension.~6          The normal use of this variable is with the command SET VAR to set the returned~6          name in an own variable.~6~6          Example:~6            SET VAR, myTempHtml, @<:lsx TMP html>~6~6      @<:lsx defaultTmpDB>~6~6         Returns the default temporary database used by Listix as full path. The only act of~6         invoquing this variable ensures that the database exists since it will be created if~6         not already done. Each Listix generation, that is the main Listix or when calling the~6         commands GENERATE or LISTIX, might use if needed a temporary database. This database~6         is used on commands related with databases where the database name is not given~6         (empty string). Note that each call to GENERATE or LISTIX might create a different~6         default database.~6~6      @<:lsx host name>~6~6         Returns (or tries to return) the host name~6~6      @<:lsx host nameupper>~6~6         Returns (or tries to return) the host name in upper case~6~6      @<:lsx host ip>~6~6         Returns (or tries to return) the host IP address~6~6      @<:lsx ROWS>~6~6         Returns the total count of rows of the current active loop (see LOOP, an RUN LOOP~6         commnads).~6~6      @<:lsx ROW>~6~6         Returns the current row (starting by 0) of the current active loop (see LOOP, an RUN LOOP commnads).~6~6      @<:lsx FIRSTROW>~6~6         Returns 1 if @<:lsx ROW> is the first one (0)~6~6      @<:lsx LASTROW>~6~6         Returns 1 if @<:lsx ROW> is the last one (@<:lsx ROWS> - 1)~6~6      @<:lsx paramcount>~6~6         Returns the current number of parameters of either the main call (command~6         line call of gastona) or the most recent call to LISTIX or GENERATE with parameters.~6~6      @<:lsx screenX>~6~6         Returns the width in pixels of the whole screen~6~6      @<:lsx screenY>~6~6         Returns the height in pixels of the whole screen~6~6      @<:lsx uuid>~6~6         Generates an immutable universally unique identifier (UUID). A UUID represents a 128-bit value.~6~6      @<:lsx mutool MICROTOOL>~6~6         Returns the full path of the executable related with the microtool~6~6   --- Convert or process content of a variable or literal (e.g. file name)~6~6      This syntax permit making complex processes to the contents of a variable or~6      file. For example~6~6          @<:encode-utf8 myText>~6~6           will encode in UTF-8 the contents of the variable myText~6~6          @<:infile META-GASTONA/js/jGastona.js>~6~6           will include the given file as text~6~6      All these primitives have the syntax~6~6          @<:OPERATION TARGET>~6~6       where TARGET is the name of the eva variable or file name in case of primitive ~3infile~3~6       which content will be processed with the OPERATION, returning usually a string.~6~6       OPERATION still has the syntax~6~6          [OPT-]PRIMITIVE[-PARAM]~6~6       here are listed all supported primitives, its posible options and parameters~6~6          PRIMITIVE         OPTIONS            PARAMETERS~6          ---------------   --------------     ------------------~6          hex~6          infile            check, solve/raw~6          path                                 win, linux, os~6          encode            check, solve/raw   strjs, regex, html, latex(*) or utf8, iso-8859-1 and any other accepted by java.net.URLDecoder~6          decode            check, solve/raw   strjs, regex, html, latex(*) or utf8, iso-8859-1 and any other accepted by java.net.URLDecoder~6          xorencrypt        check, solve/raw~6          --nothing--       check, solve/raw~6~6          (*) strjs escape the special characters ~4 ~3 and \ using the C,C++,java and js style, for example ~4~3\ will be encoded as \~4\~3\\~6              regex escape some special regex characters like \()[]~3./  for example hello(~3you~3) will be encoded as hello\(\~3you\~3\)~6              html and latex may be incomplete, use it with care or some javascript function instead (command goRhino)~6~6       option check (or silent):~6              If given and the target (variable or file) does not exists then it returns an empty string and~6              no error will be triggered (silent).~6~6       option solve / raw:~6              By default the contents of the variable is treated as plain text (raw) so no variable solving (@<..>) will be~6              performed unless the option ~3solve~3 is explicitly given. ~3raw~3 can be omited since it is the default option.~6~6       --nothing--~6              If no primitive is given then simply the variable will be returned, this make sense if some options are~6              given, for example~6~6             @<:raw myVar> or @<:check-solve myVar>~6~6             Note that @<:solve myVar> is equivalent to @<myVar>~6~6      Primitives:~6~6      @<:hex hexString>~6~6          convert to bytes the hexString where every byte is given by 2 characters.~6~6         Example:~6~6             @<:hex 09>~6~6          whill print a tabulator~6~6      @<:infile filename>~6~6         Important! fileName is the name itself not a variable~6         Behaves as if the entired given file where into a listix variable. It is similar to the listix command ~3IN FILE~3~6         but here the default behavior here is ~3raw~3 = not solving variables~6~6         Example:~6~6             @<:infile META-GASTONA/js/jGastona.js>~6~6             which would be the same as~6~6             IN FILE, META-GASTONA/js/jGastona.js~6                    , SOLVE, 0~6~6      @<:path varWithPath>~6~6       Replaces the path delimiters of the path contained in the variable varWithPath~6       with the ones appropiated to the current operative system (mainly windows or not windows)~6~6      @<:encode-CODE var>~6      @<:decode-CODE var>~6~6       Encode or decode the contents of the variable named ~3var~3 using the encoding model CODE~6       which can be one of html (basic), latex (basic) or utf-8, iso-8859-1 and any other accepted by java.net.URLDecoder~6       CODE might be empty as well, in this case an internal gastona encoding model used by default for sqlite~6       texts will be used.~6~6          Example:~6~6            @<:encode-utf8 myVar>~6~6       @<:xorencrypt var>~6~6         Perform a xor encryption using the key given in the property gastona.xorEncryptKey. See also the syntax~6         XOR ENCRYPT of the listix command STRCONV~6~6          Example:~6~6             @<:xorencrypt myText>~6~6            this is equivalent to the listix command~6~6             STRCONV, XOR ENCRYPT, @<:sys gastona.xorEncryptKey>, -1, -1, -1~6                    , IN VAR, myText~6');
INSERT INTO tGastExamples VALUES (' Primitive variables', 'example listix primitives', '~#javaj#~6~6   <frames>~6      F, ~3example listix primitives~3~6~6   <layout of F>~6      EVA, 10, 10, 6, 6~6~6        , X~6      X , oConsole~6~6#listix#~6~6   <main0>~6      //~6      // lsx primitives sample~6      //~6      //~6      LOOP, EVA, primitivas~6          ,, // @<desc> : [@<var>]~6~6   <primitivas>~6      desc                                , var~6      number of rows in the current table , @<:lsx ROWS>~6      current row of the current table    , @<:lsx ROW>~6      default lsx current date            , @<:lsx date>~6      standard 0 current date             , @<:lsx date0>~6      standard 1 current date             , @<:lsx date1>~6      standard 2 current date             , @<:lsx date2>~6      formated date                       , //@<:lsx date h ~4o~4~4clock~4 a, zzzz>~6      system property user                , @<:sys user.name>~6      system property home                , @<:sys user.home>~6      system current directory            , @<:sys user.dir>~6      system property temp dir            , @<:sys java.io.tmpdir>~6      system property file separator      , @<:sys file.separator>');
INSERT INTO tGastExamples VALUES (' Primitive variables', 'example java system properties', '~#javaj#~6~6   <frames>~6      F, ~3example java system properties~3~6~6   <layout of F>~6      EVA, 10, 10, 6, 6~6~6        , X~6      X , oConsole~6~6#listix#~6~6   <main0>~6      //~6      // java system properties~6      //~6      //~6      LOOP, EVA, propertyList~6          ,, // @<sysvar>: @<desc>~6          ,, //     @<@><:sys @<sysvar>> [@<varValue>]~6          ,, //~6~6~7<varValue>~6~7~7LSX, //:sys @<sysvar>~6~6~6   <propertyList>~6      sysvar         , desc~6      file.encoding, //The character encoding for the default locale~6      file.encoding.pkg, //The package that contains the converters that handle converting between local encodings and Unicode~6      file.separator, //The platform-dependent file separator (e.g., ~3/~3 on UNIX, ~3\~3 for Windows)~6      java.class.path, //The value of the CLASSPATH environment variable~6      java.class.version, //The version of the Java API~6      java.compiler, //The just-in-time compiler to use, if any. The java interpreter provided with the JDK initializes this property from the environment variable JAVA_COMPILER.~6      java.home, //The directory in which Java is installed~6      java.io.tmpdir, //The directory in which java should create temporary files~6      java.version, //The version of the Java interpreter~6      java.vendor, //A vendor-specific string~6      java.vendor.url, //A vendor URL~6      line.separator, //The platform-dependent line separator (e.g., ~3\n~3 on UNIX, ~3\r\n~3 for Windows)~6      os.name, //The name of the operating system~6      os.arch, //The system architecture~6      os.version, //The operating system version~6      path.separator, //The platform-dependent path separator (e.g., ~3:~3 on UNIX, ~3,~3 for Windows)~6      user.dir, //The current working directory when the properties were initialized~6      user.home, //The home directory of the current user~6      user.language, //The two-letter language code of the default locale~6      user.name, //The username of the current user~6      user.region, //The two-letter country code of the default locale~6      user.timezone, //The default time zone');
/* START PROCESSING ..\..\META-GASTONA\js\doc\jsLibraries.gastDoc */

INSERT INTO tGastItemDoc VALUES ('Libraries js included in Gastona', 'jGastona_jsLibraries', '', '', '4', 'Some js libraries out of the box', '~Libraries js~6-------------------~6There is some funny stuff here, take a look at the samples~6');
INSERT INTO tGastExamples VALUES ('Libraries js included in Gastona', 'conSecuencioGraffiti', '~#data#~6~6   <diagData>~6      //var diagData = {~6      //     sequenceTable : [~6      //                [~3time~3, ~3source~3, ~3target~3, ~3message~3 ],~6      //                [ 0.122, ~3USER~3  , ~3INTERFACE~3, ~3doThisAction~3 ],~6      //                [ 2.234, ~3INTERFACE~3, ~3SERVER~3, ~3theAction~3 ],~6      //                [ 3.543, ~3SERVER~3, ~3INTERFACE~3, ~3What action?~3 ],~6      //                [ 8.558, ~3INTERFACE~3, ~3USER~3, ~3done!~3 ],~6      //            ],~6      //      // distanceAgents   : 40,~6      //      distanceTimeUnit : 1,~6      //      // maxGapTime       : 2,~6      //      // autoElapsed      : false,~6      //  };~6      //~6~6#listix#~6~6   <main>~6      MICO, ONCE~6~6   <GET />~6      //<html>~6      //<body>~6      //      <canvas width=~31100~3 height=~3300~3 id=~3Diagrama~3></canvas>~6      //      <svg width=~31100~3 height=~3300~3 id=~3Diagrama~3></svg>~6      //<script>~6      //~6      //@<:infile META-GASTONA/js/trazos2D-min.js>~6      //@<:infile META-GASTONA/js/conSecuencioGraffiti.js>~6      //~6      //@<diagData>~6      //~6      // var vdata = {~6      //      ~3Diagrama graffiti~3: conSecuencioGraffiti (diagData)~6      // };~6      //~6      //   window.onload = function(e)~6      //   {~6      //      trazos2D ().renderSvgGraffitis (vdata);~6      //      trazos2D ().renderCanvasGraffitis (vdata);~6      //   };~6      //~6      //</script>~6      //</body>~6      //</html>');
INSERT INTO tGastExamples VALUES ('Libraries js included in Gastona', 'javascriptExecutorBrowser', '~#javaj#~6~6   <frames> main, Javascript Executor~6~6   <layout of main>~6      EVA, 3, 3, 2, 2~6~6         , X~6         , lEnter your javascript code~6       X , xCodeArea~6         , bEjecute~6         , lSalida~6       X , xBodyResponse~6      <! X , oSalar~6~6   <sysDefaultFonts>~6      Consolas, 14, 0, TextArea.font~6~6#data#~6~6   <xCodeArea>~6      //~6      //function encript (t1, t2)~6      //{~6      //   return t2 + t1;~6      //}~6      //~6      //out (~3output of this function is ... ~3 + encript (~3TheCat~3, ~3WakeUp~3));~6      //~6~6#listix#~6~6   <-- bEjecute>~6      MSG, lSalida data!,, Opening browser ...~6      MICO, start, Servako~6~6   <elapsed>~6      =, (@<:lsx CLOCK> - STARTSTAMP) / 1000~6~6   <GET />~6      VAR=, USER CODE, LSX, xCodeArea~6      @<:solve-infile META-GASTONA/js/executorJS.lsx.js>~6      VAR=, STARTSTAMP, @<:lsx CLOCK>~6~6   <POST /JSresponse>~6      MICO, stop, Servako~6      MSG, lSalida data!,, //done, it took @<elapsed> seconds~6      -->, xBodyResponse load, @<_bodyMemFileName>');
INSERT INTO tGastExamples VALUES ('Libraries js included in Gastona', 'marketesPublisher', '~#javaj#~6~6   <frames> main, Marketes editor~6~6   <layout of main>~6      EVA, 4, 4, 3, 3~6~6          , X~6          , lArticle in marketes format~6        X , xArticle~6          , bPublish~6~6   <sysDefaultFonts>~6      Consolas, 14, 0, TextArea.font~6~6#data#~6~6   <theTitle> ARTICLE~4S TITLE~6~6   <xArticle>~6      //#h Article header~6      //-- First chapter~6      //~6      //Here you can start the writing text~6      //~6      //New paragraphs are also possible. Now some code~6      //~6      //      function () {~6      //          return null;~6      //      }~6      //~6      //Finally in paragraphs you can use <b><i>html tags</i></b>.~6~6~6#listix#~6~6   <-- bPublish>~6      MICO, ONCE~6~6   <GET />~6      //<!DOCTYPE html>~6      //<html> <head>~6      //      <title>@<theTitle></title>~6      //   <style type=~3text/css~3>~6      //~6      @<:infile META-GASTONA/js/marketes.css>~6      //~6      //   </style></head>~6      //<body>~6      //~6      //   <div id=~3sitio~3>  </div>~6      //~6      //   <script>~6      //~6      //@<:infile META-GASTONA/js/marketes.js>~6      //~6      //   var miDoc = ~3@<:encode-utf8 xArticle>~3.replace (/\+/g, ~3~820~3);~6      //~6      //   document.getElementById(~4sitio~4).innerHTML = marketes (decodeURIComponent (miDoc));~6      //~6      //</script>~6      //~6      //</body>~6      //</html>~6~6');
INSERT INTO tGastExamples VALUES ('Libraries js included in Gastona', 'simple appHelp', '~#javaj#~6~6   <frames> main, Sample of simple help~6~6   <layout of main>~6      EVA, 4, 4, 3, 3~6~6          , X~6          , lArticle in marketes format~6          , bHelp me!~6~6#data#~6~6   <HELP_VAR>~6      ~4#h Mitool Help~6      ~4-- How to get help~6      ~4~6      ~4Yo can get help by pressing the button ~3Help me!~3~6      ~4~6      ~4See this nice function~6      ~4~6      ~4      function () {~6      ~4          return ~3Help me!~3;~6      ~4      }~6      ~4~6      ~4If all this together does not help you always can try to sign~6      ~4~6      ~4      Help! I need somebody,~6      ~4      Help! not just anybody~6      ~4      Help! you know I need someone~6      ~4      ...~6~6#listix#~6~6   <-- bHelp me!>~6      mico, once~6~6   <GET />~6      //@<:solve-infile META-GASTONA/utilApp/std/simpleMarketeHelpHtml.lsx>');
/* START PROCESSING ..\..\pc\src\gastona\gastona.java */

INSERT INTO tGastItemDoc VALUES ('fusion', 'gastona_variables', 'fusion', 'de.elxala.langutil.graph.sysLookAndFeel', '4', 'Variables of unit #gastona#', '~~6  The most important units in a Gastona application are #javaj# and #listix# together with~6  #data#, since all the functionality is performed by these two components. The job of Gastona~6  is starting Javaj and Listix with their configurations and data. There still some few things~6  you can configure in #gastona# unit~6~6-- Variable PAINT LAYOUT~6~6    Only the presence of this variable make the components of all visible frames to paint its~6    limits using a red line. This can be useful during the layout design. In some samples this~6    variable is commented out (<!PAINT LAYOUT>), it is enough to remove the ~3!~3 symbol to~6    activate the feature.~6~6-- Debug configurations~6~6---- Variable <sessionLog>~6~6 In general just creating the folder sessionLog in the folder where the script~6 is found would activate a trace activity into files in that directory.~6~6 This can be done also using the variable <sessionLog> setting there the~6 folder to be used.~6~6 The general debug level for all modules can be set using the variable~6~6       <logLevelGlobal> generalLevel~6~6 where generalLevel is a number from 0 to 19~6~6 It is possible also to set the debug levels individually per module~6 using the ~3table~3 variable~6~6       <logLevels>~6          clientName, maxLogLevel~6          ...~6~6-- Variable UDP_DEBUG_PORT~6~6    If this variable is set, then the given port (if empty then the value 11882 is used)~6    will be opened for UDP communication and for debug output purposes. A client can open the~6    UDP port on the host and send any of following commands~6~6          SETLEVEL level~6          SHOWLEVEL~6          ON~6          OFF~6~6    then it will receive the debug output according to the debug level set unless it~6    switches the debug to OFF.~6~6-- Different debug console pop ups~6~6To enable different console popup messages set following variables~6~6      <LOG WAKEUP> or <ERRORS WAKEUP>~6~6Just if error messages occurs~6~6      <LOG WAKEUP1> or <WARNINGS WAKEUP>~6~6If error or warning messages occurs~6~6      <LOG WAKEUP2> or <DEBUG WAKEUP>~6~6If any messages occur~6~6-- Generate a java class for the gast script~6~6It is always possible to convert a gast script into a java class in a way~6that the generated class, if compiled, will do the same job as the script.~6~6For that set the variable GENERATE GASTCLASS with the desired class name.~6For example~6~6       <GENERATE GASTCLASS> myClass~6~6would generate a clas myClass.java~6~6-- Variable <fusion>~6~6    It is possible to have a Gastona script divided in several files, using this varible~6    Gastona load these files and merge the units together to form the final Gastona script.~6~6       Syntax:~6~6          <fusion>~6             fileToLoad, (mergeType)~6             ...~6~6    where ~3fileToLoad~3 is the path to the file to load given either in an absolute path or a~6    relative path. Listix variables cannot be used here since at this point Listix is not yet~6    active. If a relative path is given it will be loaded using the current directory and if~6    not found there it will be search into the java class path (e.g. in the gastona.jar)~6~6    Once the file is found all units (#gastona#, #javaj#, #data# and #listix#) will be merged~6    if present in the file. Merging a unit means setting all Eva variables found in the unit~6    of the file into the unit of the final script. If an Eva variable does not exist it will~6    be created and if it already exists then the rows of the new variable will be added at~6    the end of the existing variable (mergeType A = Append, which is the default). This behaviour~6    of merging variables can be changed giving one of the following ~4mergeType~4~6~6       mergeType         Meaning~6       -------------     -----------------------------~6       A (default)       Append: Contents of the loaded variable will be appended to the end of the variable~6       R                 Replace: The entire variable will be replaced with the new one~6       T                 Table Append: The variable except the first line (column names) will appended~6~6    NOTE: This mechanism is not recursive, variables <fusion> found in loaded files will~6          have no effect!~6~6-- Other gastona variables~6~6       <AUTODETECT_NUMERIC>~6       <DB_ESCAPE_MODEL>');
INSERT INTO tGastExamples VALUES ('fusion', 'loading EmergencyEditor', '~#gastona#~6~6   <fusion>~6      META-GASTONA/utilApp/editor/EmergencyEditor.gasti~6~6#listix#~6~6   <main0>~6       -->, bStdEE.bSave data!, enabled, 0~6');
INSERT INTO tGastExamples VALUES ('fusion', 'loading EmergencyEditor as sencodary frame', '~#gastona#~6~6   <fusion>~6      META-GASTONA/utilApp/editor/EmergencyEditor.gasti~6~6#javaj#~6~6   <frames>  Fmain, ~3Goto line~3~6~6   <layout of Fmain>~6       PANEL, X~6~6       bGoto line, eLine~6~6#data#~6~6    <eLine> 4~6~6#listix#~6~6    <main0>~6       VAR=, t1, @<:lsx tmp txt>~6       GEN, @<t1>, sampleText~6~6    <-- bGoto line>~6       LISTIX, run StdEE.edit(file line), @<t1>, @<eLine>~6~6    <sampleText>~6       //This is a sample text~6       //to test the EmergencyEditor and its call~6       //~3run StdEE.edit(file line)~3~6       //<<< LINE 4~6       //end of sample text');
/* START PROCESSING ..\..\pc\src\gastona\gastona_Calling.gastDoc */

INSERT INTO tGastItemDoc VALUES (' 3-Calling Gastona', 'gastona', '', '', '2', 'Calling Gastona', '~~6 Gastona is a java application therefore it needs java being previously installed. It can run even~6 in java versions lower than 1.5, it has been tested in Windows platform (XP/Vista etc), in~6 Ubuntu Linux (need Sun Java installed), as well as in Mac OS X.~6~6 Once java is installed, launching a gastona script is simply calling gastona.jar with the~6 script name as argument. You can associate the extension of the script (i.e. .gast) with~6 the call, in order to run gastona scripts by double-click.~6~6 The call to launch a script from the command line or shell is:~6~6       java -jar gastona.jar myScript.gast [ parameters ... ]~6       or~6       javaw -jar gastona.jar myScript.gast [ parameters ... ]~6       in order to avoid the default java console~6~6 The parameters are passed to the script and they can be read by it (see Listix command LISTIX and parameters).~6~6 Calling gastona.jar with no arguments (with no script) usually launches this documentation, but not~6 necessarily. When no script is given explicity Gastona search for a default script to launch in this order:~6~6    1) If the script ~3autoStart.gast~3 is found in the current directory (or home directory in case of~6       Linux) then this script is launched.~6    2) If not 1) but the script ~3autoStart.gast~3 is found in the classpath (e.g. within the jar file) then~6       it is launched this script.~6    3) If neither 1) nor 2) then the script META-GASTONA/WelcomeGastona/WelcomeGastona.gast is launched.~6       This script is contained in gastona.jar file~6~6 The gastona documentation can be launched as well using~6~6    java -jar gastona.jar META-GASTONA/WelcomeGastona/WelcomeGastona.gast~6~6 Sample gast scripts in WelcomeGastona.gast~6 ---------------------------------------------~6~6 The documentation contains lots of sample scripts. You may copy the text and save it into some ~3.gast~3~6 file using an editor and then launch it as described above. It is also possible to launch the sample~6 directly from WelcomeGastona through the button ~3Run Sample~3.~6~6 All samples in WelcomeGastona use temporary files that are deleted when leaving the~6 application. This is convenient to access the documentation and check the samples without~6 installing or affecting any files in the target computer, even it is possible to launch~6 it from a read only media like a CD-ROM etc.~6~6 Whereas providing persistence to a gastona script is straighfoward, for instance the script~6~6     #gastona#~6~6       <fusion>~6          META-GASTONA/WelcomeGastona/WelcomeGastona.gast~6~6     #listix#~6~6       <persistFile>  @<:sys user.home>/.WelcomeGastona~6~6       <main0>~6          LOAD, data, @<persistFile>~6~6       <-- javaj exit>~6          DUMP, data, @<persistFile>~6~6 would launch WelcomeGastona restoring the last window position and size and other application~6 states.');
INSERT INTO tGastExamples VALUES (' 3-Calling Gastona', 'test .gastonaLocal', '~~6    This script will check if .gastonaLocal is found in the user home directory and, if found~6    will check the variable <tool java>~6~6#javaj#~6~6    <frames> oConsole, ~3Checking .gastonaLocal~3~6~6#listix#~6~6   <localFile> @<:sys user.home>/.gastonaLocal~6~6   <main0>~6      //Checking <tool java> and <tool browser> in ~3@<localFile>~3~6      //~6      CHECK, FILE, @<localFile>, //File not found!~6      LOAD, data, @<localFile>~6~6      //~6      //===== CHECK <tool java>~6      //~6      CHECK, VAR, tool java, //variable <tool java> not found!~6      //variable <tool java> found with value @<tool java>. Calling java -version ...~6      CALL, @<tool java> -version~6');
/* START PROCESSING ..\..\pc\src\gastona\gastona_Disclaimer.gastDoc */

INSERT INTO tGastItemDoc VALUES (' 0-Disclaimer and License', 'gastona', '', '', '2', 'Disclaimer', '~~6   Gastona, Copyright (c) 2009-2014 Alejandro Xalabarder Aulet~6~6   --- NO WARRANTY -------------~6~6   This program is free software; you can redistribute it and/or modify it under~6   the terms of the GNU General Public License as published by the Free Software~6   Foundation; either version 3 of the License, or (at your option) any later~6   version.~6~6   This program is distributed in the hope that it will be useful, but WITHOUT ANY~6   WARRANTY; without even the implied warranty of MERCHANTABILITY or FITNESS FOR A~6   PARTICULAR PURPOSE. See the GNU General Public License for more details.~6~6~6   --- WHAT IT IS AND WHAT IT IS NOT -----~6~6   Gastona is a ~3pocket application maker~3. Technically it may be considered as an interpreter,~6   running itself in java, where the source are Gastona scripts. Gastona (neither WelcomeGastona)~6   is not any kind of Integrated Development Environment (IDE), you may write the scripts using~6   any text editor and then launch them using gastona.jar.~6~6   WelcomeGastona is just a script that documents the Gastona ~3language~3, it contains lots of~6   samples that can be run directly. It still allows to make changes in the sample scripts and~6   run them after it, but note that the editor is limited, it is recomended to use another editor~6   when making bigger changes on the sample.~6~6   All the samples are specially designed for not writing or changing any files on your system,~6   using for that exclusively temporary files. This reduces somehow the capability of demonstration~6   in some cases but it makes the samples safer so they can be launched even without knowing what~6   are they for.~6');
INSERT INTO tGastExamples VALUES (' 0-Disclaimer and License', 'gastona GPLv3', '~~6<!    This script shows the General Public License reading it from the jar file~6~6#javaj#~6~6    <frames>~6      xLicense, ~3General Public License Version 3~3, 600, 500~6~6    <sysDefaultFonts>~6       Arial, 16, 0, TextArea~6~6#listix#~6~6   <main>~6      MSG, xLicense load, LICENSE_GPLv3.txt');
/* START PROCESSING ..\..\pc\src\gastona\gastona_Intro.gastDoc */

INSERT INTO tGastItemDoc VALUES (' 2-Introduction to Gastona', 'gastona', '', '', '2', 'Introduction to Gastona', '~~6 Gastona is text based, a whole application may be placed into a single text file using any~6 text editor. It is still possible to develope parts in java language but this documentation~6 will focus mainly in the functionality just using only the ~3Gastona scripting~3, which provides~6 quite large and amazing functionallity.~6~6 Gastona, Javaj and Listix ~3story~3~6 -----------------------------------~6~6 The Gastona approach has not been designed from the begining at all, it is actually the result~6 of fusioning two different ~3language-tools~3 that were developed separately and with totally~6 different purposes. One is ~3Javaj~3 designed for rapid development of GUI applications and~6 the second is ~3Listix~3 designed as a generic command line text generator. Interestingly, it~6 is also the fusion of two different worlds: The atractive User Interface world and the~6 ~3Black screen~3 command line world.~6~6 If we take Gastona, Javaj and Listix as characters, this is the short story of their development:~6~6 Javaj is a software arquitect specialized in User Interfaces and have a box of smart widgets~6 that he places onto a frame in many possible ways (layouts). Once the widgets are shown, and~6 acording to the Javaj philosophy, a java developer should programm java classes to control~6 the widgets (Javaj controllers).~6~6 Listix is a command line program capable of doing very big jobs, calling other programs,~6 parsing files and generating his own results into text files. To instruct Listix what to do~6 there is a set of commands that Listix will execute efficiently. The only problem is that Listix~6 seems to be condemned to run always on a ~3black sreen~3.~6~6 Gastona knowing the ability of both decided making them to work together. On one side the many~6 times mechanical work of the Javaj controllers could be done easily by Listix and on the other~6 side many good Listix scripts could have a nice face provided by Javaj.~6~6 Gastona Structure~6 --------------------------------~6~6 The text (script) is structured in four units : #gastona#, #javaj#, #listix# and #data#~6 Each unit is just a set of variables, each one can hold from a single string to a table or~6 other more complex structures. The meaning of these variables depends entirely on the context~6 and on who makes use of it.~6~6 Briefly explained:~6~6  - Javaj find in the unit #javaj# all the widgets to be used and how to place them in frames~6~6  - Javaj widgets find its data, or better said its initial data, in the section #data#~6~6  - Listix find all ~3work to do~3 in the units #listix# and #data#~6~6  - Gastona has also an own unit, but it has not the importance of the rest.~6~6 Since Listix has access to #data# it has access to widgets~4 data too, this is needed since~6 we want Listix to control the widgets.~6~6 Here a very basic sample to illustrate all this~6~6    #javaj#~6~6       <frames> Fmain, ~3Basic sample app~3~6~6       <layout of Fmain>~6          PANEL, X~6          bPress Me, eField~6~6    #data#~6~6       <eField> Default data~6~6    #listix#~6~6       <-- bPress Me>~6          SET VAR, eField, ~3Hello Sample~3~6          MESSAGE, eField data!~6~6 Running the sample would display a frame with a button labeled ~3Press Me~3 and a edit field~6 having the text ~3Default data~3, once the button is pressed the edit field will change its~6 content with ~3Hello Sample~3.~6~6 Javaj and Listix are documented separately. Most of this documentation consists in fact in~6 two references: a reference of all layouts and widgets of Javaj and a reference of all Listix~6 commands.~6~6 About layouts ...~6 All layouts in Javaj are intuitive and easy to use. Using the one called EVALAYOUT together~6 with the layout composition mechanism allows building very complex layouts using few lines.~6 Enabling the variable <PAINT LAYOUT> in the #gastona# unit might help on learning the layout~6 techniques.~6~6 About Javaj widgets...~6 Many of them work in a very similar way and it should be enough to learn well a couple of them~6 to understand easily the rest.~6~6 About Listix ...~6 For a basic control of the widgets few things has to be learnt and these are repeated in all~6 samples. Nevertheless the Listix commands offers much more functionality. Every command has its~6 own syntax that can be more or less complex. But, as it happen with libraries, not all the~6 commands has to be learned in order to write useful scripts.~6~6 Eva format~6 --------------------------------~6~6 Finally, the format used for these units and variables is called EVA. I hope it is quite~6 intuitive and that it can be deduced from the many samples. You can find a more formal~6 documentation on ~3EvaFormatV1.1.pdf~3(*) but maybe this few indications would be enough to~6 understand it:~6~6    Empty lines as well as lines starting with <! or #! are ignored (comments)~6~6    #uuu# starts a unit named ~3uuu~3, the rest of the line is not used~6~6    <eee> starts an eva variable named ~3eee~3, the rest of the line MAY BE part of its content~6~6    An Eva variable can consist of 1 or more rows~6~6    Each row can contain more columns which are comma separated~6~6    If either // or ~4 are found at the beginning of a column, it indicates that all characters~6    following this beginning are the contents of the column, and therefore it becomes the last~6    column of the row~6~6    All columns of an Eva variable (except if last column with // or ~4) might be enclosed in~6    quotation marks (~3...~3), but this is only strictly necessary if containing commas, blanks at~6    the beginning or at the end, or a quotation mark which has to be expressed using two~6    characters (~3~3)~6~6    A unit starting with two asterisks (#**...#) is a ~3logical~3 end of the EVA file~6~6    (*) http://sourceforge.net/projects/evaformat/files/evaformat/Update_specification_v1.1/EvaFormatV1.1.pdf/download~6');
INSERT INTO tGastExamples VALUES (' 2-Introduction to Gastona', 'simple gastona sample', '~    #javaj#~6~6       <frames> Fmain, ~3Basic sample app~3~6~6       <layout of Fmain>~6          PANEL, X~6          bPress Me, eField~6~6    #data#~6~6       <eField> Default data~6~6    #listix#~6~6       <-- bPress Me>~6          -->, eField,, ~3Hello Sample~3~6');
INSERT INTO tGastExamples VALUES (' 2-Introduction to Gastona', 'gastona demo app', '~#javaj#~6~6   <frames> Fmain, ~3Gastona demo app~3~6~6   <layout of Fmain>~6      EVA, 10, 10, 5, 5~6~6      --- ,   A          ,    X~6      A  , bDump cities ,  oBoard~6      A  , bClean screen,    +~6      X  , iList        ,    +~6~6#data#~6~6   <iList visibleColumns> name~6~6   <iList>~6      name   ,  city~6      Manuela, Barcelona~6      Rita   , San Francisco~6      Salomon, Busan~6~6~6#listix#~6~6   <-- iList>~6      //@<iList selected.name> lives in @<iList selected.city>~6      //~6~6   <-- bDump cities>~6      //cities :~6      //~6      LOOP, EVA, iList~6          ,BODY, // @<city>~6      //~6      //~6~6   <-- bClean screen>~6      MSG, oBoard clear~6');
/* START PROCESSING ..\..\pc\src\gastona\gastona_jGastona.gastDoc */

INSERT INTO tGastItemDoc VALUES ('Introduction to jGastona', 'jGastona', '', '', '2', 'The gastona way for client-server http applications and/or sites', '~What is jGastona~6-------------------~6Listix command micoHttp implements a generic http server that can be programmed~6using listix scripts to generate and or serve html, css and javascript contents~6for the client, typically a browser. In this process any js framework can be used.~6~6Now, gastona is a framework for developing applications creating UI and implementing~6application logic in a special fashion. Could be possible to extend these ideas and be~6able also to develop http client-server applications using the gastona way ?~6~6jGastona is the approach to do that, a very first approach but already quite functional.~6~6jGastona script~6----------------------~6');
INSERT INTO tGastExamples VALUES ('Introduction to jGastona', 'jGatona & Evalayout', '~#javaj#~6~6    <frames> oConsola~6~6#listix#~6~6   <main>~6       micohttp, start, monoMico~6~6   <GET />~6     //<html><style> * { font-family: Consolas; font-size: 18px;  } </style><body><script>~6     //~6     //@<:infile META-GASTONA/js/jGastonaEva-min.js>~6     //~6     //   jGastona (evaFileUTF82obj (~3@<:encode-utf8 MAIN_JAST>~3))~6     //       .start ();~6     //~6     //</script></body></html>~6~6   <MAIN_JAST>~6      //#javaj#~6      //~6      //   <layout of main>~6      //      EVALAYOUT, 10, 10, 5, 5~6      //~6      //         ,            ,    X~6      //         , bSwitchMain, form1~6      //         , bMask1     ,   +~6      //         , bMask2     ,   +~6      //         , bUnmask    ,   +~6      //        X,            ,   +~6      //~6      //   <layout of second>~6      //      EVALAYOUT, 10, 10, 5, 5~6      //~6      //      ZZZ,            ,    X     ,~6      //         , lLabel1    , eEdit1   , -~6      //         , lLabel2    , xMemo    , lLabel3~6      //         , lLabel4    ,    +     , iLista~6      //         , bSwitchBack,    +     , +~6      //         ,            ,    +     , +~6      //       X ,            ,    +     , +~6      //         , cCombo     ,    -     , +~6      //~6      //   <layout of form1>~6      //      EVALAYOUT, 10, 10, 5, 5~6      //~6      //         ,           ,    X     ,~6      //         , lLabel1   , eEdit1   , -~6      //         , lLabel2   , eEdit2   , lLabel3~6      //       X , xMemo     , -        , -~6      //~6      //   <layout of form2>~6      //      EVALAYOUT, 10, 10, 5, 5~6      //~6      //         ,           ,    X~6      //         , lLabel4   , cCombo~6      //       X ,           , iLista~6      //~6      //#jListix#~6      //~6      //   <-- bSwitchMain>   //mask (~3main~3, ~3second~3)~6      //   <-- bSwitchBack>   //mask (~3main~3)~6      //   <-- bMask1>        //mask (~3form1~3, ~3form2~3)~6      //   <-- bMask2>        //mask (~3form1~3, ~3xMemo~3)~6      //   <-- bUnmask>       //mask (~3form1~3)');
INSERT INTO tGastExamples VALUES ('Introduction to jGastona', 'using jGatonaAJAXPost I', '~#javaj#~6~6    <frames> oConso~6~6#listix#~6~6    <main>~6       micohttp, start, monoMico~6~6   <GET />~6     //<html><body>~6     //~6     //  <textarea id=~3salida~3> </textarea>~6     //~6     //<script>~6     //~6     //@<:infile META-GASTONA/js/jGastona.js>~6     //~6     //   var jgas = jGastona ();~6     //   // jgas.start ();~6     //~6     //   jgas.AJAXPostRaw (~3questionToU~3,~6     //                     ~3this is the body of the question~3,~6     //                     { ~3ajaxREQ-pi1~3 : ~3refining the question~3},~6     //                     function (txt, htp) {~6     //                         document.getElementById (~3salida~3).value =~6     //                         ~3----RESP-HEADERS:\n~3 + htp.getAllResponseHeaders () +~6     //                         ~3\n----RESP-BODY:\n~3 + txt +~6     //                         ~3\n----RESP-END~3;~6     //                     }~6     //                     );~6     //~6     //</script></body></html>~6~6   <POST /questionToU>~6     MICO, RESP_VAR=, monoMico, P1, uno, P2, dos, P3, ~3tres y cuatro etc~3~6     //you sent me the body:~6     //~6     LOOP, TEXT FILE, @<_bodyMemFileName>~6         ,, @<value>~6     //~6     //and the header ajaxREQ-pi1 with value @<ajaxREQ-pi1>');
INSERT INTO tGastExamples VALUES ('Introduction to jGastona', 'using jGatonaAJAXPost II', '~#javaj#~6~6    <frames> oConsola~6~6#listix#~6~6   <main>~6       micohttp, start, monoMico~6~6   <GET />~6     //<html><style> * { font-family: Consolas; font-size: 18px;  } </style><body><script>~6     //~6     //@<:infile META-GASTONA/js/jGastonaEva-min.js>~6     //~6     //   var respObj = {};~6     //   var jgas = jGastona (evaFileUTF82obj (~3@<:encode-utf8 MAIN_JAST>~3));~6     //   jgas.start ();~6     //~6     //</script></body></html>~6~6   <MAIN_JAST>~6      //#javaj#~6      //~6      //   <layout of main>~6      //        EVA, 12, 12, 8, 8~6      //        grid, X       , X~6      //            , h2Parameters, -~6      //            , lP1~6      //            , lP2~6      //            , lP3~6      //            , h2ResponseObject , h2ResponseUnit~6      //           X, xResponseObject, xUnit~6      //~6      //#listix#~6      //~6      //  <main>~6      //     //respObj = {};~6      //     //AJAXSend (~4questionToU~4, {~6      //     //            body: ~4this is the body of the question~4,~6      //     //            params: { reqVar1 : 21321, reqVar2: 423 },~6      //     //            headers: { XmyHeader : ~4refining the question~4}~6      //     //           },~6      //     //           respObj~6      //     //          );~6      //     //~6      //~6      //  <-- ajaxResponse questionToU>~6      //     //setData (~4lP1~4, ~4myVar1 = [~4 + respObj[~4obj-params~4][~4myVar1~4] + ~4]~4);~6      //     //setData (~4lP2~4, ~4myVar2 = [~4 + respObj[~4obj-params~4][~4myVar2~4] + ~4]~4);~6      //     //setData (~4lP3~4, ~4myVar3 = [~4 + respObj[~4obj-params~4][~4myVar3~4] + ~4]~4);~6      //     //setData (~4xResponseObject~4, JSON.stringify (respObj, null, ~4 ~4));~6      //     //setData (~4xUnit~4, evaFileObj (respObj[~4obj-body~4]).toText ());~6      //~6~6   <POST /questionToU>~6     MICO, RESP_VAR=,, myVar1, uno, myVar2, dos, myVar3, ~3tres y cuatro etc~3~6     MICO, RESP_HEADER=,, Content-Type, text/eva~6     //#data#~6     //~6     //   <body that you sent me>~6     LOOP, TEXT FILE, @<_bodyMemFileName>~6         ,,  //     //@<value>~6     //~6     //  <your header> XmyHeader, //@<XmyHeader>~6     //  <and request params>~6     //      reqVar1, //@<reqVar1>~6     //      reqVar2, //@<reqVar2>');
INSERT INTO tGastExamples VALUES ('Introduction to jGastona', 'sample jGastona Boletin', '~#javaj#~6~6    <frames> oConsola~6~6#listix#~6~6    <main>~6       DB,, EXECUTE, //CREATE TABLE IF NOT EXISTS boletin (id INTEGER PRIMARY KEY AUTOINCREMENT, date, title, eventdesc);~6       micohttp, start, mymico~6~6   <css>~6       //     textarea {~6       //         width: 100~8; height: 150px; padding: 10px 10px; resize: none;~6       //     }~6~6   <GET />~6     //<html>~6     //<head></head> <style> @<css> </style>~6     //<body>~6     //   <!-- nothing! -->~6     //<script>~6     //~6     //@<:infile META-GASTONA/js/jGastonaEva-min.js>~6     //~6     //   var jgas = jGastona (evaFileUTF82obj (~3@<:encode-utf-8 MAIN_JGAST>~3));~6     //   jgas.start ();~6     //~6     //</script></body></html>~6~6   <MAIN_JGAST>~6      //#javaj#~6      //~6      //   <layout of main>~6      //        EVA, 15, 15, 20, 20~6      //        grid, X           , X~6      //            , lNew Event  , lBulletin Board~6      //          X , layInput    , dBoletin~6      //~6      //   <layout of layInput>~6      //        EVA, 15, 15, 20, 20~6      //        grid,             , X~6      //            , eEventDate  , eEventTitle~6      //          X , xEventDesc  , -~6      //            , bSave       , -~6      //~6      //#data#~6      //~6      //    <eEventDate type>   //date~6      //    <dBoletin>~6      //~6      //#listix#~6      //~6      //  <-- bSave>~6      //     //AJAXSend (~3insertEvent~3);~6      //~6      //  <-- ajaxResponse insertEvent>~6      //     //AJAXgetDataForId (~3dBoletin~3);~6~6   <POST /insertEvent>~6      LSX, StoreRecord,~6         , LOAD DATA, @<_bodyMemFileName>, data~6      //ok~6~6   <StoreRecord>~6      DB,, EXECUTE, //INSERT INTO boletin (date, title, eventdesc) VALUES (~4@<eEventDate>~4, ~4@<:encode eEventTitle>~4, ~4@<:encode xEventDesc>~4);~6~6   <DEL_COMMAND> //jgas.AJAXgetDataForId (~4dBoletin~4, ~4removeId=@<id>~4);~6~6   <POST /getDataForId>~6      LSX, checkRemoveId~6      //<table>~6      //~6      LOOP, SQL,, //SELECT * FROM boletin LIMIT 50~6          ,, // <tr> <td>~6          ,, //       <table> <tr> <td> @<date> <td> @<:decode-utf8 title> <td> <button onclick=~3@<DEL_COMMAND>~3>Delete</button></tr>~6          ,, //               <tr> <td colspan=~33~3> <textarea>@<:decode-utf8 eventdesc></textarea> </tr>~6          ,, //       </table>~6          ,, // </tr>~6      //~6      //</table>~6~6   <checkRemoveId>~6      CHECK, VAR, removeId~6      DB,, EXECUTE, //DELETE FROM boletin WHERE id = @<removeId> ;');
/* START PROCESSING ..\..\pc\src\gastona\gastona_Motivation.gastDoc */

INSERT INTO tGastItemDoc VALUES (' 1-Motivation', 'gastona', '', '', '2', 'Motivation', '~~6 --- To program or not to program, that is the question. ---~6~6 The development of Graphic User Interface applications (GUI) using languages like C, C++ or java~6 are, in general arduous and the final results are, since they are compiled languages, quite~6 unflexible. Furthermore most of the times the code needed is quite repetitive by always using~6 the same mechanics (e.g. fill this list, get that selected value etc). As a matter of fact,~6 many typical GUI requirements are expressed easily using few words, making it hard to believe~6 that its realization can take so much effort. The idea of using an appropiate scripting language~6 for this type of development is not new (e.g. Tcl-Tk).~6~6 Other scripting languages like Perl or Phyton have also demonstrated the weakness of these compiled~6 languages in tasks like parsing, text or report generation and batch processing which are needed~6 very often in applications and tools.~6~6 Yet another kind of language, SQL, solves in a natural way many typical tasks that a GUI application~6 might need like sorting lists, searching items, filtering and many other problematics which solution~6 in an algorithmic way result expensive in all senses. But it seems to be reserved for purely~6 database applications because its implementation is, in general, again ardous. The reason for~6 these difficulties lies not, for sure, in the SQL as language.~6~6 The approach of Gastona is not to be a complete language but to cover the gaps mentioned~6 through a mini-script language, but still having the possibility to program functionality~6 in another language when this appears to be the best choice. In other words, just program~6 what has to be programmed and use for the rest configuration, scripting and SQL.~6~6 Using Gastona many applications can be developed without programming a solely line of~6 code in java. For example this WelcomeGastona including the generation of the documentation~6 has been made using only Gastona scripts.~6~6 Anyway, learning a new language needs always some effort, it has to be a good reason to do~6 that. I sincerely belive that developing with Gastona has reached a very acceptable Feature/Effort~6 ratio and not less important, not requiring at all a high and specialized programming level.~6 Hopefully it helps to demistify the GUI development and the SQL language making them~6 closer to so many people that know what they want from an application but that, for any reason,~6 cannot achieve its development.~6');
INSERT INTO tGastExamples VALUES (' 1-Motivation', 'Gastona Motivation', '~#javaj#~6~6   <frames>~6      Fmain, Gastona Motivation, 300, 400~6~6   <layout of Fmain>~6      EVALAYOUT, 15, 15, 5, 5~6~6      (grid),     X      ,        X~6            , bTo program, bNot to program~6         X  , oConsole   ,        -~6~6#listix#~6~6   <-- bTo program>~6      MSG, oConsole clear~6      //~6      // Compiler +~6      // complex IDE +~6      // GUI Editor +~6      // Database installation +~6      // Configuration +~6      // Administration +~6      // start/stop server +~6      // learn complex APIs +~6      // Report generator +~6      // source generator +~6      // ... other generators +~6      // books +~6      // licenses ? +~6      // hours +~6      // more hours ..~6      //~6~6   <-- bNot to program>~6      MSG, oConsole clear~6      //~6      // Gastona in less than 1 MB~6      // (including sqlite!)~6      //~6      // done. ;)~6      //');
/* START PROCESSING ..\..\pc\src\gastona\gastona_NotesAboutErrorsAndLogs.gastDoc */

INSERT INTO tGastItemDoc VALUES (' 3-Errors and Logs', 'z Notes about development', '', '', '2', 'Errors and Logs', '~~6   Error messages~6   -------------------~6~6   The main goal of having error messages is to help the development by detecting obvious mistakes.~6   The whole Gastona system including widgets and commands check attributes, parameters and~6   consistence in general when this is suitable, producing error messages when the check does~6   not success positively.~6~6   There are following levels of errors~6~6       2 FATAL  :  It is a ~3bad enough~3 error, it will be shown within a popup and after that, the~6                   application will be closed.~6       3 SEVERE :  It is an ugly error, extra information (call stack) will be collected~6       4 ERROR  :  It has to be fixed~6       5 WARNING:  advise of possible malfunction~6       6 MESSAGE:  It is not an error, it is just program information~6~6    Since closing the application is a very unconfortable measure for the user, errors of kind~6    FATAL are minimized as much as reasonably possible. They still might appear in small mistakes, for~6    example if the script is empty or contains one unit but mistyped (e.g. #java# and not #javaj#).~6~6    Appart from FATAL errors the rest are only shown in consoles (no popups). Therefore it~6    is a good idea to have a console (widget ~4o~4), or to use the call to java with the native~6    console during the development of an application and until all errors are removed (if this~6    is possible).~6~6    Logs (application traces)~6    -----------------------------~6~6    Removing errors may result a quite hard task in some cases. For example, when the error~6    message does not point directly to a reconocible mistake, or when lot of actions take~6    place and it is not obvious which action produces the error, etc. It can be also hard to~6    find general malfunctions specially if no error messages at all are involved.~6~6    To help in this activities another kind of messages can be very helpful: trace messages or~6    logs.~6~6    Gastona implements a quite extensive set of logs. All message activity between widgets,~6    listix formats flow, detailed information about commands execution and much more low~6    level information can be logged.~6~6    The way to produce this logs is as follows:~6~6    All log activity will be saved in a directory, the session log directory~6    NOTE! Enabling log information makes the application run slower, the more logs enabled~6          the slower the application will be.~6~6    1) Either create a sub-directory called ~3sessionLog~3 from the current directory or~6       call gastona setting the property ~3gastona.sessionLog.dir~3 to the desired directory~6       for that. (e.g. java -jar gastona.jar -Dgastona.sessionLog.dir=MyLogDir script.gast)~6~6    2) Run the application (Gastona script) once. Following files should be created automatically~6~6          generated_linked.gast~6             This is simply the full gastona script after ~3fusioning~3 (if gastona <fusion> is used)~6             all the sub-scripts. This is the real script that Gastona is executing, it might~6             help to take a look on it to check if all seems to be ok. Note that changing this~6             file has no effect, since it is generated on each application execution.~6~6          logConfiguration.eva~6             At the beginning (when generated the first time) it contains an empty EVA table~6             <logLevels> with two columns : clientName and maxLogLevel. Filling this table~6             enables log on different ~3log clients~3 or modules that produce logs up to the given~6             level (from 10 to 19).~6             Of course this file may be manually changed.~6~6          logSession.sql~6             This is a sqlite script prepared to be loaded into a sqlite database. It contains~6             all the log activity of all ~3log clients~3 enabled in the session. It can be~6             reviewed directly (so do I sometimes) or just use it to generate a log session~6             sqlite database. To do this you may use the next file (logViewer.gast)~6~6          logViewer.gast~6             Script to generate the log database (logDatabase.db) from logSession.sql file and~6             to explore it.~6~6          sqlLog.log~6             This file contains all executed queries to sqlite and the results generated by them.~6             It is not possible to disable logging to this file. Note that for big loops and~6             large database queries the file can become very large.~6~6    3) Enabling the log clients for the next log session~6~6          All possible(*) log clients are to be found in the table logClients from logDatabase.db~6          choose the desired ones and give them a maxLogLevel. For example to log the gastona~6          activity (deeply), the listix format flow (normal) and the activity of listix commands~6          (normal) you may set following values into logConfiguration.eva~6~6             <logLevels>~6                clientName , maxLogLevel~6                gastona    , 19~6                listix_flow, 12~6                listix_commands, 12~6~6          (*) The clients will appear in the table logClients as long as they have perform some~6              activity during the session. For example if you want to see all clients related~6              with PARSONS command you should ensure that this command is called during the~6              session (in point 2)~6~6    4) Run again the application. After that, a complete new logSession.sql should be~6       generated containing all the logs of the session.~6~6   The main tables from logDatabase.db are~6   -------------------------------------------------~6~6    logClients (clientID, milliStamp, clientName, maxLogLevel, clientFirstObj)~6       Contain all log client registered (not necessarily enabled) in the last session~6~6    logMessages (msgCounter, milliStamp, clientID, level, context, message)~6       Contain all log and error messages~6~6    logStacksOnError (msgCounter, stackType, stackItem);~6       Contain aditional information about errors (same msgCounter as the error associated)~6       like call-stack (only on Fatal and Severe errors), message-stack and format-stack.~6~6    Of special interest in case of errors is the format-stack, which tells you exactly which~6    command was on execution at the moment of the error~6');

/* START PROCESSING ..\..\pc\src\gastona\gastona_NotesAboutFilesAndDir.gastDoc */

INSERT INTO tGastItemDoc VALUES (' 1-Files and directories', 'z Notes about development', '', '', '2', 'Files and directories with Gastona', '~~6   Accesing files either for reading or writing is needed in many applications.~6   Many widgets and commands in Gastona look for given files (including image files like~6   png, gif or jpeg files) in the following way~6~6    1) First as a file in the file system~6    2) Second as a java resource. If not found as a normal file the file is searched in the current~6       java class path. This java class path contains always gastona.jar, but it can be extended~6       (see javaj variable <external_libraries> or the command EXTERN). Usually the files found~6       as java resources are read only.~6    3) As url. If 1) and 2) does not successed then the file is tried to be opened as url.~6       Therefore, unless having problems accesing the url as stream due to firewalls etc,~6       url~4s can be used as source of files.~6~6    In order to access files into the file system, the path can be given either in absolute~6    or relative form. Following java properties describe files and directories of interest~6    and can be used in listix formats or commands to complete path of files:~6~6    Current gastona script~6~6        @<:sys gastona.gastFile.fromResource>~6          It will be set to ~31~3 if the main Gastona script is loaded from a resource or URL~6          (points 2 and 3) and set to ~30~3 otherwise~6~6        @<:sys gastona.gastFile.path>~6          Path (directory and file name) of the main Gastona script~6~6        @<:sys gastona.gastFile.dir>~6          Only directory path of the main Gastona script~6~6~6    Current directory~6~6        @<:sys user.dir>~6          Current directory for the script. All relative paths will be resolved from it.~6~6        @<:sys gastona.oldCurrentDir>~6          Only in Windows operative system it might differ from @<:sys user.dir>, and it is~6          the original current directory on starting the script. Gastona will change this to~6          the directory where the main gastona script is placed (@<:sys gastona.gastFile.dir>)~6          if : it is not the temporary directory and it is not related with a resource file~6          and the script does run on a Windows system.~6~6        @<:sys gastona.currentDir>~6          Should be the same as @<:sys user.dir> in all cases.~6~6~6    Other directories~6~6       @<:sys java.io.tmpdir>~6          Temporary directory. Note that Gastona creates its own temporary sub-directory~6          (gastonaTMP) which will be removed on closing the application.~6~6       @<:sys user.home>~6          User home directory~6');
INSERT INTO tGastExamples VALUES (' 1-Files and directories', 'gastona files and dirs', '~~6#javaj#~6~6    <frames>~6      oConsole, ~3Gastona files and dirs~3~6~6#listix#~6~6   <main0>~6      //~6      // Current gastona script~6      //~6      //  @<@><:sys gastona.gastFile.fromResource>~6      //  [@<:sys gastona.gastFile.fromResource>]~6      //~6      //  @<@><:sys gastona.gastFile.path>~6      //  [@<:sys gastona.gastFile.path>]~6      //~6      //  @<@><:sys gastona.gastFile.dir>~6      //  [@<:sys gastona.gastFile.dir>]~6      //~6      // Current directory~6      //~6      //  @<@><:sys user.dir>~6      //  [@<:sys user.dir>]~6      //~6      //  @<@><:sys gastona.oldCurrentDir>~6      //  [@<:sys gastona.oldCurrentDir>]~6      //~6      //  @<@><:sys gastona.currentDir>~6      //  [@<:sys gastona.currentDir>]~6      //~6      // Other directories~6      //~6      //  @<@><:sys java.io.tmpdir>~6      //  [@<:sys java.io.tmpdir>]~6      //~6      //  @<@><:sys user.home>~6      //  [@<:sys user.home>]~6      //~6');
/* START PROCESSING ..\..\pc\src\gastona\gastona_NotesAboutSQLandSqlite.gastDoc */

INSERT INTO tGastItemDoc VALUES (' 2-SQL and sqlite', 'z Notes about development', '', '', '2', 'SQl and sqlite', '~~6   Some things has to be take into account if wanted to work with SQL, sqlite and Gastona~6~6   Notes about general SQL and sqlite~6   -----------------------------------~6~6    - sqlite uses a standard SQL but with some little differences (see www.sqlite.org documentation)~6~6    - Several names are reserved and CANNOT be used as field names (e.g. group, count ...)~6~6    - Table or view names starting with ~3sqlite~3 are reserved for internal use (e.g. sqlite_master)~6~6    - A column can accept either text values or numeric ones, the comparation and sorting order~6      of these values may differ being not proper (not always numeric). To ensure the right~6      comparation and/or sorting order in numeric columns, it is enough to make an addition of~6      a zero value, for instance~6~6             SELECT .... WHERE (myNumer+0 > 100) ...~6             SELECT .... ON (myNumer+0 = myResult+0) ...~6             SELECT .... ORDER BY myNumer+0 DESC~6~6    - When the time consumption of a query is high, it does not mean that the database engine~6      performance is bad, the most times it indicates that the queries has to be optimized.~6      For instance by creating the proper indexes in the queried tables and/or using auxiliary~6      tables etc.~6~6   Notes about Gastona and sqlite~6   -----------------------------------~6~6    All select queries made through gastona scripts may be sent without worrying about limitation~6    of records since a windowing of the records is performed automatically. For example, if a table~6    contains millions of records we still are able to set the sql to ~3SELECT * FROM tablename~3~6    since it will produce only few records to be loaded, the rest will be retrieved automatically~6    on demand (e.g. when scrolling the table or when moving forward within a loop).~6~6    Right now all sql functionallity in Gastona in widgets as well as in listix commands is~6    implemented in batch mode, that means that for each query the sqlite command line executable~6    is invoked. This drive to some limitations using sqlite native temporary tables (TEMP TABLE)~6    since these tables will only persist one call. But instead default databases can be created~6    and used as convenient. For more information read the listix command DATABASE CONFIG documentation.~6~6    --- Storing multi line texts and special characters -----~6~6    Gastona use a special coding for texts containing special chararcters like ~4, ~2, return,~6    line feed etc. Coding and decoding is made internally on adding records and querying them,~6    therefore it should be transparent for the application unless you add or retrieve information~6    from the database using other programs (including sqlite.exe)~6    It is possible to switch the encoding schema, for example to ~3UTF-8~3, by using the listix command~6    DATABASE CONFIG, ENCODING.~6');

/* START PROCESSING ..\..\pc\src\gastona\gastona_NotesSomeUtils.gastDoc */

INSERT INTO tGastItemDoc VALUES (' 4-Utililies and demo applications', 'z Notes about development', '', '', '2', 'Some internal utilities and demo applications', '~Utilities~6-------------------~6gastona.jar include some scripts that can be called directly using the path of its location.~6~6  --- ARCES: (META-GASTONA/utilApp/arces/arces.gast)~6~6  Arces is a viewer of sqlite databases and, in particular, the ones usually generated by gastona.~6  If the database has table connections (special gastona tabla called __dbMore_connections), these are read~6  and represented into a tree where the user can choose fields and connected fields~6  and the resulting query performing the needed joins is generated.~6~6  The script accepts one parameter which is the database file name. As an example~6  a script that opens arces with a database called midata.db can be written as~6~6       #listix#~6           <main> GAST, META-GASTONA/utilApp/arces/arces.gast, midata.db~6~6  --- XMELON: (META-GASTONA/utilApp/xmelon/xmelon.gast)~6~6  Xmelon as utility is a GUI application that uses the listix command XMELON allowing~6  the user to parse either a single file or an entire directory and its subdirectories~6  containing files either of XML format or JSON. Then calls XMELON command to generate~6  the database. The tool also permits explore the database in a similar way as it is~6  done by Arces.gast.~6~6  Currently the script does not accept any parameter and stores the resulting database~6  only temporarily. Adapting the script to use a given database name and, for instance,~6  show the generated SQL queries when exploring the tables is quite trivial and it is left~6  as exercise. A script to call xmelon utility can be~6~6       #listix#~6           <main> GAST, META-GASTONA/utilApp/xmelon/xmelon.gast~6~6Demo applications~6-------------------~6~6 --- Mando Pictures (see tab samples)~6~6 This little sample demonstrates how simple can be control your PC(*1) remotely~6 using the command micoHttp.~6~6 The sample is a quite trivial picture viewer (next, previous) that explore all~6 pictures found in the folder (home)/Pictures, then starts a http server through micoHttp~6 that allows the user to press Next, Previous and even close the application using the~6 browser as if it were a remote control. Of course, since micoHttp is serving the related html~6 any device, for instance a smart phone, with access to the PC can connect to the application~6 just using its browser(*2).~6~6 A console is included in the GUI to see the communication performed by micoHttp with the browser.~6 In general a final application will not need that but, for instance, during a development this ouput~6 might be very useful.~6~6 (*1) using the same technique you can control from your PC an android device, raspberry pi etc~6      if they have installed gastona.~6 (*2) from other device change ~3localhost~3 of ~3http://localhost:PORT~3 with the PC~4s IP, this can~6      be obtained using ipconfig (windows) or ifconfig (linux) commands~6');
INSERT INTO tGastExamples VALUES (' 4-Utililies and demo applications', 'launch arces', '~#listix#~6~6   <main>~6      GAST, META-GASTONA/utilApp/arces/arces.gast');
INSERT INTO tGastExamples VALUES (' 4-Utililies and demo applications', 'launch xmelon', '~#listix#~6~6   <main>~6      GAST, META-GASTONA/utilApp/xmelon/xmelon.gast');
INSERT INTO tGastExamples VALUES (' 4-Utililies and demo applications', 'mandoPictures', '~    Demonstrates how to use http communication through~6    micoHttp command to control the host remotely.~6~6    Specifically this sample implements a remote control to~6    view all images in the folder Pictures of the home directory~6~6#javaj#~6~6   <frames> F, Mando Pictures (4Windows), 600, 500~6~6   <layout of F>~6      EVA, 10, 10, 6, 6~6~6      ---, 300   , X~6         , bNext , mImage~6         , bPrev , +~6       X , oXa   , +~6~6#listix#~6~6   <FOTONR> 1~6~6   <main>~6      SCAN, ADDFILES,, @<:sys user.home>/Pictures, +, png, +, gif, +, jpeg, +, jpg~6      LOOP, SQL,, //SELECT COUNT(*) AS tope FROM scan_all;~6          ,, NUM=, MAX_FOTONR, tope~6~6      micohttp, start, fotoMando~6~6   <-- bNext>~6     CHECK, !=, @<FOTONR>, MAX_FOTONR~6     NUM=, FOTONR, FOTONR + 1~6     LSX, verFoto~6~6   <-- bPrev>~6     CHECK, !=, @<FOTONR>, 1~6     NUM=, FOTONR, FOTONR - 1~6     LSX, verFoto~6~6   <verFoto>~6     LOOP, SQL,, //SELECT fullPath FROM scan_all LIMIT @<FOTONR>, 1~6         ,, -->, mImage data!,, @<fullPath>~6~6   <GET />~6      LSX, pagina~6~6   <POST /next>~6      LSX, -- bNext~6      LSX, pagina~6~6   <POST /prev>~6      LSX, -- bPrev~6      LSX, pagina~6~6   <POST /open>~6      CHECK, VAR, mImage~6      CHECK, FILE, @<mImage>~6      OPEN, @<mImage>~6      LSX, pagina~6~6   <POST /end>~6      micohttp, close, fotoMando~6      MSG, javaj doExit~6~6   <pagina>~6      //<html>~6      // <style>~6      //      * { font-size: 50px; }~6      //      input~6      //      {~6      //         border: 2px solid #a1a1a1;~6      //         padding: 5px 10px;~6      //         background: #dddddd;~6      //         width: 300px;~6      //         border-radius: 25px;~6      //         margin: 10px 10px 10px 10px;~6      //      }~6      //      </style>~6      //<body>~6      //      <form action = ~3/next~3 method = ~3post~3>  <input type=~3submit~3 name=~3orden~3 value=~3Next~3 />  </form>~6      //      <form action = ~3/prev~3 method = ~3post~3>  <input type=~3submit~3 name=~3orden~3 value=~3Prev~3 />  </form>~6      //      <form action = ~3/open~3 method = ~3post~3>  <input type=~3submit~3 name=~3orden~3 value=~3Open~3 />  </form>~6      //      <form action = ~3/end~3 method = ~3post~3>   <input type=~3submit~3 name=~3orden~3 value=~3End~3 />   </form>~6      //</body>~6      //</html>');
/* START PROCESSING ..\..\pc\src\gastona\gastona_sqlite.gastDoc */

INSERT INTO tGastItemDoc VALUES (' 4-Database with sqlite', 'gastona', '', '', '2', 'Database and sqlite', '~~6 A very important added value in Gastona is the database and specifically SQL ability which is~6 present in many widgets (javaj) and commands (listix). Final sql queries are processed by the~6 database engine sqlite (www.sqlite.org). Sqlite (specifically sqlite3) is usually installed~6 as default standard package in Linux and MAC OS X systems, for windows sqlite3.exe is contained~6 in gastona.jar and it will be used internally when required.~6~6 Having integrated an own SQL engine is specially powerful. An application can use it whenever~6 needed without worrying about external installations, starting/restarting server services etc.~6 In other words, you just concentrate in the SQL language which is actually the only thing~6 that contribute to the functionality of the application.~6~6 Of course, it allows the development of typically database applications (e.g. master tables,~6 views and reports) but this is far away of being the only feature. Just mention some more~6 benefits:~6~6   - It extends directly the script language (Listix) with the Standard Query Language (SQL).~6     All sqlite core functions (length, trim, replace ...) as well as data and time functions~6     (date, time, julianday ...) can be used within queries even if no database or real table~6     are used~6~6       <today according to sqlite>~6          LOOP, SQL,, //SELECT date(~4now~4) AS value;~6              ,, @<value>~6~6       (see documentation for sqlite functions at http://www.sqlite.org/lang.html)~6~6   - It permits using a entire database as ~3exchange format~3. For example some listix commands place~6     complex or just huge results into a database using a predefined schema. This can be done~6     on permanent, cache or just temporary databases as needed. By doing that the development~6     flexibility is increased enormously, it is enough to know the database name and the schema~6     to query the results in any desired way and as many times as wanted. See for example the~6     listix commands SCAN and PARSONS.~6~6   - The logic of many tasks even not related traditionally with databases can be solved using~6     SQL (e.g. calculations, handling and comparation of lists, tables or even trees!).~6     Thinking in this kind of solution is not always easy (at least for me!), whereas an algorithmic~6     solution might be designed more or less quickly, the SQL equivalent requires sometimes~6     very good skills. But with the realization it happens exactly the contrary, the algorithmic~6     solution is much larger, error prone and remains unflexible while SQL uses few sentences~6     that really compacts the logic.~6~6~6 Although mastering SQL is not something that can be learnt in ~3two days~3, it has to be definitely~6 demystified. Very important SQL features like sorting, filtering and grouping are actually easy~6 to understand and can be applied without a big effort. The combination sqlite + Gastona makes~6 working with databases even easier, for instance creating a table and querying it is made so~6 trivially that one can think in using SQL even for little tasks like sorting a small list etc.~6~6');
INSERT INTO tGastExamples VALUES (' 4-Database with sqlite', 'trivial sort', '~#javaj#~6~6    <frames> oConsol, ~3Trivial sort sample~3~6~6#data#~6~6    <list_of_names>~6       name~6       Evarist~6       Abel~6       Silvia~6       Beni~6~6#listix#~6~6    <main0>~6       DATABASE,, CREATE TABLE, list_of_names~6       //Sorted names :~6       //~6       LOOP, SQL,, //SELECT * FROM list_of_names ORDER BY name;~6          ,, @<name>');
INSERT INTO tGastExamples VALUES (' 4-Database with sqlite', 'sql sample', '~#javaj#~6~6    <frames> Fmain, ~3SQL sample~3, 500, 400~6~6    <layout of Fmain>~6       EVA, 10, 10, 7, 7~6~6       ---,      X           , X             , X~6          , lEntire table~6        X , tTable           ,  -            , -~6          , lSorted names    , lFilter < 2000, lGroup cities~6        X , iSort            , tFilter       , tGroup~6~6#data#~6~6    <myTable>~6       city       , name      , amount~6       Barcelona  , Cecilia   , 2390~6       Barcelona  , Ramon     , 7400~6       Lyon       , Evariste  , 1210~6       Lyon       , Gaston    , 430~6       Lyon       , Louise    , 1090~6       Freiburg   , Renate    , 5630~6       Goettingen , Karl      , 1330~6       Goettingen , Andrea    , 36~6~6~6    <tTable sqlSelect>   //SELECT * FROM myTable;~6    <iSort sqlSelect>    //SELECT name FROM myTable ORDER BY name;~6    <tFilter sqlSelect>  //SELECT name, amount FROM myTable WHERE amount+0 < 2000 ORDER BY amount+0;~6    <tGroup sqlSelect>   //SELECT city, SUM(amount) AS total FROM myTable GROUP BY city ORDER BY total DESC;~6~6#listix#~6~6    <main0>~6       DATABASE,, CREATE TABLE, myTable');
INSERT INTO tGastExamples VALUES (' 4-Database with sqlite', 'simple logic sql 1', '~#javaj#~6~6   <frames> F, Simple logic using sql 2, 300~6~6   <layout of F>~6      EVA, 10, 10, 7, 7~6~6         , X~6         , lAvailable items~6       X , iAvailList~6         , lRequested items~6       X , iRequestList~6~6#data#~6~6   <iAvailList sqlSelect>    //SELECT * FROM tabItems EXCEPT SELECT * FROM tabRequested;~6   <iRequestList sqlSelect>  //SELECT * FROM tabRequested;~6~6   <sampleData>~6      desc~6~6      America~6      Antarctica~6      Africa~6      Europe~6      Asia~6      Australia~6~6#listix#~6~6   <main0>~6      DATABASE,, CREATE TABLE, tabItems , sampleData~6      DATABASE,, EXECUTE, //CREATE TABLE tabRequested (desc);~6~6   <-- iAvailList>~6      DB,, EXECUTE, //INSERT INTO tabRequested VALUES (~4@<iAvailList selected.desc>~4);~6      @<update lists>~6~6   <-- iRequestList>~6      DB,, EXECUTE, //DELETE FROM tabRequested WHERE desc = ~4@<iRequestList selected.desc>~4;~6      @<update lists>~6~6   <update lists>~6      MSG, iAvailList data!~6      MSG, iRequestList data!~6~6#**FIN EVA#');
INSERT INTO tGastExamples VALUES (' 4-Database with sqlite', 'simple logic sql 2', '~#javaj#~6~6   <frames> F, Simple logic implemented using SQL, 240~6~6   <layout of F>~6      EVA, 10, 10, 7, 7~6~6         , X~6         , lAvailable items~6       X , iAvailList~6         , buu~6         , lRequested items~6       X , iRequestList~6~6   <layout of buu>~6      EVA, 4, 4, 8, 8~6~6         , X    , X~6         , bAdd ,bRemove~6~6#data#~6~6   <bAdd>    ~3 v Add    ~3~6   <bRemove> ~3 ^ Remove ~3~6~6   <iAvailList sqlSelect>    //SELECT * FROM tabItems EXCEPT SELECT * FROM tabRequested;~6   <iRequestList sqlSelect>  //SELECT * FROM tabRequested;~6~6   <iAvailList visibleColumns>  desc~6   <iRequestList visibleColumns>  desc~6~6   <sampleData>~6      id, desc~6~6      01, First~6      02, Second~6      03, Third one~6      50, etc ..~6      99, Last Item~6~6#listix#~6~6   <main0>~6      DATABASE,, CREATE TABLE, tabItems , sampleData~6      DATABASE,, EXECUTE, //CREATE TABLE tabRequested (id, desc);~6~6   <update lists>~6      MSG, iAvailList data!~6      MSG, iRequestList data!~6~6   <-- bAdd>    @<add item>~6   <-- bRemove> @<remove item>~6~6   <-- iAvailList 2>   @<add item>~6   <-- iRequestList 2> @<remove item>~6~6   <add item>~6      LOOP, EVA, iAvailList subTableSelection~6          ,, @<db insert selected>~6      @<update lists>~6~6   <remove item>~6      LOOP, EVA, iRequestList subTableSelection~6          ,, @<db remove selected>~6      @<update lists>~6~6   <db insert selected>  DB,, EXECUTE, //INSERT INTO tabRequested VALUES (~4@<id>~4, ~4@<desc>~4);~6   <db remove selected>  DB,, EXECUTE, //DELETE FROM tabRequested WHERE id = ~4@<id>~4;~6~6#**#');
INSERT INTO tGastExamples VALUES (' 4-Database with sqlite', 'simple compare dirs demo', '~#javaj#~6~6   <frames>~6         F, Compare Directories demo, 600, 600~6~6   <layout of F>~6      EVA, 10, 10, 5, 5~6~6         ---, X                ,         , X~6            , lLeft directory  ,         , lRight directory~6            , eDirLeft         , bDirLeft, eDirRight         , bDirRight~6            , bCompare         , -       , -                 , -~6            , lOnly on the left, -       , lOnly on the right, -~6          X , tOnlyLeft        , -       , tOnlyRight        , -~6            , lSame in both    , -       , lDifferent        , -~6          X , tSame            , -       , tDifferents       , -~6~6#data#~6~6   <bDirLeft DIALOG>  DIR~6   <bDirRight DIALOG> DIR~6   <bDirLeft>  ~3...~3~6   <bDirRight> ~3...~3~6~6#listix#~6~6   <-- bDirLeft>~6      -->, eDirLeft data!,, @<bDirLeft chosen>~6~6   <-- bDirRight>~6      -->, eDirRight data!,, @<bDirRight chosen>~6~6   <-- bCompare>~6      SCAN, REMOVE~6          , PREFIX  , ~3left~3~6      SCAN, REMOVE~6          , PREFIX  , ~3right~3~6      SCAN, ADDFILES, , @<eDirLeft>~6          , PREFIX  , ~3left~3~6      SCAN, ADDFILES, , @<eDirRight>~6          , PREFIX  , ~3right~3~6~6      -->, tOnlyLeft data! , sqlSelect, //SELECT subPath FROM left_all EXCEPT SELECT subPath FROM right_all~6      -->, tOnlyRight data!, sqlSelect, //SELECT subPath FROM right_all EXCEPT SELECT subPath FROM left_all~6      -->, tSame data!, sqlSelect, //SELECT subPath FROM (@<IDENTIC FILES>)~6      -->, tDifferents data!, sqlSelect, //SELECT subPath FROM (@<COMMON FILES>) EXCEPT SELECT subPath FROM (@<IDENTIC FILES>)~6~6   <IDENTIC FILES> //SELECT subPath, date, size FROM left_all INTERSECT SELECT subPath, date, size FROM right_all~6   <COMMON FILES>  //SELECT subPath             FROM left_all INTERSECT SELECT subPath             FROM right_all~6~6#**#');
/* START PROCESSING ..\..\android\src\javaj\widgets\zWebkit.java */

INSERT INTO tGastItemDoc VALUES ('zWebkit', 'javaj_widget', 'android_internet', 'javaj.widgets.zWebit', '8', 'Web browser based on webkit (only android)', '~ NOTE: zWebkit is only an android widget~6~6 Web browser based on Webkit - actually a android.webkit.WebView object - to display static and/or~6 dynamic html5, css and javascript contents.~6~6 Listix command MICOHTTP can be used as http server to provide content to the zWebkit~6 widget(s) making possible developing actual Apps based on html5, CSS and javascript.~6~6--- Basic usage~6~6---- Setting url~6~6 Using the attribute url~6~6      <myWebkit url> www.wakeupthecat.com~6      ...~6      <myWebkit url> http://localhost:7171~6~6 Or sending a message~6~6      -->, myWebkit loadUrl, www.wakeupthecat.com~6~6---- Setting directly html/css/javascript content~6~6 Using the value attribute~6~6     #data#~6       ...~6       <myWebkit> www.wakeupthecat.com~6~6 Or sending a message~6~6      -->, myWebkit data!,, //<html><h1> Hello! </h1></html>~6~6---- Loading contents from a file~6~6 Using the attribute fileName~6~6     #data#~6       ...~6       <myWebkit fileName> myapp/web/index.html~6~6 Or sending a message~6~6      -->, myWebkit loadFile, myapp/web/index.html~6~6~6--- Advanced~6~6 The listix command MICOHTTP can be used as http server for the zWebkit content.~6~6 This might be done with or without enabling javascript. The last option is needed~6 of course if want to use ajax requests agains MICO server.~6~6 If javascript is enabled, then javascript code can be called from the host and viceversa~6 javascript code can interact with the host script by using the jsAction mechanism~6~6---- runJs~6~6 The host script can call an available javascript function sending a list of strings as parameters~6 for example~6~6        -->, myWeb runJs, myFunction, par1, par2, etc~6~6 where ~3myFunction~3 has to be an existing function in the zWebkit ~3myWeb~3. The function might return~6 a value using ajax or the jsAction mechanism. For example~6~6~6       function myFunction (reqtype, param1)~6       {~6           var out = processRequest (reqtype, param1);~6           javaj.jsAction ([~3response~3, reqtype, out]);~6       }~6~6---- jsAction activation~6~6 If javascript is enabled then jsAction is activated by default. But if desired it can be explicitly~6 deactivated using, for example~6~6          <myWeb enableJS> 1~6          <myWeb enableJSAction> 0~6~6 Note: jsAction use webview addJavascriptInterface mechanism. For security issues gastona permits~6       only jsAction if the android version of the device is JELLY_BEAN_MR1 or later and only~6       allows during its activation loading local URLs or files.~6~6---- jsAction activation~6~6 Once activated an extra method is available in javascript which is javaj.jsAction. This method~6 admits a string array as parameter and it returns a string. In java notation~6~6        String jsAction (String [] args);~6~6 An example of a javascript code calling the method~6~6        var result = javaj.jsAction ([~3myPeticion~3, ~3myName~3, ~3myTelephone~3]);~6~6 When the method is called from javascript then it produces a message called jsAction, the~6 gastona script may then do whatever it wants and when finish the value of the variable/attribute~6 jsActionResponse will be returned to the javascript caller.~6~6 So an example of handling a jsAction call can be~6~6       <-- myWeb jsAction>~6           LSX, doSomeStuff, @<p1>~6           LSX, do more stuff, @<p1>, @<p2>~6           VAR=, myWeb jsActionResponse, ~3ok!~3');
INSERT INTO tGastExamples VALUES ('zWebkit', 'basic webkits', '~#javaj#~6~6   <frames> main~6~6   <layout of main>~6       EVA,~6          , X~6          , lURL~6       X  , wSuela~6          , lHTML~6       X  , wGuela~6~6#data#~6~6   <wSuela url> http://www.wakeupthecat.com~6~6   <wGuela>~6       //<html><body>~6       //    <h1>Hola webkit!</h1>~6       //</body></html>');
INSERT INTO tGastExamples VALUES ('zWebkit', 'webkit dialog', '~#javaj#~6~6   <frames> main,~6~6   <layout of main>~6      EVA, 4, 4, 3, 3~6         , X~6       X , wEby~6         , bSet to client~6       X , oSal~6~6#data#~6~6   <wEby>~6      //<html><body>~6      //    <h1>Test zWebkit widget</h1>~6      //~6      //    <button id=~3askHost~3 onclick=~3setText (javaj.jsAction ([~4primer~4, ~4segon~4]));~3> askHost </button>~6      //~6      //    <h2 id=~3salida1~3>nontiendo</h2>~6      //~6      //    <script>~6      //       function setText (str)~6      //       {~6      //           document.getElementById(~4salida1~4).innerHTML = str;~6      //       }~6      //       function paya(str)~6      //       {~6      //           setText (str);~6      //           javaj.jsAction ([~3contentSet~3, str ]);~6      //       }~6      //    </script>~6      //~6      //</body></html>~6~6   <wEby enableJS> 1~6   <wEby enableJSAction> 1~6~6#listix#~6~6   <main>~6      CHECK, ANDROID, BOX, I, zWebKit widget is only available in Android~6~6   <-- wEby jsAction>~6      //~6      //jsAction from zWebkit!~6      //   p1 = [@<p1>]~6      //   p2 = [@<p2>]~6      VAR=, wEby jsActionResponse, //acina quan es menja ?~6~6   <-- bSet to client>~6      //~6      //Call from script~6      //~6      -->, wEby runJs, paya, Esto te lo pongo yo!~6      //');INSERT INTO tZWidgetAttributes VALUES ('zWebkit', '', 'in', 'text', 'Html/css/javascript content');
INSERT INTO tZWidgetAttributes VALUES ('zWebkit', 'visible', 'in', '0 / 1', 'Value 0 to make the widget not visible');
INSERT INTO tZWidgetAttributes VALUES ('zWebkit', 'enabled', 'in', '0 / 1', 'Value 0 to disable the widget');
INSERT INTO tZWidgetAttributes VALUES ('zWebkit', 'enableJS', 'in', '0 / 1', 'Enables javascript');
INSERT INTO tZWidgetAttributes VALUES ('zWebkit', 'enableJSAction', 'in', '1 / 0', 'Enables in javascript the call javaj.jsAction (see jsAction). Default value is 1 (it requires enableJS to 1 as well)');
INSERT INTO tZWidgetAttributes VALUES ('zWebkit', 'url', 'in', 'string', 'Source url to render');
INSERT INTO tZWidgetAttributes VALUES ('zWebkit', 'fileName', 'in', '0 / 1', 'Enable javascript');
INSERT INTO tZWidgetAttributes VALUES ('zWebkit', 'mimeType', 'in', 'text', 'mimeType for loadUrl, default value is text/html');
INSERT INTO tZWidgetAttributes VALUES ('zWebkit', 'encoding', 'in', 'text', 'encoding for loadUrl');
INSERT INTO tZWidgetAttributes VALUES ('zWebkit', 'jsActionResponse', 'in', 'text', 'The content of this attribute will be send to zWebkit as the return of the javascript call jsAction');INSERT INTO tZWidgetMessages VALUES ('zWebkit', 'data!', 'in', 'update data');
INSERT INTO tZWidgetMessages VALUES ('zWebkit', 'control!', 'in', 'update control');
INSERT INTO tZWidgetMessages VALUES ('zWebkit', 'runJs', 'in', 'Run a given javascript function with parameters in the Webkit component. To return a value the js function might use javaj.jsAction function');
INSERT INTO tZWidgetMessages VALUES ('zWebkit', 'jsAction', 'out', 'A call of javaj.jsAction has been trigered');
/* START PROCESSING ..\..\android\src\listix\cmds\cmdIntent.java */

INSERT INTO tGastItemDoc VALUES ('INTENT', 'listix_command', 'android_system_run', 'listix.cmds.cmdIntent', '6', 'To call an android intent', '');
INSERT INTO tGastExamples VALUES ('INTENT', 'launching an intent', '~#javaj#~6~6   <frames> main, ~3listix command INTENT example~3~6~6   <layout of main>~6~6   EVA, 10, 10, 5, 5~6   ---,  X~6      ,  bDial~6~6#data#~6~6#listix#~6~6   <-- bDial>  ITENT, DIAL, 0034~6');INSERT INTO tlsxCmdSyntaxHead VALUES ('INTENT', '1', '6', 'Opens the intent');INSERT INTO tlsxCmdSyntaxParams VALUES ('INTENT', '1', '0', 'action', '', 'possible actions: VIEW, DIAL, SENDTO, EDIT by the moment');
INSERT INTO tlsxCmdSyntaxParams VALUES ('INTENT', '1', '1', 'url', '', 'Url to open the action');
/* START PROCESSING ..\..\base\src\javaj\widgets\javaj_widgets.gastDoc */

INSERT INTO tGastItemDoc VALUES (' Introduction to widgets', 'javaj_widget', '', '', '2', 'Introduction to javaj widgets', '~~6 Javaj provide a set of graphic components called zWidgets or simply widgets. This set includes~6 most of the typical components needed for a GUI application like buttons, check boxes but also~6 enhanced ones with database capabilities like lists, tables, assisted tables (zAsiste)~6 and trees. zWidgets also includes a mechanism to control them, that is reading and writting~6 its data, reacting to user interaction like button pressed, row of a list selected etc.~6~6 All zWidgets might be controlled by java classes (javaj controllers) but also~6 directly by Listix like how it is done in all samples in this documentation.~6 This way of communication with the widgets is straightforward, does not need of~6 java development at all and therefore makes possible developing an entire Gastona application~6 just in one text file.~6~6 As explained in the introduction to javaj, widgets are declared a name in the unit #javaj#.~6 This name has to be unique for each widget since it will be used by the control mechanism.~6 Each widget define, using its name, two things: Attributes and Messages~6~6    Attributes: Data and states of a widget~6    ----------------------------------------~6~6      widgets attributes are variables placed in the Eva Unit #data# used for the reachable~6      data (e.g. items of the list) and also for the different states of the widget (enabled).~6      The name of the variable of an attribute is formed with both the name of the widget and~6      the the name of the attribute~6~6           <WIDGETNAME ATTRIBUTENAME>~6~6      For example a button called ~4bMyButton~4 which attribute ~4enabled~4 is set to 0 is~6      represented by~6~6          <bMyButton enabled> 0~6~6      Each widget can define its own attributes and meaning but there are some common~6      attributes for all of them like ~3visible~3, ~3enabled~3 and the unnamed attribute~6      (attribute name is ~3~3) which will be refered as data attribute. The variable name~6      for the data attribute is simply the widget name. For example, for a button~6      bMyButton which label has to be ~3Click me!~3 (data of the button) and for a simple table~6      tMyTable with two columns the data section would look like this~6~6          #data#~6~6              <bMyButton> ~3Click me!~3~6~6              <tMyTable>~6                   name     , function~6                   Gastona  , main application controller~6                   Javaj    , GUI builder~6                   Listix   , Logic and Text generator~6~6      Many widgets admits data from a database as well (zList, zTable, zTree), this is done~6      using the attributes ~4dbName~4 and ~4sqlSelect~4, if this attributes are given then the~6      data of the widget will be retrieved from the database instead of the data attribute.~6~6      Widget attributes might be given in #data# unit (default data) and/or created by Listix~6      and some attributes are created by the widget itself. For example on selecting items in~6      lists and tables there are attributes that will be created and filled automatically.~6~6      Attributes filled or updated directly by the widget are said to have the direction~6      widget to Application. In the widgets documentation it is used following convention to~6      describe Attribute direction~6~6          --o Direction : Application to widget (application should fill the attribute)~6          o-- Direction : widget to Application (widget will fill the attribute)~6          o-o Direction : both directions (either the application or the widget may fill~6                          the attribute)~6~6      All attributes of all widgets in a Gastona application are placed in the unit #data#,~6      therefore this unit grows dynamically on demand. At any time we can explore the data~6      unit using the listix command ~3DUMP, data~3. The unit data might be loaded as well using~6      the listix command ~3LOAD, data~3.~6~6    Messages: updating widget data and states and reacting to user interaction~6    ----------------------------------------------------------------------------~6~6       Gastona Messages (Mensaka) are simply a text, that can be sent or received by any:~6       Javaj, Listix, zWidgets, custom java controllers etc. Although it does not mean~6       that all are listening to all messages but the receivers has to be suscribed~6       to the messages they are interested in.~6~6       Widgets send and are suscribed (listen) to its own Mensaka messages. This messages are~6       formed with the widget name as well:~6~6             ~3WIDGETNAME MESSAGE~3~6~6       Here exists also the empty message which is used tipically when a widget is selected.~6       For example when the button bMyButton is pressed it sends the message ~3bMyButton~3.~6~6       Note: Listix suscribes himself to messages using its variable <-- MESSAGE>~6~6       We have seen how widgets handle its data and states using attributes. Nevertheless~6       changes in these attributes are not immediately reflected on the widget, it needs~6       a message to do that. This is done using the messages ~3data!~3 and ~3control!~3 which~6       are defined almost in all widgets. For example if we want to disable a button called~6       bMyButton, we have to change its attribute ~3enabled~3 and then send the message~6       ~3control!~3. This is how this can be done using Listix~6~6          <! disabling a button~6          SET VAR, bMyButton enabled, 0~6          MESSAGE, bMyButton control!~6~6       The messages have a direction which is represented as follows in the documentation~6~6          --o Direction : Application to widget~6          o-- Direction : widget to Application~6');

/* START PROCESSING ..\..\base\src\javaj\widgets\widget_characteristics.gastDoc */

INSERT INTO tGastItemDoc VALUES (' Introduction', 'javaj_widget_General characteristics', '', '', '2', 'General characteristics in zWidgets', '~~6 By ~3General characteristics~3 we mean those groups of attributes and messages that~6 represents a given feature or ability of a widget. There are some characteristics that~6 are common to several widgets, for them we give in this chapter a more detailed explanation.~6');

/* START PROCESSING ..\..\base\src\javaj\widgets\widget_characte_databaseRead.gastDoc */

INSERT INTO tGastItemDoc VALUES ('database read', 'javaj_widget_General characteristics', '', '', '8', 'Capability of retrieving data from a database', '~~6    Attributes: dbName, sqlSelect, sqlExtraFilter, sqlPrevious~6    Messages  :~6~6    When the attribute ~4sqlSelect~4 is given then widget~4s data will be retrieved from a~6    database and using the query, for example~6~6          <tMyTable sqlSelect>~6                //SELECT name FROM tab_customers WHERE city = ~4Barcelona~4~6~6    If given ~4dbName~4 is the database (a file name) to be used in the query, if not given or~6    given as empty string then the default database will be used. (EXPERIMENTAL: an undocumented~6    attribute ~4dbName var~4 is implemented, if given the database name will be take for the~6    variable in this attribute).~6~6    Usually it is enough to specify these two attributes ~4dbName~4 and ~4sqlSelect~4, because a~6    SELECT SQL query might perform all kind of filters and order criterias. Anyway, there are~6    widget that accepts extra filter or order criteria from the user (e.g. zAsiste), these~6    widgets use the attribute ~4sqlExtraFilter~4 to reflect this user criteria, for example~6~6          <tMyTable sqlExtraFilter>~6                //WHERE name >= ~4G~4 ORDER BY name~6~6    ~4sqlExtraFilter~4 is like a half select query where the clauses WHERE, ORDER BY and LIMIT~6    are accepted. But note that this clauses still can be used within the attribute sqlSelect,~6    since ~4sqlExtraFilter~4 will act over the whole ~4sqlSelect~4.~6');

/* START PROCESSING ..\..\base\src\javaj\widgets\widget_characte_dropable.gastDoc */

INSERT INTO tGastItemDoc VALUES ('droppable', 'javaj_widget_General characteristics', '', '', '3', 'Capability of dropping files or directories over widgets', '~~6    Attributes: droppedFiles, droppedDirs~6    Messages  : droppedFiles, droppedDirs~6~6    The widgets with these attributes accept drag-and-drop of files and or directories.~6    For this characteristic only if the attributes exists (even with empty value) the~6    droppable characteristic is enabled.~6~6    When the user drop files or directories on the widget then the attributes are filled~6    with an Eva table with columns : pathFile, fileName, extension, fullPath, date and size~6    and the messages ~3widgetName droppedFiles~3 and / or ~3widgetName droppedDirs~3 are sent.~6~6    Once these messages are received it is up to the application to use this information. For~6    example~6~6       <-- myWidget droppedFiles>~6          // files has been dropped:~6          //~6          LOOP, EVA, myWidget droppedFiles~6              ,, @<fullPath>~6~6    Note:~6    Unfortunatelly some common widgets are not able to be droppable due to some unresolved~6    technical issues. For example if making text widgets droppable then copy/paste text seems~6    not to work and tables seems only to accept drop on an element, thus empty tables would~6    not accept any drop.~6');
INSERT INTO tGastExamples VALUES ('droppable', 'dropping files sample', '~#javaj#~6~6    <frames> iResult, Dropping files sample, 400, 300~6~6#data#~6~6    <iResult droppedFiles>~6    <iResult visibleColumns> fullPath~6    <iResult var>   iResult droppedFiles~6~6#listix#~6~6    <-- iResult droppedFiles>~6       MSG, iResult data!~6');
/* START PROCESSING ..\..\base\src\javaj\widgets\widget_characte_tableSelection.gastDoc */

INSERT INTO tGastItemDoc VALUES ('Table selection', 'javaj_widget_General characteristics', '', '', '8', 'Selection of row(s) on table data', '~~6    Attributes: selected.COLUMNNAME, subTableSelection~6    Messages  : ~3~3, ~32~3  (empty message for selection and 2 for double click)~6~6    The widgets that have this attribute have its data based on a table where the records~6    can be selected. Once the user select one record, can also be multi selection, a message~6    whith the name of the widget is sent, at this time the attributes are filled by the widget.~6~6    The attribute ~4subTableSelection~4 contains an Eva table with all columns of all selected~6    records, it is therefore a subtable with the whole selection. It can be accessed, for instance,~6    using a loop.~6~6    A single selection, or the first selection in case of multi selection, produces a set of~6    attributes ~4selected.COLUMNNAME~4, as many as columns has the table. These attributes contains~6    actually the same information as the first record of the attribute ~4subTableSelection~4, simply~6    they are splited in separate variables for convenience.~6~6    These attributes works the same for Eva or database tables and cover all columns of them~6    regardless of they are visible or not.~6~6    Example:~6~6          Supose a widget ~4tMyTable~4 with three columns and following data~6~6             <tMyTable>~6                id , name  , city~6                01 , BCN   , Barcelona~6                02 , HAM   , Hamburg~6                03 , STR   , Stuttgart~6                04 , SXF   , Berlin~6                05 , SZG   , Salzburg~6~6~6          Selecting the rows 01, 03 and 05 will produce the attributes~6~6             <tMyTable selected.id>     01~6             <tMyTable selected.name>   BCN~6             <tMyTable selected.city>   Barcelona~6~6             <tMyTable subTableSelection>~6                id , name  , city~6                01 , BCN   , Barcelona~6                03 , STR   , Stuttgart~6                05 , SZG   , Salzburg~6~6          Reacting to the selection and accesing these attributes can be done in different~6          ways, for example~6~6          <-- tMyTable>~6               // your first selected destination is @<tMyTable selected.city>~6               // All selected destinations:~6               LOOP, EVA, tMyTable subTableSelection~6                   ,, //@<city> (@<name>)~6~6   Note that multi selection through the attribute ~4subTableSelection~4 has the drawback of~6   memory consuming. This can be inacceptable for big selections, for example in a database~6   table the user could make a selection of millions of rows just with two clicks. For this~6   reason ~4subTableSelection~4 is limited to 1000 rows.~6~6~6   ==== Programatically selection: message ~3select!~3~6~6   Usually the selection is performed by the user with the mouse but it can also be done~6   using the message ~3select!~3. This message has, at least, two parametres~6~6       widgetName select!, columnName, value, value, ...~6~6   where column name is either the column through which we are going to select records by giving~6   values, or # for selecting by index (0 based), or #1 for 1 based~6~6   For example, the message~6~6       MSG, tMyTable select!, #1, 2, 4~6~6    will select the records 2 and 4 (index 1 based), and~6~6       MSG, tMyTable select!, city, Barcelona, Stuttgart~6~6    will select the first records with city content ~3Barcelona~3 and ~3Stuttgart~3~6~6    Note that this selection will only works with the records in memory, therefore it should only~6    be used for small tables.');
INSERT INTO tGastExamples VALUES ('Table selection', 'selecting rows sample', '~#javaj#~6~6    <frames> F, Selecting rows sample~6~6    <layout of F>~6          EVA, 10, 10, 7, 7~6         , X~6         , lChoose destination~6      X  , tDestination~6         , oSal~6~6#data#~6~6    <tDestination>~6       id , name  , city~6       01 , BCN   , Barcelona~6       02 , HAM   , Hamburg~6       03 , STR   , Stuttgart~6       04 , SXF   , Berlin~6       05 , SZG   , Salzburg~6~6#listix#~6~6    <-- tDestination>~6       //~6       // First selected destination is @<tDestination selected.city>~6       // All selected destinations:~6       //~6       LOOP, EVA, tDestination subTableSelection~6           ,, //   @<city> (@<name>)~6');
INSERT INTO tGastExamples VALUES ('Table selection', 'selecting rows sample2', '~#javaj#~6~6    <frames> F, Selecting rows sample2~6~6    <layout of F>~6          EVA, 10, 10, 7, 7~6         , X~6         , lChoose destination~6      X  , tDestination~6         , lChosen destinations~6         , iChosenList~6~6#data#~6~6    <tDestination>~6       id , name  , city~6       01 , BCN   , Barcelona~6       02 , HAM   , Hamburg~6       03 , STR   , Stuttgart~6       04 , SXF   , Berlin~6       05 , SZG   , Salzburg~6~6   <iChosenList var> tDestination subTableSelection~6   <iChosenList visibleColumns> city~6~6#listix#~6~6   <-- tDestination>~6      MSG, iChosenList data!');
INSERT INTO tGastExamples VALUES ('Table selection', 'widgetsTableModel', '~#javaj#~6~6   <frames> main, Widgets wit table data model~6~6   <layout of main>~6      EVA, 10, 10, 2 , 2~6~6         ,  A, X~6         , lA table~6       X , tTabla, -~6         , lA combo box, cCaja~6         , lA list~6         , iLista, -~6         , lA radio group, rgRadio~6         , lA checkbox group, kgCheck~6       X , oConso, -~6~6#data#~6~6   <rgRadio var> thetable~6   <rgRadio orientation> X~6~6   <kgCheck var> thetable~6   <kgCheck orientation> X~6~6   <tTabla var> theTable~6~6   <cCaja var> theTable~6   <cCaja visibleColumns> name~6~6   <iLista var> theTable~6   <iLista visibleColumns> desc~6~6   <thetable>~6      label, id, name, desc~6~6      BCN, 1002, Barcelona, //Y que le voy a hacer si yo nac en Barcelona~6      HAM, 6671, Hamburg  , //Speicherstadt~6      SEL, 1717, Seoul    , //Gangam~6~6#listix#~6~6   <-- rgRadio>   LSX, show~6   <-- kgCheck>   LSX, show~6   <-- tTabla>   LSX, show~6   <-- cCaja>   LSX, show~6   <-- iLista>   LSX, show~6~6   <show>~6      MSG, oConso clear~6      DUMP, data~6');
/* START PROCESSING ..\..\base\src\listix\cmds\cmdAddNumericToVariable.java */

INSERT INTO tGastItemDoc VALUES ('ADD NUM TO VAR', 'listix_command', 'lang_variables', 'listix.cmds.cmdAddNumericToVariable', '2', 'Adds a new row into a variable', '~~6 Adds a new row to the given variable of the unit #data#.');
INSERT INTO tGastExamples VALUES ('ADD NUM TO VAR', 'adding numerical records', '~#javaj#~6~6   <frames> tTable, ~3listix command ADD NUM TO VAR example~3~6~6#listix#~6~6   <main0>~6      SET VAR, tTable, x, sin(x)~6      LOOP, FOR, ii, 1, 20~6          ,, @<addPar>~6      MSG, tTable data!~6~6    <addPar>~6      SET NUM, x, ii * 0.2~6      ADD NUM, tTable, x, sin(x)');INSERT INTO tLsxCmdAliases VALUES ('ADD NUM TO VAR', 'ADD NUM');
INSERT INTO tLsxCmdAliases VALUES ('ADD NUM TO VAR', 'ADD NUMERIC TO VARIABLE');INSERT INTO tlsxCmdSyntaxHead VALUES ('ADD NUM TO VAR', '1', '5', '~Adds a row into a variable. The same as SET VAR but adding a new row to the variable ~4variableName~4');INSERT INTO tlsxCmdSyntaxParams VALUES ('ADD NUM TO VAR', '1', '0', 'variableName', '', 'Name of variable where to add a row');
INSERT INTO tlsxCmdSyntaxParams VALUES ('ADD NUM TO VAR', '1', '1', 'value', '', 'Value to be set in column 0');
INSERT INTO tlsxCmdSyntaxParams VALUES ('ADD NUM TO VAR', '1', '2', '...', '', 'further values will be set in next columns : 1, 2 etc');
/* START PROCESSING ..\..\base\src\listix\cmds\cmdAddToVariable.java */

INSERT INTO tGastItemDoc VALUES ('ADD TO VAR', 'listix_command', 'lang_variables', 'listix.cmds.cmdAddToVariable', '2', 'Adds a new row into a variable', '~~6 Adds a new row to the given variable of the unit #data#.');
INSERT INTO tGastExamples VALUES ('ADD TO VAR', 'adding records', '~#javaj#~6   <frames> F, ~3listix command ADD TO VAR example~3~6~6   <layout of F>  EVA, 10, 10, 5, 5~6~6   ---, A     , X~6    X , tTable, -   , -   , -   , -~6      , lName, eName, lTel, eTel, bAdd~6~6#data#~6~6   <tTable>~6      name    , telephon~6~6      Rosa    ,  1111111111~6      Silvia  ,  2222222222~6      Gastona ,  6666666666~6~6#listix#~6~6   <-- bAdd>~6      VAR+, tTable, @<eName> , @<eTel>~6      MSG, tTable data!~6');
INSERT INTO tGastExamples VALUES ('ADD TO VAR', 'adding texts', '~#javaj#~6   <frames> oF, ~3listix command VAR+ example~3~6~6#listix#~6~6   <main>~6      VAR+, varBody, //This is the body of~6          ,        , //something~6          ,        , //whatsoever.~6      VAR+, varHead, //-- This is the header~6          ,        , //-- of something~6          ,        , //--~6          ,        , //~6      @<varHead>@<varBody>~6');INSERT INTO tLsxCmdAliases VALUES ('ADD TO VAR', 'ADD TO VARIABLE');
INSERT INTO tLsxCmdAliases VALUES ('ADD TO VAR', 'ADD TO');
INSERT INTO tLsxCmdAliases VALUES ('ADD TO VAR', 'VAR+');INSERT INTO tlsxCmdSyntaxHead VALUES ('ADD TO VAR', '1', '5', '~Adds a row into a variable. The same as SET VAR but adding a new row to the variable ~4variableName~4');INSERT INTO tlsxCmdSyntaxParams VALUES ('ADD TO VAR', '1', '0', 'variableName', '', 'Name of variable where to add a row');
INSERT INTO tlsxCmdSyntaxParams VALUES ('ADD TO VAR', '1', '1', 'value', '', 'Value to be set in column 0');
INSERT INTO tlsxCmdSyntaxParams VALUES ('ADD TO VAR', '1', '2', '...', '', 'further values will be set in next columns : 1, 2 etc');INSERT INTO tlsxCmdSyntaxOpts VALUES ('ADD TO VAR', '1', 'ADD', 'values', '', '(default option) Add more values in consecutive rows');
INSERT INTO tlsxCmdSyntaxOpts VALUES ('ADD TO VAR', '1', 'SOLVE LSX', '1 / 0', '1', 'If false (0) the values parameters will be set without any listix resolve (variables @<..>) at all');
/* START PROCESSING ..\..\base\src\listix\cmds\cmdAudio2Buffer.java */

INSERT INTO tGastItemDoc VALUES ('AUDIO2BUFFER', 'listix_command', 'media', 'listix.cmds.cmdAudio2Buffer', '4', 'Povide access to Audio stuff', '~~6~6    AUDIO2BUFFER, RECORD START~6');
INSERT INTO tLsxCmdAliases VALUES ('AUDIO2BUFFER', 'AUDIO2');INSERT INTO tlsxCmdSyntaxHead VALUES ('AUDIO2BUFFER', '1', '4', 'Start recording');INSERT INTO tlsxCmdSyntaxParams VALUES ('AUDIO2BUFFER', '1', '0', 'START RECORD', '', '');
INSERT INTO tlsxCmdSyntaxParams VALUES ('AUDIO2BUFFER', '2', '1', 'PAUSE RECORD', '', '');
INSERT INTO tlsxCmdSyntaxParams VALUES ('AUDIO2BUFFER', '3', '2', 'RESUME RECORD', '', '');
INSERT INTO tlsxCmdSyntaxParams VALUES ('AUDIO2BUFFER', '4', '3', 'STOP RECORD', '', '');
INSERT INTO tlsxCmdSyntaxParams VALUES ('AUDIO2BUFFER', '5', '4', 'START PLAY', '', '');
INSERT INTO tlsxCmdSyntaxParams VALUES ('AUDIO2BUFFER', '6', '5', 'PAUSE PLAY', '', '');
INSERT INTO tlsxCmdSyntaxParams VALUES ('AUDIO2BUFFER', '7', '6', 'RESUME PLAY', '', '');
INSERT INTO tlsxCmdSyntaxParams VALUES ('AUDIO2BUFFER', '8', '7', 'STOP PLAY', '', '');
/* START PROCESSING ..\..\base\src\listix\cmds\cmdBodyWhileSubLoop.java */

INSERT INTO tGastItemDoc VALUES ('BODY WHILE SUB LOOP', 'listix_command', 'lang_flow', 'listix.cmds.cmdBodyWhileSubLoop', '7', 'Run or continues a loop changing some conditions', '~~6 BODY WHILE SAME applies the specified body until the given column change its value, more precisely~6 until any value of the columns until the specified one change.~6~6 A good example where to use this construction is in a header-detail report where the select is~6 suppossed to be properly sorted. Using BODY WHILE SAME command such reports can be done using just a single~6 loop, for instance a single SQL select statement.~6~6  Example:~6~6    Having the table orders (customer, date, product, quantity, price, paid)~6~6    A report with header ~3customer~3, sub-header ~3date~3 and detail ~3products~3~6    could be done with~6~6    <report>~6       LOOP, SQL,, //SELECT * FROM orders ORDER BY customer, date~6          ,, //Customer : @<customer>~6          ,, //~6          ,, BODY WHILE, customer~6          ,,           ,, //  Date : @<date>~6          ,,           ,, //~6          ,,           ,, BODY WHILE, date~6          ,,           ,,           ,, //    @<product>, @<quantity> x @<price> = @<paid>~6~6~6 An alternative way would be doing three nested loops, for example~6~6    LOOP for all customers~6        LOOP for all dates of a customer~6           LOOP for all products in a date of a customer~6~6 this would result into ~3Number of customers~3 x ~3Number of dates per customer~3 loops~6 and therefore such number of sql queries as well.~6~6');
INSERT INTO tGastExamples VALUES ('BODY WHILE SUB LOOP', 'body while agenda sample', '~#javaj#~6~6   <frames> oConsole, ~3Sample RUN LOOP~3~6~6#data#~6~6   <telephones>~6      NAME  , KIND   , NUMBER~6      peter , private, 111~6      peter , private, 222~6      peter , private, 333~6      peter , work   , 444~6      paul  , work   , 555~6      mary  , private, 666~6      mary  , private, 777~6      mary  , work   , 888~6      mary  , work   , 999~6~6#listix#~6~6   <main0>~6      //I have the telephone numbers of @<show people>~6      //~6      //Hier is my book:~6      //~6      @<show agenda>~6~6   <show people>~6      LOOP, EVA, telephones~6          , DIFFERENT HEADER, NAME~6          , LINK, ~3, ~3~6          ,, @<NAME>~6~6   <show agenda>~6      LOOP, EVA, telephones~6          ,, //Telephones of @<NAME> :~6          ,, //~6          ,, WHILE, NAME~6          ,,      ,, // @<KIND> : ( @<listOfPart> )~6          ,, //~6          ,, //-----------------------~6~6   <listOfPart>~6        WHILE, KIND~6             , LINK, ~3, ~3~6             ,, //@<NUMBER>');
INSERT INTO tGastExamples VALUES ('BODY WHILE SUB LOOP', 'orders detail sample', '~#javaj#~6~6   <frames> oConsole, ~3Sample BODY WHILE SAME~3~6~6#data#~6~6   <orders>~6      customer , date       , product   , quantity, price~6      suelen   , 2016-03-01 , ruedas    , 1430    , 6320~6      suelen   , 2016-03-01 , tornillos ,   24    ,   53~6      suelen   , 2016-03-01 , cables    ,  110    ,   80~6      pocoyo   , 2016-03-01 , ruedas    , 1430    , 6320~6      pocoyo   , 2016-03-01 , ruedas    , 1430    , 6320~6      pocoyo   , 2016-03-01 , ruedas    , 1430    , 6320~6      suelen   , 2016-03-25 , ruedas    , 1430    , 6320~6      suelen   , 2016-03-25 , tornillos ,  470    , 6326~6      comealgo , 2016-07-16 , ruedas    ,    2    , 6500~6      comealgo , 2016-07-16 , bandejas  ,   55    ,   43~6      comealgo , 2016-07-16 , yogures   ,  130    ,    3~6~6#listix#~6~6   <main0> LSX, report~6~6   <report>~6       LOOP, VAR, orders~6          ,, //Customer : @<customer>~6          ,, //~6          ,, BODY WHILE, customer~6          ,,           ,, //  Date : @<date>~6          ,,           ,, //~6          ,,           ,, BODY WHILE, date~6          ,,           ,,           ,, //    @<product>, @<quantity> x @<price>~6');INSERT INTO tLsxCmdAliases VALUES ('BODY WHILE SUB LOOP', 'BODY WHILE SAME');
INSERT INTO tLsxCmdAliases VALUES ('BODY WHILE SUB LOOP', 'BODY WHILE');
INSERT INTO tLsxCmdAliases VALUES ('BODY WHILE SUB LOOP', 'WHILE');
INSERT INTO tLsxCmdAliases VALUES ('BODY WHILE SUB LOOP', 'SUB LOOP WHILE');
INSERT INTO tLsxCmdAliases VALUES ('BODY WHILE SUB LOOP', 'SUB LOOP WHILE SAME');INSERT INTO tlsxCmdSyntaxHead VALUES ('BODY WHILE SUB LOOP', '1', '8', 'Performs a sub-loop within the current loop (LOOP TABLE)');INSERT INTO tlsxCmdSyntaxParams VALUES ('BODY WHILE SUB LOOP', '1', '0', 'fieldName', '', 'use the provided sub-body while the value of the record from the first field until fieldName remains the same');INSERT INTO tlsxCmdSyntaxOpts VALUES ('BODY WHILE SUB LOOP', '1', 'LINK', 'text4LinkRows', '', 'Text to be used as link between each two records in the loop. If the option is not specified then the native return is used as link string');
INSERT INTO tlsxCmdSyntaxOpts VALUES ('BODY WHILE SUB LOOP', '1', 'FILTER', 'fieldName, operator, value', '', 'Skip records that does not fit the given condition for the field. If more filter given, skip those record that does not fit any of the filters (OR join)');
INSERT INTO tlsxCmdSyntaxOpts VALUES ('BODY WHILE SUB LOOP', '1', 'BODY', 'subcommand', '', '~Executed on each iteration, note that this is the default option thus the word ~3BODY~3 can be omited');
INSERT INTO tlsxCmdSyntaxOpts VALUES ('BODY WHILE SUB LOOP', '1', 'HEAD', 'subcommand', '', 'Executed (if rows >= 1) before the body execution of the first row. On executing HEAD loop column variables are set to the first row');
INSERT INTO tlsxCmdSyntaxOpts VALUES ('BODY WHILE SUB LOOP', '1', 'TAIL', 'subcommand', '', 'Executed (if rows >= 1) after the body execution of the last row. On executing TAIL there are not loop column variables set');
INSERT INTO tlsxCmdSyntaxOpts VALUES ('BODY WHILE SUB LOOP', '1', 'IF NO RECORD', 'subcommand', '', 'Executed if the table to loop result in 0 rows that is the table is empty.');
/* START PROCESSING ..\..\base\src\listix\cmds\cmdBrowser.java */

INSERT INTO tGastItemDoc VALUES ('BROWSER', 'listix_command', 'system_run', 'listix.cmds.cmdBrowser', '3', 'Opens the given url or html file with the browser', '~~6  Opens the browser~6');
INSERT INTO tGastExamples VALUES ('BROWSER', 'browse local', '~#javaj#~6~6   <frames> oSal~6~6#listix#~6~6   <helloContent>~6       //<html>Hello!</html>~6~6   <main>~6      VAR=, tmphtml, @<:lsx tmp html>~6      GEN, @<tmphtml>, helloContent~6      //generated temporary html file @<tmphtml>~6      //~6      BROWSER, @<tmphtml>~6      //browser launched.~6~6');
INSERT INTO tGastExamples VALUES ('BROWSER', 'browse calcRoute', '~#javaj#~6~6   <frames>~6      main, To google maps, 300~6~6   <layout of main>~6      EVA, 4, 4, 2, 2~6~6         ,             , X~6         , lOrigin     , eOrigin       , bOriginToMap~6         , lDestination, eDestination  , bDestToMap~6         , bRoute~6~6#data#~6~6   <eOrigin>         //48.777641,9.164349~6   <eDestination>    //48.742323,9.309448~6~6   <bOriginToMap> to Map~6   <bDestToMap> to Map~6~6#listix#~6~6   <-- bOriginToMap> LSX, MAPS1, @<eOrigin>~6   <-- bDestToMap>  LSX, MAPS1, @<eDestination>~6   <-- bRoute>~6      LSX, MAPS2, @<eOrigin>, @<eDestination>~6~6   <MAPS1>~6      BROWSER, http://maps.google.de/maps?q=@<p1>&t=m&z=19~6~6   <MAPS2>~6      BROWSER, http://maps.google.de/maps?saddr=@<p1>&daddr=@<p2>&t=m');INSERT INTO tLsxCmdAliases VALUES ('BROWSER', 'LAUNCHBROWSER');
INSERT INTO tLsxCmdAliases VALUES ('BROWSER', 'BROWSER');
INSERT INTO tLsxCmdAliases VALUES ('BROWSER', 'NAVIGATOR');
INSERT INTO tLsxCmdAliases VALUES ('BROWSER', 'NAV');
INSERT INTO tLsxCmdAliases VALUES ('BROWSER', 'WEB');INSERT INTO tlsxCmdSyntaxHead VALUES ('BROWSER', '1', '2', 'Opens the given url or html file with the browser');INSERT INTO tlsxCmdSyntaxParams VALUES ('BROWSER', '1', '0', 'fileName', '', 'filename to open');
/* START PROCESSING ..\..\base\src\listix\cmds\cmdCall.java */

INSERT INTO tGastItemDoc VALUES ('CALL', 'listix_command', 'system_run', 'listix.cmds.cmdCall', '6', 'To call an external program waiting for its termination', '~~6  Calls an external program or system command using the standard output streams (stdout and stderr)~6  and waiting for the termination of the new process.~6~6  WARNING: Avoid, or be very careful, calling critical system commands like file deletion etc.~6           and, in general, call system commands or other executables always with the proper~6           knowledge about them. Specially in this case it is strongly recomendable NOT to~6           practice the try-error approach.~6~6~6  Note that calling system commands is strictly OS dependent, so if you want your script to~6  work properly in all operative systems you may have to make the adecuate checks before~6  perform any call.~6~6~6  ------ Notes for Windows ------~6~6  In order to execute batch files or command line programs (not windows programs) you may use~6  the windows command CMD.exe, for example to call the command ~3dir~3~6~6        CALL, ~3CMD /C dir~3~6~6  Do not forget the option /C, since without it the call would hang and you would have to~6  close the application using the Task Manager.~6~6  A useful commnad in windows is ~3start~3. It opens the system associated application with a~6  given extension, for instance (using LAUNCH instead of CALL)~6~6       LAUNCH, //CMD /C start ~3~3 ~3test.html~3~6~6  see also commands BROWSE and OPEN FILE which are system independent~6~6~6  ------ General Troubleshooting ------~6~6  A very typical issue is using the quotation marks in parameters. In many cases (files and~6  directories) these might be needed, for example supposing a system command accepts a file~6  as parameter, the call~6~6    CALL, //myCommandXY @<myFile1>~6~6  can still work in many cases but it would very probably fail in case the name contained in~6  myFile1 has white spaces (e.g. ~3first file.txt~3), and then this other call~6~6    CALL, //myCommandXY ~3@<myFile1>~3~6~6  could solve the problem. Unfortunatelly there is no golden rule for using quotation marks in~6  system commands or executables, although using them is usually the proper way, for each new~6  command we want to call it has to be checked.~6~6  In other problems it is recomended to get the final call line (with all variables solved)~6  and test it directly into a system shell or DOS window. If the command there fails then~6  the problem is clearly in our call and it can be fixed with more knowledge about the~6  system command or executable.~6~6  In very rare ocassions a call that fails through gastona CALL command will work if executed~6  directly in a DOS window or system shell, in these cases try if the option ~3ON BATCH, 1~3~6  helps.~6~6  With Gastona is also possible to build your own batch file or system script and call it~6  either with CALL or LAUNCH. In problematic cases this technique can also be used.~6~6  For example:~6~6      <myCall>~6          GEN, myBatch.bat, batchBody~6          CALL, //CMD /C myBatch.bat~6~6      <batchBody>~6          //@echo off~6          //dir~6~6 NOTE: In Linux and Mac OS X, might need to perform a previous call to ~3chmod~3~6~6          CALL, //chmod 777 myBatch.bat~6          CALL, //./myBatch.bat');
INSERT INTO tGastExamples VALUES ('CALL', 'calling java', '~#javaj#~6~6   <frames> F, ~3listix command CALL example~3~6~6   <layout of F>~6~6   EVA, 10, 10, 5, 5~6   ---,          ,         , X~6      , bCallJava, bCallDir~6    X , oConsola , -       , -~6~6#listix#~6~6   <-- bCallJava>    CALL, java~6~6   <-- bCallDir>~6     CHECK, LINUX,~6          , ELSE, CALL, //CMD /C dir~6     CALL, //ls -la~6');INSERT INTO tlsxCmdSyntaxHead VALUES ('CALL', '1', '6', '~Executes a command through Runtime~4s exec method using defaults output streams');INSERT INTO tlsxCmdSyntaxParams VALUES ('CALL', '1', '0', 'command', '', 'System command or program to call');
INSERT INTO tlsxCmdSyntaxParams VALUES ('CALL', '1', '1', '...', '', 'further parameters might be given in separate columns, although it is also possible to write them all together within a single line');INSERT INTO tlsxCmdSyntaxOpts VALUES ('CALL', '1', 'ON BATCH', '1 / 0', '0', 'If true (1) executes the command using a batch file or a shell script in linux. Note in Windows it might be necessary in some special cases due to a bug in the java function Runtime.getRuntime().exec (I guess)');
INSERT INTO tlsxCmdSyntaxOpts VALUES ('CALL', '1', 'VERBOSE', '0 / 1/ 2', '0', '~If 1 prints out the command at the beginning (~3CALL [command]~3)');
INSERT INTO tlsxCmdSyntaxOpts VALUES ('CALL', '1', '*CONSOLE', '1 / 0', '0', 'If true (1) a special command console is shown ...');
INSERT INTO tlsxCmdSyntaxOpts VALUES ('CALL', '1', '*PROMPT', '1 / 0', '0', 'If true (1) prompts through a dialog for the execution of the command');
INSERT INTO tlsxCmdSyntaxOpts VALUES ('CALL', '1', '*TIME', '1 / 0', '0', 'If true (1) prints out a string with the consuming time of the command.');
/* START PROCESSING ..\..\base\src\listix\cmds\cmdCallCapture.java */

INSERT INTO tGastItemDoc VALUES ('CALL CAPTURE', 'listix_command', 'system_run', 'listix.cmds.cmdCallCapture', '3', 'To call a process using streams stdin, stdout and stderr', '~~6  Call a process providing a stdin content and captuting the stdout~6~6    CALL CAPTURE, binaryPath, inputContent~6                , FILE ERROR, :mem problems~6');
INSERT INTO tGastExamples VALUES ('CALL CAPTURE', 'calling dir', '~#javaj#~6~6   <frames> main~6~6   <layout of main>~6       EVA, 10, 10, 5, 5~6~6          , X~6          , lOutput~6        X , xOut~6        X , oConsole~6~6#listix#~6~6   <main>~6      CALL CAPTURE, @<:mutool sqlite>, .help~6                  , FILE OUT, :mem salida~6      -->, xOut load, :mem salida~6');INSERT INTO tLsxCmdAliases VALUES ('CALL CAPTURE', 'CALL IO');
INSERT INTO tLsxCmdAliases VALUES ('CALL CAPTURE', 'CALL CAP');
INSERT INTO tLsxCmdAliases VALUES ('CALL CAPTURE', 'CALL CAPTURE');INSERT INTO tlsxCmdSyntaxHead VALUES ('CALL CAPTURE', '1', '2', '~Executes the process ~4binaryPath~4 streaming ~4inputContent~4 as stdin and capturing the stdout (into default listix target)');INSERT INTO tlsxCmdSyntaxParams VALUES ('CALL CAPTURE', '1', '0', 'binaryPath', '', 'path of the binary to execute');
INSERT INTO tlsxCmdSyntaxParams VALUES ('CALL CAPTURE', '1', '1', 'inputContent', '', 'String containg the input to the process');INSERT INTO tlsxCmdSyntaxOpts VALUES ('CALL CAPTURE', '1', 'FILE IN', 'fileName', '', 'Filename containing input to the process (stdin)');
INSERT INTO tlsxCmdSyntaxOpts VALUES ('CALL CAPTURE', '1', 'FILE OUT', 'fileName', '', 'Filename containing output of the process (stdout)');
INSERT INTO tlsxCmdSyntaxOpts VALUES ('CALL CAPTURE', '1', 'FILE ERR', 'fileName', '', 'Filename containing errors of the process (stderr)');
/* START PROCESSING ..\..\base\src\listix\cmds\CmdCallMensaka.java */

INSERT INTO tGastItemDoc VALUES ('MENSAKA', 'listix_command', 'lang_comm', 'listix.cmds.CmdCallMensaka', '5', 'Sending messages to widgets and other listeners', '~~6 Sends a Mensaka message. Mensaka is the message mechanism that is used Gastona and it is the~6 base of the communication with widgets (Javaj zWidgets). A Mensaka message consits of a text~6 which is the key of the message and a packet of data (an EvaUnit object). In Gastona~6 applications this packet is always the unit #data#, so usually we will refer to a message~6 just as the text associated to it.~6~6 Listix can listen to messages through the special format <-- messageText>, that when the~6 message (e.g. messageText) is received then the listix format is executed.~6~6 Messages are used mainly by zWidgtets, they send messages on user reaction and receive~6 actions that chage its states (e.g. load new data) also in messages. But there are also~6 other components that receive messages like javaj, for example the message ~3javaj doExit~3~6 will close the application. Also it is possible to send a message from listix and receive it~6 in a listix format, this can be useful in some scenarios.~6~6');
INSERT INTO tGastExamples VALUES ('MENSAKA', 'simple message', '~#javaj#~6~6    <frames> oConsole, ~3Simple message sample~3~6~6#listix#~6~6    <main0>~6       //sending ~3message in a bottle~3 message...~6       MSG, message in a bottle~6~6    <-- message in a bottle>~6       //I am a rock!');
INSERT INTO tGastExamples VALUES ('MENSAKA', 'messages sample', '~#javaj#~6~6   <frames> Fmain, Message example, 350~6~6   <layout of Fmain>~6       EVA, 10, 10, 5, 5~6~6     ---,         ,    X~6        , bSend   , eMsgText~6        , bExit~6      X , oConsola, -~6~6#listix#~6~6   <main0>~6       //Enter one message INI or FIN and press Send button~6       //~6~6   <-- bSend>~7MSG, @<eMsgText>~6   <-- bExit>   MSG, javaj doExit~6~6   <-- eMsgText>~6       //you enter ~3@<eMsgText>~3, now press Send~6       //~6~6   <-- INI>~6       //Received the message ~3INI~3, starting something ...~6       //~6~6   <-- FIN>~6       //Received the message ~3FIN~3, closing sample ...~6       //~6       WAIT, 2000~6       MSG, javaj doExit');INSERT INTO tLsxCmdAliases VALUES ('MENSAKA', '-->');
INSERT INTO tLsxCmdAliases VALUES ('MENSAKA', 'MESSAGE');
INSERT INTO tLsxCmdAliases VALUES ('MENSAKA', 'MSG');
INSERT INTO tLsxCmdAliases VALUES ('MENSAKA', 'MSK');
INSERT INTO tLsxCmdAliases VALUES ('MENSAKA', 'SEND');INSERT INTO tlsxCmdSyntaxHead VALUES ('MENSAKA', '1', '5', '~Sends the given message ~4messageContent~4 using mensaka mechanism using as packet the current listix data');INSERT INTO tlsxCmdSyntaxParams VALUES ('MENSAKA', '1', '0', 'messageContent', '', 'Mensaka message to be sent');
/* START PROCESSING ..\..\base\src\listix\cmds\cmdCGate.java */

INSERT INTO tGastItemDoc VALUES ('CGATE', 'listix_command', 'system_run', 'listix.cmds.cmdCGate', '3', 'JNI caller', '~~6 Uses JNI. It loads the library ~3cgate~3 and calls its predefined method callCevaUnitSerial.~6 The native library itself is not part of gastona and it has to be found in an accessible file~6 like cgate.dll for Windows or libcgate.so for linux based systems.~6~6 The function callCevaUnitSerial accepts an string and returns another strihg which is~6 send to the current listix target (e.g. default console), in C the jni signature looks like:~6~6    JNIEXPORT jstring JNICALL Java_listix_cmds_cgate_callCevaUnitSerial(JNIEnv *env, jobject thisObj, jstring inJNIStr)~6~6 For complex functionalities it is enough to encode the input and output strings the information~6 using EvaUnit, JSON or even XML if desired. In the native part this formats has to be supported while~6 on the gastona side is enough to use the JNI call to generate a file (i.e. a memory file ~3:mem xxx~3) and then parse it~6 using the command LOAD, JSON or XMELON depending on the format chosen.~6');
INSERT INTO tGastExamples VALUES ('CGATE', 'cgateSample1', '~#javaj#~6~6   <frames> oFmain, Sample calling C++ through cgate~6~6#listix#~6~6    <main>~6       CGATE, CALL~6            ,, //  <var1> my value~6            ,, //  <table1>~6            ,, //      id, name, tel~6            ,, //      22, Gema, 00912312~6            ,, //      42, Nila, 88717122');INSERT INTO tLsxCmdAliases VALUES ('CGATE', 'CGATE');
INSERT INTO tLsxCmdAliases VALUES ('CGATE', 'CPPGATE');
INSERT INTO tLsxCmdAliases VALUES ('CGATE', 'C++GATE');INSERT INTO tlsxCmdSyntaxHead VALUES ('CGATE', '1', '3', 'Calls the method callCevaUnitSerial from the library cgate which has to be available at cgate.dll or libcgate.so');INSERT INTO tlsxCmdSyntaxParams VALUES ('CGATE', '1', '0', 'CALL', '', '');
INSERT INTO tlsxCmdSyntaxParams VALUES ('CGATE', '1', '1', '[ body ]', 'The body or its first line', '');INSERT INTO tlsxCmdSyntaxOpts VALUES ('CGATE', '1', 'BODY', 'text', '0', 'Is also the default option, add the text to the body');
/* START PROCESSING ..\..\base\src\listix\cmds\cmdCheck.java */

INSERT INTO tGastItemDoc VALUES ('CHECK', 'listix_command', 'lang_flow', 'listix.cmds.cmdCheck', '3', 'For ensure some condition', '~~6 Checks some condition (e.g. existence of a file) and only if the condition is met continues~6 the execution of the the current format, otherwise optionally a command might be invoqued~6 (elseSubCommand).~6');
INSERT INTO tGastExamples VALUES ('CHECK', 'test check', '~#javaj#~6~6   <frames> F, ~3example check~3~6~6   <layout of F>~6~6      EVA, 10, 10, 5, 5~6      ---,  X~6       X , oConsola~6~6#listix#~6~6   <main0>~6      @<chk1>~6      //~6      @<chk2>~6      //~6      @<chk3>~6      //~6      @<chk4>~6      //~6      @<chk5>~6      //~6~6   <chk1>~6      CHECK, VAR, main0, //Not Ok!, VAR, main is False ??~6      //Ok, variable main checked!~6~6   <chk2>~6      CHECK, VAR, main2, //Ok, variable main2 not checked!~6      //Not Ok! CHECK, VAR, main2 is True ??~6~6   <chk3>~6      CHECK, FILE, gastona/gastona.class~6           , ELSE, //Ok, gastona/gastona.class not found as file.~6      //Strange!, gastona/gastona.class is found as file (?)~6~6   <chk4>~6      CHECK, RFILE, gastona/gastona.class~6           , ELSE , //FAIL! gastona/gastona.class should be found as read file!~6      //Ok, gastona/gastona.class checked as read file~6~6   <chk5>~6      CHECK, LINUX, //Operative system seems to be Windows~6      //Operative system seems to be Linux~6~6   <chk6>~6      CHECK, ANDROID, //Running NOT on an Android device~6      //Running on an Android device~6');INSERT INTO tLsxCmdAliases VALUES ('CHECK', 'REQUIRED');INSERT INTO tlsxCmdSyntaxHead VALUES ('CHECK', '1', '3', 'Checks the existence of an Eva variable');
INSERT INTO tlsxCmdSyntaxHead VALUES ('CHECK', '2', '3', 'Checks the existence of a System Property');
INSERT INTO tlsxCmdSyntaxHead VALUES ('CHECK', '3', '3', 'Checks the existence of a file in the given path');
INSERT INTO tlsxCmdSyntaxHead VALUES ('CHECK', '4', '3', 'Checks the existence of a file for read access, first in the given path, if not found there in the java classpath');
INSERT INTO tlsxCmdSyntaxHead VALUES ('CHECK', '5', '3', 'Checks the existence of a directory');
INSERT INTO tlsxCmdSyntaxHead VALUES ('CHECK', '6', '3', 'Checks a single string comparation between to values');
INSERT INTO tlsxCmdSyntaxHead VALUES ('CHECK', '7', '3', '~Checks if the current operative system ~3seems~3 to be linux (indeed only checks if the file separator is ~4/~4)');
INSERT INTO tlsxCmdSyntaxHead VALUES ('CHECK', '8', '3', '~Checks if the given ~4EvaUnitName~4 can be loaded from the file ~4fileName~4');
INSERT INTO tlsxCmdSyntaxHead VALUES ('CHECK', '9', '3', 'Checks a numeric expression or formula');INSERT INTO tlsxCmdSyntaxParams VALUES ('CHECK', '1', '0', 'VAR', '', '');
INSERT INTO tlsxCmdSyntaxParams VALUES ('CHECK', '1', '1', 'evaName', '', 'Name of the variable to be checked.');
INSERT INTO tlsxCmdSyntaxParams VALUES ('CHECK', '1', '2', 'elseSubCommand', '', 'If the check does not success, the given subcommand will be executed');
INSERT INTO tlsxCmdSyntaxParams VALUES ('CHECK', '2', '3', 'PROP', '', '');
INSERT INTO tlsxCmdSyntaxParams VALUES ('CHECK', '2', '4', 'propertyName', '', 'Name of system property to be checked.');
INSERT INTO tlsxCmdSyntaxParams VALUES ('CHECK', '2', '5', 'elseSubCommand', '', 'If the check does not success, the given subcommand will be executed');
INSERT INTO tlsxCmdSyntaxParams VALUES ('CHECK', '3', '6', 'FILE', '', '');
INSERT INTO tlsxCmdSyntaxParams VALUES ('CHECK', '3', '7', 'path', '', 'Path of the file to be checked');
INSERT INTO tlsxCmdSyntaxParams VALUES ('CHECK', '3', '8', 'elseSubCommand', '', 'If the check does not success, the given subcommand will be executed');
INSERT INTO tlsxCmdSyntaxParams VALUES ('CHECK', '4', '9', 'RFILE', '', '');
INSERT INTO tlsxCmdSyntaxParams VALUES ('CHECK', '4', '10', 'path', '', 'Path of the file be checked');
INSERT INTO tlsxCmdSyntaxParams VALUES ('CHECK', '4', '11', 'elseSubCommand', '', 'If the check does not success, the given subcommand will be executed');
INSERT INTO tlsxCmdSyntaxParams VALUES ('CHECK', '5', '12', 'DIR', '', '');
INSERT INTO tlsxCmdSyntaxParams VALUES ('CHECK', '5', '13', 'path', '', 'Path of the directory be checked');
INSERT INTO tlsxCmdSyntaxParams VALUES ('CHECK', '5', '14', 'elseSubCommand', '', 'If the check does not success, the given subcommand will be executed');
INSERT INTO tlsxCmdSyntaxParams VALUES ('CHECK', '6', '15', '=  <  >  <>  <=  >=', '', 'String comparation for the following values (valueA operation valueB)');
INSERT INTO tlsxCmdSyntaxParams VALUES ('CHECK', '6', '16', 'valueA', '', 'first value for the comparation');
INSERT INTO tlsxCmdSyntaxParams VALUES ('CHECK', '6', '17', 'valueB', '', 'second value for the comparation');
INSERT INTO tlsxCmdSyntaxParams VALUES ('CHECK', '6', '18', 'elseSubCommand', '', 'If the check does not success, the given subcommand will be executed');
INSERT INTO tlsxCmdSyntaxParams VALUES ('CHECK', '7', '19', 'LINUX', '', '');
INSERT INTO tlsxCmdSyntaxParams VALUES ('CHECK', '7', '20', 'elseSubCommand', '', 'If the operative system seems to be Windows, the given subcommand will be executed');
INSERT INTO tlsxCmdSyntaxParams VALUES ('CHECK', '8', '21', 'LOAD UNIT', '', '');
INSERT INTO tlsxCmdSyntaxParams VALUES ('CHECK', '8', '22', 'fileName', '', '~File where the unit ~4EvaUnitName~4 is to be found');
INSERT INTO tlsxCmdSyntaxParams VALUES ('CHECK', '8', '23', 'EvaUnitName', '', 'Eva unit name to be checked');
INSERT INTO tlsxCmdSyntaxParams VALUES ('CHECK', '9', '24', 'NUMEXPR', '', '');
INSERT INTO tlsxCmdSyntaxParams VALUES ('CHECK', '9', '25', 'numericExpression', '', 'Numeric expression or formula, if the result is different from 0 the check succeds. Note that comparation opetators =, <, <= etc can be used in the numeric expression as well, but be careful using operator = in floating formulas, since for example 1.0 != 0.9999999999..');
INSERT INTO tlsxCmdSyntaxParams VALUES ('CHECK', '10', '26', 'ANDROID', '', '');
INSERT INTO tlsxCmdSyntaxParams VALUES ('CHECK', '10', '27', 'elseSubCommand', '', 'If the target system seems to be not android (e.g. gastona.jar), the given subcommand will be executed');INSERT INTO tlsxCmdSyntaxOpts VALUES ('CHECK', 'x', 'ELSE', 'sub-command', '0', 'Aditionally to the else-sub-command in arguments other sub-command may be given using this option. It may ocuppy more than one line but option ELSE is mandatory in all lines.');
INSERT INTO tlsxCmdSyntaxOpts VALUES ('CHECK', 'x', 'CONINUE', '0 / 1', '0', 'Even if the check does not success it is possible to force continuing with the format if this option is set to 1');
/* START PROCESSING ..\..\base\src\listix\cmds\cmdDatabase.java */

INSERT INTO tGastItemDoc VALUES ('DATABASE', 'listix_command', 'data_db', 'listix.cmds.cmdDatabase', '7', 'Working with intern sqlite database', '~~6 To create and poblate database tables from Eva variables (Eva tables) or to execute~6 any sql statement sequence. The underlaying database engine of Listix is sqlite~6 (visit www.sqlite.org and try http://www.sqlite.org/lang.html for a SQL syntax online help).~6 In this engine a database is simply an ordinary file (any extension may be used) that can~6 hold multiple tables and views.~6~6 Creating tables from Eva variables:~6 -----------------------------------~6~6    It is a convenient way of creating tables if we have the data in some variable. For example:~6~6       <myTable>~6             id, name       , desc~6             01, Gastona    , Aplications in few lines~6             02, Javaj      , GUI on the fly~6~6       <main>~6          DATABASE, myDB.db, CREATE TABLE, myTable~6~6    Adding data is also simple. Text values with multiple lines can be formed~6    using a separate variable~6~6~6          ...~6          DATABASE, myDB.db, ADD TO TABLE, myTable, moreValues~6~6       <moreValues>~6             id, name       , desc~6             03, Listix     , @<listix desc>~6             04, Mesnaka    , An eficient messanger~6~6       <listix desc>~6             //This is the story of listix:~6             //Once upon a time ...~6             //etc..~6~6 Using freely SQL statments:~6 -----------------------------------~6~6    We might also create tables using directly SQL statments. This may be done~6    in a simple way as well~6~6          DATABASE, myDB.db, EXECUTE, //CREATE TABLE myTable (id, name, desc);~6~6    or specifying more details if the application requires it~6~6       <main>~6          DATABASE, myDB.db, EXECUTE, @<create all>~6~6       <create all>~6          //CREATE TABLE myTable2~6          //       (id INTEGER PRIMARY KEY,~6          //        name,~6          //        desc);~6          //~6          //CREATE INDEX ind1 ON myTable2 (name);~6~6    In general any SQL sequence can be performed using ~3DATABASE,,EXECUTE~3. In addition~6    writing sql statements with listix, where the use of variables, formats and all listix~6    commands is possible, is pretty like having stored procedures. For example, we can use~6    variables in a query like in~6~6       <theTable> myTable~6       <date1> 2009-01~6       <date2> 2009-02~6~6       <xyz>~6          LOOP, SQL, myDB.db, @<query>~6          ...~6~6       <query>~6          //SELECT *~6          //    FROM @<theTable>~6          //    WHERE date >= ~4@<date1>~4 AND date <= ~4@<date2>~4;~6~6~6       or make it more general using parameters (command LISTIX)~6~6       <query>~6          LISTIX, select between dates, myTable, 2009-01, 2009-06~6~6       <select between dates>~6          //SELECT *~6          //    FROM @<p1>~6          //    WHERE date >= ~4@<p2>~4 AND date <= ~4@<p3>~4;~6');
INSERT INTO tGastExamples VALUES ('DATABASE', 'creating a table', '~#javaj#~6~6   <frames>~6       oConsole, ~3listix command DATABASE example~3, 200, 300~6~6#data#~6~6    <myData>~6       id   , name~6~6       010  , Gastona~6       020  , Javaj~6       021  , zWidgets~6       030  , Listix~6       031  , Commands~6       040  , Mensaka~6       050  , Parsons~6       060  , XMeLon~6~6~6#listix#~6~6   <main>~6      //Creating the table ...~6      DATABASE, , CREATE TABLE, myData~6      //done.~6      //Viewing the table ...~6      //~6      LOOP, SQL, , //SELECT name FROM myData ORDER BY name DESC~6          ,, @<name>~6      //~6      //~6      //done.~6');INSERT INTO tLsxCmdAliases VALUES ('DATABASE', 'DB');
INSERT INTO tLsxCmdAliases VALUES ('DATABASE', 'BASEDATOS');INSERT INTO tlsxCmdSyntaxHead VALUES ('DATABASE', '1', '7', '~Creates the table ~4tableName~4 from the eva variable ~4evaData~4, if not given ~4evaData~4 then ~4tableName~4 will be used as Eva name');
INSERT INTO tlsxCmdSyntaxHead VALUES ('DATABASE', '2', '7', '~Add values to the table ~4tableName~4 from the eva variable ~4evaData~4, if not given ~4evaData~4 then ~4tableName~4 will be used as Eva name');
INSERT INTO tlsxCmdSyntaxHead VALUES ('DATABASE', '3', '5', '~Executes the query sqlQuery on the sqlite database ~4sqliteDBName~4.');
INSERT INTO tlsxCmdSyntaxHead VALUES ('DATABASE', '4', '3', 'Extracts the schema of the database (only table structure) into an Eva variable (table) with the columns (id, tabType, tableName, columnCid, columnName, columnType, not_null, def_value, pk)');
INSERT INTO tlsxCmdSyntaxHead VALUES ('DATABASE', '5', '5', 'Erases all tables, indexes and triggers in the database still keeping the file.');
INSERT INTO tlsxCmdSyntaxHead VALUES ('DATABASE', '6', '6', 'Rebuilds the entire database. See sqlite documentation');INSERT INTO tlsxCmdSyntaxParams VALUES ('DATABASE', '1', '0', 'sqliteDBName', 'default db', 'Database name (a file name)');
INSERT INTO tlsxCmdSyntaxParams VALUES ('DATABASE', '1', '1', 'CREATE (TABLE)', '', '');
INSERT INTO tlsxCmdSyntaxParams VALUES ('DATABASE', '1', '2', 'tableName', '', 'Table name to be created or to add records to');
INSERT INTO tlsxCmdSyntaxParams VALUES ('DATABASE', '1', '3', 'evaData', 'same as tableName', '~Variable Eva containing the column names and the data to insert into ~4tableName~4, if not given it is suposed to be the same as ~4tableName~4');
INSERT INTO tlsxCmdSyntaxParams VALUES ('DATABASE', '2', '4', 'sqliteDBName', 'default db', 'Database name (a file name)');
INSERT INTO tlsxCmdSyntaxParams VALUES ('DATABASE', '2', '5', 'ADD (TO TABLE)', '', '');
INSERT INTO tlsxCmdSyntaxParams VALUES ('DATABASE', '2', '6', 'tableName', '', 'Table name to be created or to add records to');
INSERT INTO tlsxCmdSyntaxParams VALUES ('DATABASE', '2', '7', 'evaData', 'same as tableName', '~Variable Eva containing the column names and the data to insert into ~4tableName~4, if not given it is suposed to be the same as ~4tableName~4');
INSERT INTO tlsxCmdSyntaxParams VALUES ('DATABASE', '3', '8', 'sqliteDBName', 'default db', 'Database name (a file name)');
INSERT INTO tlsxCmdSyntaxParams VALUES ('DATABASE', '3', '9', 'EXECUTE', '', '');
INSERT INTO tlsxCmdSyntaxParams VALUES ('DATABASE', '3', '10', 'sqlQuery', '', 'SQL query to be executed');
INSERT INTO tlsxCmdSyntaxParams VALUES ('DATABASE', '4', '11', 'sqliteDBName', 'default db', 'Database name (a file name)');
INSERT INTO tlsxCmdSyntaxParams VALUES ('DATABASE', '4', '12', 'SCHEMA', '', '');
INSERT INTO tlsxCmdSyntaxParams VALUES ('DATABASE', '4', '13', 'evaData', '', 'Eva variable name where to put the resultant schema (table of tabtype, name, cid, )');
INSERT INTO tlsxCmdSyntaxParams VALUES ('DATABASE', '5', '14', 'sqliteDBName', 'default db', 'Database name (a file name)');
INSERT INTO tlsxCmdSyntaxParams VALUES ('DATABASE', '5', '15', 'DROP ALL', '', '');
INSERT INTO tlsxCmdSyntaxParams VALUES ('DATABASE', '6', '16', 'sqliteDBName', 'default db', 'Database name (a file name)');
INSERT INTO tlsxCmdSyntaxParams VALUES ('DATABASE', '6', '17', 'VACUUM', '', '');INSERT INTO tlsxCmdSyntaxOpts VALUES ('DATABASE', '1', 'CLEAN (PREVIOUS DATA)', '1 / 0', '0', 'If true (1) removes previous data if exists');
INSERT INTO tlsxCmdSyntaxOpts VALUES ('DATABASE', '1', 'SOLVE LSX', '1 / 0', '1', 'If false (0) the values found in the source Eva will be insterted without any listix resolve (variables @<..>) at all');
INSERT INTO tlsxCmdSyntaxOpts VALUES ('DATABASE', '2', 'SOLVE LSX', '1 / 0', '1', 'If false (0) the values found in the source Eva will be insterted without any listix resolve (variables @<..>) at all');
INSERT INTO tlsxCmdSyntaxOpts VALUES ('DATABASE', '3', 'TRANSACTION', '1 / 0', '1', 'If false (0) the block with be executed without sqlite transactions (see sqlite transaction). Note : this option has no effect if option FROMFILE is given');
INSERT INTO tlsxCmdSyntaxOpts VALUES ('DATABASE', '3', 'FROM FILE', 'fileNameWithSQLScript', '', 'If specified a filename this will be used by sqlite instead of any given query. Note that the file should contain the sqlite commands BEGIN TRANSACTION; END; for a fast execution');
INSERT INTO tlsxCmdSyntaxOpts VALUES ('DATABASE', '3', 'OUTPUT TO FILE', 'outputFile', '', 'File to print out the output of the execute command (sqlite output)');
INSERT INTO tlsxCmdSyntaxOpts VALUES ('DATABASE', '3', 'ERRORS TO FILE', 'errOutputFile', '', 'File to print out the error output of the execute command (sqlite errors). Note: it is still possible that some errors are printed out into the output file instead of the error file (due to the use of sqlite of the stdout and stderr streams)');
INSERT INTO tlsxCmdSyntaxOpts VALUES ('DATABASE', '5', 'OUTPUT TO FILE', 'outputFile', '', 'File to print out the output of the execute command (sqlite output)');
INSERT INTO tlsxCmdSyntaxOpts VALUES ('DATABASE', '5', 'ERRORS TO FILE', 'errOutputFile', '', 'File to print out the error output of the execute command (sqlite errors). Note: it is still possible that some errors are printed out into the output file instead of the error file (due to the use of sqlite of the stdout and stderr streams)');
INSERT INTO tlsxCmdSyntaxOpts VALUES ('DATABASE', '6', 'OUTPUT TO FILE', 'outputFile', '', 'File to print out the output of the execute command (sqlite output)');
INSERT INTO tlsxCmdSyntaxOpts VALUES ('DATABASE', '6', 'ERRORS TO FILE', 'errOutputFile', '', 'File to print out the error output of the execute command (sqlite errors). Note: it is still possible that some errors are printed out into the output file instead of the error file (due to the use of sqlite of the stdout and stderr streams)');
/* START PROCESSING ..\..\base\src\listix\cmds\cmdDatabaseConfig.java */

INSERT INTO tGastItemDoc VALUES ('DATABASE CONFIG', 'listix_command', 'data_db', 'listix.cmds.cmdDatabaseConfig', '7', 'Defines the default database as well as all attached databases in each db operation performed either from listix commands or javaj widgets', '~~6 Defines the default database as well as all attached databases in each db operation~6 performed either from listix commands or javaj widgets.~6~6 ==== DEFAULT DATABASE~6~6 Usually every command or operation related with database has a parameter called dbName~6 to specify the database name, actually the physical sqlite file name to operate with.~6 If this is omitted then a default database is used, this can be set with the command~6 ~3DB CONFIG, DEFAULT, dbname~3. Even if no used the command DB CONFIG, DEFAULT it do exists~6 a default database which is a temporal database created once per gastona session.~6 So a script that do not specify any dbName in its sql operations and also has not defined~6 ~3DB CONFIG, DEFAULT, dbname~3 will work with this database. Also a call to ~3DB CONFIG, DEFAULT~3~6 without parameter or specifying an empty string sets this special database as default again.~6~6      DB CONFIG, DEFAULT, myDB.db~6      // now all operations that not specify dbName or specify dbName as empty string will be~6      // performed against myDB.db~6      DB CONFIG, DEFAULT,~6      // now the original default database, temporal and unique per session, is restored as default~6~6 The real database name of the temporary - once per session - database is stored in the variable~6    @<:sys gastona.sessionTmpDB>~6 and the current default db name in~6    @<:sys gastona.defaultDB>~6~6 ==== ATTACHING DATABASES AND CREATING TEMPORAL DATABASES~6~6  It is possible as well attaching databases for all sql operations using DB CONFIG command. This makes~6  the same as the command ~3ATTACH DATABASE~3 in sqlite~6~6    DB CONFIG, DEFAULT, myDB.db~6             , ALIAS, second, myDB2.db~6             , ALIAS, third , myDB3.db~6             , ALIAS, auxiliar, @<:lsx tmp db>~6~6  this command will perform [ATTACH DATABASE ~4myDB2.db~4 AS second] etc .. before each operation with sqlite.~6  Note that it is not possible to take advantage from sqlite native temporary tables (sqlite CREATE TEMP TABLE ..),~6  this is because on each operation with sqlite dbs all databases are finally closed, therefore such a~6  temporary table would persist only during one call.~6  Instead it is possible to create and attach temporary databases as is done in the example with the alias ~3auxiliar~3.~6~6 ==== SETTING THE ENCODE MODEL SCHEMA~6~6 To allow multi line text in fields as well as special characters a encoding schema is used. Per default an intern~6 simple schema is used. It can be changed to standards like ~3UTF-8~3 or ~3ISO-8859-1~3 using the command DATABASE CONFIG, ENCODING.~6');
INSERT INTO tGastExamples VALUES ('DATABASE CONFIG', 'configuring db names', '~#javaj#~6~6   <frames>~6       main, ~3Configuring db names~3, 200, 300~6~6   <layout of main>~6       EVA, 10, 10, 2, 2~6          , X~6          , rgDBchoose~6        X , tVista~6        X , oSalida~6~6#data#~6~6  <rgDBchoose orientation> X~6  <rgDBchoose>~6       label, sql~6~6       default, //SELECT * FROM content;~6       temp 1 , //SELECT * FROM t1.content;~6       temp 2 , //SELECT * FROM t2.content;~6~6#listix#~6~6   <main>~6      VAR=, tmp1, @<:lsx tmp db>~6      VAR=, tmp2, @<:lsx tmp db>~6~6      DB,        , EXECUTE, ~3CREATE TABLE content (desc text); INSERT INTO content VALUES (~3default session db~3);~6      DB, @<tmp1>, EXECUTE, ~3CREATE TABLE content (desc text); INSERT INTO content VALUES (~3temporary db 1~3);~6      DB, @<tmp2>, EXECUTE, ~3CREATE TABLE content (desc text); INSERT INTO content VALUES (~3temporary db 2~3);~6~6      DB CONFIGURE, ALIAS, t1, @<tmp1>~6                  , ALIAS, t2, @<tmp1>~6~6   <-- rgDBchoose>~6       CHECK, VAR, rgDBchoose selected.sql~6       -->, tVista data!, sqlSelect, @<rgDBchoose selected.sql>~6');INSERT INTO tLsxCmdAliases VALUES ('DATABASE CONFIG', 'DATABASE CONFIGURE');
INSERT INTO tLsxCmdAliases VALUES ('DATABASE CONFIG', 'DATABASE CONFIG');
INSERT INTO tLsxCmdAliases VALUES ('DATABASE CONFIG', 'DB CONFIGURE');
INSERT INTO tLsxCmdAliases VALUES ('DATABASE CONFIG', 'DB CONFIG');INSERT INTO tlsxCmdSyntaxHead VALUES ('DATABASE CONFIG', '1', '5', 'Sets the default database to be used in all following sql operations which do not specify dbName or specify empty string dbName');
INSERT INTO tlsxCmdSyntaxHead VALUES ('DATABASE CONFIG', '2', '5', 'Defines alias and attached database to be used in all following sql operations');
INSERT INTO tlsxCmdSyntaxHead VALUES ('DATABASE CONFIG', '3', '5', 'Encode model schema to be used with the data');INSERT INTO tlsxCmdSyntaxParams VALUES ('DATABASE CONFIG', '1', '0', 'DEFAULT', '', '');
INSERT INTO tlsxCmdSyntaxParams VALUES ('DATABASE CONFIG', '1', '1', 'dbName', '', 'Database name (a file name) or empty string in order to use the gastona session temporary database');
INSERT INTO tlsxCmdSyntaxParams VALUES ('DATABASE CONFIG', '2', '2', 'ALIAS', '', '');
INSERT INTO tlsxCmdSyntaxParams VALUES ('DATABASE CONFIG', '2', '3', 'aliasName', '', 'Table name to be created or to add records to');
INSERT INTO tlsxCmdSyntaxParams VALUES ('DATABASE CONFIG', '2', '4', 'dbName', '', 'physical database name for the alias');
INSERT INTO tlsxCmdSyntaxParams VALUES ('DATABASE CONFIG', '3', '5', 'ENCODE', '', '');
INSERT INTO tlsxCmdSyntaxParams VALUES ('DATABASE CONFIG', '3', '6', 'encodeSchema', '', 'For example UTF-8 or ISO-8859-1. If not given then the intern schema is used');INSERT INTO tlsxCmdSyntaxOpts VALUES ('DATABASE CONFIG', 'x', 'ALIAS', 'aliasName, dbName', '', 'Defines alias and attached database to be used in all following sql operations');
/* START PROCESSING ..\..\base\src\listix\cmds\cmdDBMore.java */

INSERT INTO tGastItemDoc VALUES ('DBMORE', 'listix_command', 'data_db', 'listix.cmds.cmdDBMore', '7', 'Enhancing working with databases', '~~6 This is very new! no docu yet~6');
INSERT INTO tGastExamples VALUES ('DBMORE', 'DBMore example', '~#javaj#~6~6   <frames>~6       oConsole, ~3listix command DATABASE example~3, 200, 300~6~6#data#~6~6   <connections>~6      <! linkName, sourceTable  , sourceKey  , targetTable, targetKey~6~6      pare    , tabPersona   , pareid     , tabPersona , id~6      mare    , tabPersona   , mareid     , tabPersona , id~6      perso   , tabNota      , persoId    , tabPersona , id~6~6~6   <fields>~6      <! column~6~6      tabNota noteId~6      tabNota date~6      tabNota perso name~6      tabNota perso pare name~6      tabNota perso mare name~6      tabNota text~6~6#listix#~6~6   <main0>~6      DBMORE, TO SQL, fields~6            , VAR CONNECTIONS, connections~6');INSERT INTO tLsxCmdAliases VALUES ('DBMORE', 'DBMORE');
INSERT INTO tLsxCmdAliases VALUES ('DBMORE', 'DBMAS');INSERT INTO tlsxCmdSyntaxHead VALUES ('DBMORE', '1', '3', '~Build an select sql from a list of ~3deep~3 columns using table connections');
INSERT INTO tlsxCmdSyntaxHead VALUES ('DBMORE', '2', '3', 'Load stored connections from a database (from the table __dbMore_connections)');
INSERT INTO tlsxCmdSyntaxHead VALUES ('DBMORE', '3', '3', 'Save a list of connections in a database (into the table __dbMore_connections)');
INSERT INTO tlsxCmdSyntaxHead VALUES ('DBMORE', '4', '3', 'Returns a list of all possible deep columns from databse or from a specific table');INSERT INTO tlsxCmdSyntaxParams VALUES ('DBMORE', '1', '0', 'DEEP TO SQL', '', '');
INSERT INTO tlsxCmdSyntaxParams VALUES ('DBMORE', '1', '1', 'EvaDeepColList', '', '~Eva variable containing the ~3deep column list~3 (e.g. ~3tableBase conn1 conn2 name~3)');
INSERT INTO tlsxCmdSyntaxParams VALUES ('DBMORE', '1', '2', 'baseTable', '', '~If given the ~3deep~3 columns are expected starting either with a connection or with the final colum name (e.g. ~3conn1 conn2 name~3)');
INSERT INTO tlsxCmdSyntaxParams VALUES ('DBMORE', '1', '3', 'aliasBaseTable', '', 'If given it is used as alias for the first table');
INSERT INTO tlsxCmdSyntaxParams VALUES ('DBMORE', '2', '4', 'LOAD CONNECTIONS', '', '');
INSERT INTO tlsxCmdSyntaxParams VALUES ('DBMORE', '2', '5', 'dbName', '', 'Database from where the connections has to be loaded');
INSERT INTO tlsxCmdSyntaxParams VALUES ('DBMORE', '2', '6', 'EvaConnectionList', '', 'Eva name of the variable target');
INSERT INTO tlsxCmdSyntaxParams VALUES ('DBMORE', '2', '7', 'withHeader', '0', 'If 1 column names will also retrieved (in the row 0 of the eva variable)');
INSERT INTO tlsxCmdSyntaxParams VALUES ('DBMORE', '3', '8', 'SAVE CONNECTIONS', '', '');
INSERT INTO tlsxCmdSyntaxParams VALUES ('DBMORE', '3', '9', 'dbName', '', 'Database from where the connections has to be loaded');
INSERT INTO tlsxCmdSyntaxParams VALUES ('DBMORE', '4', '10', 'DEEP SCHEMA', '', '');
INSERT INTO tlsxCmdSyntaxParams VALUES ('DBMORE', '4', '11', 'varForDeepShema', 'EvaName', 'Variable name for the resulting deep schema');
INSERT INTO tlsxCmdSyntaxParams VALUES ('DBMORE', '4', '12', 'EvaSchemaDB', '', 'Schema of the database (e.g. obtained with DATABASE SCHEMA)');
INSERT INTO tlsxCmdSyntaxParams VALUES ('DBMORE', '4', '13', 'EvaConnectionList', '', 'Eva name of the variable containing the connection table definitions (connName, sourceTable, sourceKey, targetTable,  targetKey)');
INSERT INTO tlsxCmdSyntaxParams VALUES ('DBMORE', '4', '14', 'tableName', '', '~If given, it limits retrieved deep columns to the table ~4tableName~4');INSERT INTO tlsxCmdSyntaxOpts VALUES ('DBMORE', '1', 'VARCONNECTIONS', 'EvaConnectionList', '', 'Eva name of the variable containing the the connection table definitions (connName');
INSERT INTO tlsxCmdSyntaxOpts VALUES ('DBMORE', '1', 'DBNAME', 'dbName', '', 'If given and EvaConnectionList is NOT given the connections will be retrieve from the table __dbMore_connections of the database');
INSERT INTO tlsxCmdSyntaxOpts VALUES ('DBMORE', '1', 'LINE BREAK', '0 / 1', '1', 'If set to 0 it returns a string with no line breaks');
INSERT INTO tlsxCmdSyntaxOpts VALUES ('DBMORE', '1', 'DEEP COL HEADER', '0 / 1', '0', 'If set to 1 headers are expected in the first row of EvaDeepColList (actually the first row will be ignored/skiped)');
INSERT INTO tlsxCmdSyntaxOpts VALUES ('DBMORE', '1', 'CONNECTION HEADER', '0 / 1', '0', 'If set to 1 headers are expected in the first row of EvaConnectionList (actually the first row will be ignored/skiped)');
INSERT INTO tlsxCmdSyntaxOpts VALUES ('DBMORE', '3', 'CONNECTION', 'connName, sourceTable, sourceKey, targetTable, targetKey', '', 'Conenction given to be stored');
/* START PROCESSING ..\..\base\src\listix\cmds\cmdDeepDB.java */

INSERT INTO tGastItemDoc VALUES ('DEEP DB', 'listix_command', 'data_db', 'listix.cmds.cmdDeepDB', '6', 'Database sql facility', '~~6 DEEP DB acts as an extension of the SQL language, specifically~6 permits to build complex queries in an easy and readable way. It is based on a concept~6 called ~3deep table~3, which is explained in detail in the article~6 http://www.codeproject.com/KB/database/thedeeptable.aspx. Basically we define~6 connections between tables and give them a name. Then we use the connection name to~6 access related data. This is not limited to a table and its direct connections but~6 also it is possible to describe connections of connections and so on (deep).~6~6 Example:~6~6    supose we have following schema~6~6    table tabOrders   (orderID, lineNr, productID, quantity)~6    table tabProducts (ID, name, price, stock)~6~6    and the tables are related by the ~3productID~3 <-> ~3ID~3 fields.~6    This will be our connection that we will call PRODUCT~6    and through it we will access the related fields.~6~6    Then the command:~6~6      DEEP DB, SELECT, tabAlbum~6             , CONNECTION, AUTHOR, tabAlbum, authorID, tabArtists, ID~6             , FIELD     , albumID~6             , FIELD     , AUTHOR name~6             , FIELD     , year~6~6    Would generate the select query:~6~6      SELECT~6         tabAlbum.albumID AS albumID~6         , AUTHOR.name AS AUTHOR_name~6         , tabAlbum.year AS year~6      FROM~6         tabAlbum~6         , tabArtists AS AUTHOR~6      WHERE~6         tabAlbum.authorID == AUTHOR.ID~6~6    The connections can be stored in the sqlite database as part of the schema by using~6    the command ~3DEEP DB~3 in its syntax ~3SET CONNECTIONS~3. If this were done and the database~6    were the default database, then the command could be simplified as:~6~6      DEEP DB, SELECT, tabAlbum~6             , FIELDS, albumID, ~3AUTHOR name~3, year~6~6    While the option FIELDS (or COLUMNS) admit more comma separated ~3deep columns~3, the~6    option FIELD (default one) only admits one but an alias can be given as well as a GROUP BY~6    operation, if this is done then a ~3GROUP BY~3 select is generated.~6~6    Note that DEEP DB does not need knowledge about the complete schema, it just generate a~6    select query from the given connections and deep columns.~6');
INSERT INTO tGastExamples VALUES ('DEEP DB', 'DeepDB example', '~#javaj#~6~6   <frames> main, Example of DEEP DB for joining two tables~6~6   <layout of main>~6       EVA, 4, 4, 2, 2~6~6          , X~6        X , sResult~6        X , oConsole~6~6#data#~6~6   <tabArtists>~6       id, name~6       10, Rod Stewart~6       14, Tom Waits~6       39, Jaume Sisa~6~6    <tabSongs>~6       artId , title~6       14    , Downtown train~6       39    , Tres cavalls~6       14    , In the Neighbouhood~6       10    , Da ya think I~4m sexy~6       10    , Downtown train~6~6#listix#~6~6   <main>~6      DB,, CREATE TABLE, tabArtists~6      DB,, CREATE TABLE, tabSongs~6      -->, sResult data!, sqlSelect, @<deepSQL>~6      //SQL generated by DEEP DB:~6      //~6      //@<sResult sqlSelect>~6~6   <deepSQL>~6      DEEP DB, SELECT, tabSongs~6             , CONN, artist, tabSongs, artId, tabArtists, id~6             ,     , artId~6             ,     , artist name~6             ,     , title~6');
INSERT INTO tGastExamples VALUES ('DEEP DB', 'DeepDB twoSyntaxes', '~#javaj#~6~6   <frames>~6       oConsole, ~3listix command DEEP DB example~3, 200, 300~6~6#listix#~6~6   <main0>~6      // generated SELECT using the standard syntax~6      //~6      DEEP DB, SELECT, tabOrder~6             , CONN, product, tabOrder, prodID, tabProd, ID~6             ,     , prodID~6             ,     , product name~6             ,     , product price, catalogPrice~6             ,     , quantity~6      //~6      //~6      // generated SELECT using the compact form~6      //~6      DEEP DB, SELECT, tabOrder~6             , CONN  , product, tabOrder, prodID, tabProd, ID~6             , FIELDS, prodID, product name, product price, quantity');
INSERT INTO tGastExamples VALUES ('DEEP DB', 'DeepDB deeper example', '~#javaj#~6~6   <frames>~6       oConsole, ~3listix command DEEP DB - deeper - example~3, 200, 300~6~6#listix#~6~6   <main0>~6      // generated SELECT containg two joins~6      //~6      DEEP DB, SELECT, tabOrder~6             , CONN, product, tabOrder, prodID, tabProd, ID~6             , CONN, country, tabProd , countryID, tabCountry, IDAlfa3~6             ,     , prodID~6             ,     , product name~6             ,     , product price~6             ,     , product country name~6             ,     , quantity');
INSERT INTO tGastExamples VALUES ('DEEP DB', 'DeepDB recursive example', '~#javaj#~6~6   <frames>~6       oConsole, ~3listix command DEEP DB recursive example~3, 200, 300~6~6#listix#~6~6   <main0>~6      // generated SELECT joining one table with itself~6      //~6      DEEP DB, SELECT, tabPeople~6             , CONN, father, tabPeople, fatherID, tabPeople, ID~6             , CONN, mother, tabPeople, motherID, tabPeople, ID~6             ,     , ID~6             ,     , name~6             ,     , father name~6             ,     , mother name~6             ,     , mother father name, yayo~6             ,     , mother mother name, yaya');INSERT INTO tLsxCmdAliases VALUES ('DEEP DB', 'DEEP');
INSERT INTO tLsxCmdAliases VALUES ('DEEP DB', 'DBDEEP');INSERT INTO tlsxCmdSyntaxHead VALUES ('DEEP DB', '1', '3', '~Build a select sql from a list of ~3deep~3 columns using table connections');
INSERT INTO tlsxCmdSyntaxHead VALUES ('DEEP DB', '2', '3', 'Load stored connections from a database (from the table __dbMore_connections)');
INSERT INTO tlsxCmdSyntaxHead VALUES ('DEEP DB', '3', '3', 'Save a list of connections in a database (into the table __dbMore_connections)');
INSERT INTO tlsxCmdSyntaxHead VALUES ('DEEP DB', '4', '3', 'Returns a list of all possible deep columns from databse or from a specific table');INSERT INTO tlsxCmdSyntaxParams VALUES ('DEEP DB', '1', '0', 'GET SELECT', '', '');
INSERT INTO tlsxCmdSyntaxParams VALUES ('DEEP DB', '1', '1', 'baseTable', '', 'Table base of the deep select');
INSERT INTO tlsxCmdSyntaxParams VALUES ('DEEP DB', '1', '2', 'aliasBaseTable', '', 'If given it is used as alias for the first table');
INSERT INTO tlsxCmdSyntaxParams VALUES ('DEEP DB', '2', '3', 'GET CONNECTIONS', '', '');
INSERT INTO tlsxCmdSyntaxParams VALUES ('DEEP DB', '2', '4', 'dbName', '', 'Database from where the connections has to be loaded from the table __dbMore_connections');
INSERT INTO tlsxCmdSyntaxParams VALUES ('DEEP DB', '2', '5', 'EvaConnectionList', '', 'Eva name of the variable target');
INSERT INTO tlsxCmdSyntaxParams VALUES ('DEEP DB', '2', '6', 'withHeader', '0', 'If 1 column names will also retrieved (in the row 0 of the eva variable)');
INSERT INTO tlsxCmdSyntaxParams VALUES ('DEEP DB', '3', '7', 'SET CONNECTIONS', '', '');
INSERT INTO tlsxCmdSyntaxParams VALUES ('DEEP DB', '3', '8', 'dbName', '', 'Database where the connections has to be stored in the table __dbMore_connections');
INSERT INTO tlsxCmdSyntaxParams VALUES ('DEEP DB', '4', '9', 'DEEP SCHEMA', '', '');
INSERT INTO tlsxCmdSyntaxParams VALUES ('DEEP DB', '4', '10', 'varForDeepShema', 'EvaName', 'Variable name for the resulting deep schema');
INSERT INTO tlsxCmdSyntaxParams VALUES ('DEEP DB', '4', '11', 'EvaSchemaDB', '', 'Schema of the database (e.g. obtained with DATABASE SCHEMA)');
INSERT INTO tlsxCmdSyntaxParams VALUES ('DEEP DB', '4', '12', 'EvaConnectionList', '', 'Eva name of the variable containing the connection table definitions (connName, sourceTable, sourceKey, targetTable,  targetKey)');
INSERT INTO tlsxCmdSyntaxParams VALUES ('DEEP DB', '4', '13', 'tableName', '', '~If given, it limits retrieved deep columns to the table ~4tableName~4');INSERT INTO tlsxCmdSyntaxOpts VALUES ('DEEP DB', '1', 'DBNAME', 'dbName', '', 'If given and EvaConnectionList is NOT given the connections will be retrieve from the table __dbMore_connections of the database');
INSERT INTO tlsxCmdSyntaxOpts VALUES ('DEEP DB', '1', 'CONNECTION', 'connName, sourceTable, sourceKey, targetTable, targetKey', '', 'Connection given to be stored. A connection that requires more than one key columns can be expressed using more lines with the option CONNECTION');
INSERT INTO tlsxCmdSyntaxOpts VALUES ('DEEP DB', '1', 'LINE BREAK', '0 / 1', '1', 'If set to 0 it returns a string with no line breaks');
INSERT INTO tlsxCmdSyntaxOpts VALUES ('DEEP DB', '1', 'FIELD', 'deep column', '', '~Deep column in the format ~3connection connection ... field~3, this is the default option therefore it is possible to do it without ~3FIELD~3');
INSERT INTO tlsxCmdSyntaxOpts VALUES ('DEEP DB', '3', 'CONNECTION', 'connName, sourceTable, sourceKey, targetTable, targetKey', '', 'Connection given to be stored. A connection that requires more than one key columns can be expressed using more lines with the option CONNECTION');
/* START PROCESSING ..\..\base\src\listix\cmds\cmdDOC.java */

INSERT INTO tGastItemDoc VALUES ('DOC', 'listix_command', 'lang_variables', 'listix.cmds.cmdDOC', '5', 'No operation (nop) command thought for script documentation', '~~6 This command does nothing. Listix will skip it even any solving of its parameters or~6 options will be performed at all. As it name indicates it is thought for containing~6 documentation about the script. Although the command - except for the fact that it has to be skiped -~6 has no influence in the run of the script it belongs to it, in this sense it is different from a pure~6 comment which will be discarded in the parsing phase when loading the script. So if the script is merged~6 dumped or send remotely the DOC command will be there as well.~6~6 Three syntaxes are provided for general use, but just as recommendation since they will not be~6 enforced nor checked in any way by listix while running the script.~6~6       DOC, //some description of the point of the script or the weather~6~6       DOC, DOC, TODO/engine/parser, // blah blah ...~6~6       DOC, SEQ, engine/parser, 1, user, scanner, scan directories for source files~6       DOC, SEQ, engine/parser, 2, scanner, parser, do parse one file~6');
INSERT INTO tLsxCmdAliases VALUES ('DOC', 'DOK');INSERT INTO tlsxCmdSyntaxHead VALUES ('DOC', '1', '1', 'Simple description line');
INSERT INTO tlsxCmdSyntaxHead VALUES ('DOC', '2', '1', 'Documents some part of the script');
INSERT INTO tlsxCmdSyntaxHead VALUES ('DOC', '3', '1', 'Documents a step in a sequence diagram');INSERT INTO tlsxCmdSyntaxParams VALUES ('DOC', '1', '0', 'descr', '', 'Any text, it can be used to describe anything');
INSERT INTO tlsxCmdSyntaxParams VALUES ('DOC', '2', '1', 'DOC', '', '');
INSERT INTO tlsxCmdSyntaxParams VALUES ('DOC', '2', '2', 'node', '', 'A specific documentation node using for example the / as separator');
INSERT INTO tlsxCmdSyntaxParams VALUES ('DOC', '2', '3', 'text', '', 'Note about the node');
INSERT INTO tlsxCmdSyntaxParams VALUES ('DOC', '3', '4', 'SEQ', '', '');
INSERT INTO tlsxCmdSyntaxParams VALUES ('DOC', '3', '5', 'node', '', 'A specific documentation node using for example the / as separator');
INSERT INTO tlsxCmdSyntaxParams VALUES ('DOC', '3', '6', 'step', '', 'It can be a number, for example between 1 and 1000');
INSERT INTO tlsxCmdSyntaxParams VALUES ('DOC', '3', '7', 'agent', '', 'Name of the source agent of the sequence');
INSERT INTO tlsxCmdSyntaxParams VALUES ('DOC', '3', '8', 'target', '', 'Name of the target agent of the sequence');
INSERT INTO tlsxCmdSyntaxParams VALUES ('DOC', '3', '9', 'message', '', 'Description of the sequence step');
/* START PROCESSING ..\..\base\src\listix\cmds\cmdDump.java */

INSERT INTO tGastItemDoc VALUES ('DUMP UNIT', 'listix_command', 'lang_variables', 'listix.cmds.cmdDump', '2', 'Dumps into a file either the data unit or the listix formats ...', '~~6 Writes into a file variables of a unit using the Eva format. The unit can be given in the~6 first argument, either ~3data~3 or ~3listix~3. In the second argument a file name can be given,~6 if left in blank the dump is performed into the current listix generation target (e.g. console).~6~6 This command can be useful to examine the #data# variables while developing. Another use of the~6 command is to make persistent the current state of the application (almost all is contained~6 in the unit #data#), after saving it it can be loaded with the command LOAD on starting~6 the application. Typically the DUMP command can be performed on exiting the application~6 (message ~3javaj exit~3), and the LOAD on staring the application (in format <main> or <main0>)~6~6       <main0>~6          LOAD, data, myAppPersist.txt~6~6       <-- javaj exit>~6          DUMP, data, myAppPersist.txt~6~6    NOTE: Loading data in this way produce variables of the #data# section being replaced~6          by the variables found in the file. This is usually the desired behaviour for a~6          final application, but during development it could be a problem: if we change in the~6          script contents of variables in the data section this can be ovewritten by the command~6          load, so it is a good idea to disable this LOAD during developement.~6');
INSERT INTO tGastExamples VALUES ('DUMP UNIT', 'dump example', '~#javaj#~6~6   <frames> oConsole, ~3DUMP example~3~6~6#data#~6~6    <someData>  blah~6~6#listix#~6~6    <main0>~6       DUMP, data,,  someData~6       DUMP, listix~6~6');INSERT INTO tLsxCmdAliases VALUES ('DUMP UNIT', 'DUMP');
INSERT INTO tLsxCmdAliases VALUES ('DUMP UNIT', 'DUMP VAR');INSERT INTO tlsxCmdSyntaxHead VALUES ('DUMP UNIT', '1', '2', 'Dumps a variable or a whole unit (data or formats) into a file');INSERT INTO tlsxCmdSyntaxParams VALUES ('DUMP UNIT', '1', '0', 'data/formats/listix', '', 'EvaUnit to be dumped, either data or formats (or equivalently listix)');
INSERT INTO tlsxCmdSyntaxParams VALUES ('DUMP UNIT', '1', '1', 'fileName', '(current listix target)', 'Name of the file to dump the variables, if not given the current listix target will be used');
INSERT INTO tlsxCmdSyntaxParams VALUES ('DUMP UNIT', '1', '2', '[variableName', '', 'Name of the Eva variable to be dumped, if not given the whole EvaUnit will be dumped');
INSERT INTO tlsxCmdSyntaxParams VALUES ('DUMP UNIT', '1', '3', '... ]', '', 'further variableName might be given in separate columns');
/* START PROCESSING ..\..\base\src\listix\cmds\cmdExternClass.java */

INSERT INTO tGastItemDoc VALUES ('EXTERNAL CLASS', 'listix_command', 'system_run', 'listix.cmds.cmdExternClass', '3', 'Adding external listix commands and java class paths', '~~6 To load java libraries (either jar files or paths) or to load a custom Listix command.~6~6 Note1: calling ~3EXTERNAL, PATH (or JAR)~3 has the same effect as doing it through the Javaj~4s~6        variable <external_libraries>~6 Note2: Before a new Listix commnad is added (~3EXTERNAL, COMMAND~3) all the classes that the~6        command needs has to be found in java class path~6~6 Examples:~6          <! loading needed libraries (java class paths)~6          EXTERNAL, PATH, ~3.~3, otherClasses.jar~6~6          <! loading new listix custom commnands~6          EXTERNAL, COMMAND, com.mydomain.listixCmds.myCommand1~6          EXTERNAL, COMMAND, com.mydomain.listixCmds.myCommand2~6~6          <! calling a new listix custom commnand~6          MY CMD, par1, par2~6                , opt1, ...');
INSERT INTO tLsxCmdAliases VALUES ('EXTERNAL CLASS', 'EXTERNAL');
INSERT INTO tLsxCmdAliases VALUES ('EXTERNAL CLASS', 'EXTERN');
INSERT INTO tLsxCmdAliases VALUES ('EXTERNAL CLASS', 'IMPORT');
INSERT INTO tLsxCmdAliases VALUES ('EXTERNAL CLASS', 'INCLUDE');INSERT INTO tlsxCmdSyntaxHead VALUES ('EXTERNAL CLASS', '1', '3', 'Adds a new path or jar file to the java classpath, usually in order to find EXTERN commands (see EXTERN, CMD)');
INSERT INTO tlsxCmdSyntaxHead VALUES ('EXTERNAL CLASS', '2', '3', 'Add a new command to listix given by its class name');INSERT INTO tlsxCmdSyntaxParams VALUES ('EXTERNAL CLASS', '1', '0', 'JAR / PATH', '', '(use either JAR or PATH, the meaning is the same for both)');
INSERT INTO tlsxCmdSyntaxParams VALUES ('EXTERNAL CLASS', '1', '1', 'jarOrPath', '', 'Jar file or path to be included into the java classpath');
INSERT INTO tlsxCmdSyntaxParams VALUES ('EXTERNAL CLASS', '1', '2', '...', '', 'Further jar files or paths might be given in separate columns');
INSERT INTO tlsxCmdSyntaxParams VALUES ('EXTERNAL CLASS', '2', '3', 'LISTIX COMMAND / LSX CMD', '', '');
INSERT INTO tlsxCmdSyntaxParams VALUES ('EXTERNAL CLASS', '2', '4', 'commandClass', '', 'Complete name of java class that implements the new command to be add to the listix script (Note that this class must satisfy the the interface listix.comandable)');
INSERT INTO tlsxCmdSyntaxParams VALUES ('EXTERNAL CLASS', '2', '5', '...', '', 'Further commandClass are possible');
/* START PROCESSING ..\..\base\src\listix\cmds\cmdFileutil.java */

INSERT INTO tGastItemDoc VALUES ('FILEUTIL', 'listix_command', 'lang_files', 'listix.cmds.cmdFileutil', '3', 'Utilities with files', '~~6 Some utilities with files and directories~6~6    Example:~6       storing a memory file into a physical file~6~6       FILEUTIL, COPY, :mem myfile, MyFile.txt~6');
INSERT INTO tLsxCmdAliases VALUES ('FILEUTIL', 'FILE');
INSERT INTO tLsxCmdAliases VALUES ('FILEUTIL', 'FILEUTIL');INSERT INTO tlsxCmdSyntaxHead VALUES ('FILEUTIL', '1', '3', 'Copies one file into another creating target directories as needed');
INSERT INTO tlsxCmdSyntaxHead VALUES ('FILEUTIL', '2', '3', 'Copies one file into another creating target directories as needed');
INSERT INTO tlsxCmdSyntaxHead VALUES ('FILEUTIL', '3', '3', 'Ensure directories are created for a given file path');INSERT INTO tlsxCmdSyntaxParams VALUES ('FILEUTIL', '1', '0', 'COPY', '', '');
INSERT INTO tlsxCmdSyntaxParams VALUES ('FILEUTIL', '1', '1', 'sourceFileName', '', 'Source file name');
INSERT INTO tlsxCmdSyntaxParams VALUES ('FILEUTIL', '1', '2', 'targetFileName', '', 'Target file name');
INSERT INTO tlsxCmdSyntaxParams VALUES ('FILEUTIL', '2', '3', 'MOVE', '', '');
INSERT INTO tlsxCmdSyntaxParams VALUES ('FILEUTIL', '2', '4', 'sourceFileName', '', 'Source file name');
INSERT INTO tlsxCmdSyntaxParams VALUES ('FILEUTIL', '2', '5', 'targetFileName', '', 'Target file name');
INSERT INTO tlsxCmdSyntaxParams VALUES ('FILEUTIL', '3', '6', 'ENSURE DIR 4 FILE', '', '');
INSERT INTO tlsxCmdSyntaxParams VALUES ('FILEUTIL', '3', '7', 'filePath', '', 'File path whose directory path has to be ensured. Note that the file name is not relevant since it will not be created or changed.');
/* START PROCESSING ..\..\base\src\listix\cmds\cmdFormula.java */

INSERT INTO tGastItemDoc VALUES ('=', 'listix_command', 'lang_variables', 'listix.cmds.cmdFormula', '2', 'Calculation of math expressions', '~~6 Calculates a mathematical expresion and prints out the result. Variables whose names comply some minimal~6 conditions, for example not having blanks like in ~3my var~3 can be expressed directly in the formula.~6 For example~6~6    <productCount>  892~6    <productSum>    59982~6~6    <mean_value> =, ~3productSum / productCount~3~6~6  this also includes formula variables, so it could be possible as well to express something like~6~6    <sum_100>  =, mean_value * 100~6~6 Scientific functions can be used as well~6~6    Incorporated constants : pi, hpi (=pi/2), tpi (=2*pi), c, h, e, k, q~6    Operators              : + - * / \ ^ > < <= >= mod and or xor not~6    Functions              : exp, log, ln, sq, sqr, sin, cos, tan, atan, acos, asin, inv, abs~6                             int, chs, deg_rad, rad_deg, min, max, atan2, r_p, p_r, rnd~6~6 Alternatively the command goRhino (or alias JS) can be used for the same purpose.~6 In this case the the expression has to be convertible (solved) in a 100~8 javascript expression.~6~6 Examples:~6~6       <four>     JS, //2+2~6       <sin(x)>   JS, //Math.sin(@<p1>)~6       <sum_100>  JS, //@<mean_value> * 100');
INSERT INTO tLsxCmdAliases VALUES ('=', 'FORMULA');
INSERT INTO tLsxCmdAliases VALUES ('=', 'EQUATION');INSERT INTO tlsxCmdSyntaxHead VALUES ('=', '1', '2', '~Solves the given ~4formula~4 where the variables are referenced using directly its names and NOT using @<>');INSERT INTO tlsxCmdSyntaxParams VALUES ('=', '1', '0', 'formula', '', 'Any formula usign the operands + - / * \ sin cos tan etc');
/* START PROCESSING ..\..\base\src\listix\cmds\cmdGenerate.java */

INSERT INTO tGastItemDoc VALUES ('GENERATE', 'listix_command', 'lang_flow', 'listix.cmds.cmdGenerate', '5', 'Generates a text from a listix format', '~~6 To generate a text file from a listix format. Actually text generation is a constant~6 activity of listix even when used for other proposes like setting variables etc. Indeed~6 listix was born as a command line ~3universal text generator~3, which means a text generator~6 not specialized (e.g. in html etc) and enough general to permit the generation of any~6 required text file. The mechanism of generation is partially explained in ~3Introduction to~6 Listix~3 in this documentation and there is also a PDF which documents the very first version~6 of Listix (lsx) that might help to understand the current one. It is also translated to~6 spanish~6~6   http://prdownloads.sourceforge.net/evaformat/lsx_Eva_Generator.pdf?download~6   http://prdownloads.sourceforge.net/evaformat/lsx~82BEva_Generator_Spanish.pdf?download~6~6 The most common call to GENERATE can be performed using few arguments, for example~6~6       GENERATE, myTextFile.txt, body to Generate~6~6 where ~3body to Generate~3 is supposed to be a format whith the contents to generate. The~6 option PARAMETERS could be interesting if we want the format to be a kind of template.~6~6       GENERATE, emailText.txt, emailSalutation~6               , PARAMS, Joseph, joseph@example.examplecom~6~6       <emailSalutation>~6          // Hello @<p1>,~6          // Can you confirm that your address is @<p2> ?~6          // Cheers, me~6');
INSERT INTO tGastExamples VALUES ('GENERATE', 'Example GEN 1', '~#javaj#~6~6   <frames>~6       Fmain, ~3listix command GENERATE example~3~6~6   <layout of Fmain>~6       EVA, 10, 10, 5, 5~6~6     ---,  X~6        , bGenerate~6      X , oConsole~6~6#data#~6~6    <html page>~6       //<html><body>~6       //    Hello, this has been generated by the listix commnad GENERATE~6       //</body></html>~6~6#listix#~6~6    <-- bGenerate>~6       GENERATE, con, html page~6');
INSERT INTO tGastExamples VALUES ('GENERATE', 'Example GEN 2', '~#javaj#~6~6   <frames>~6       Fmain, ~3listix command GENERATE example 2~3~6~6   <layout of Fmain>~6       EVA, 10, 10, 5, 5~6~6     ---,  X~6        , bGenerate~6      X , oConsole~6~6#data#~6~6    <html page>~6       //<html><body>~6       //    Hello @<p1>, this has been generated by the listix commnad GENERATE~6       //</body></html>~6~6#listix#~6~6    <-- bGenerate>~6       GENERATE, con, html page~6               , PARAMS, @<:sys user.name>~6');
INSERT INTO tGastExamples VALUES ('GENERATE', 'Code generation demo', '~#javaj#~6~6   <frames> fmain, Code generation sample~6~6   <layout of fmain>~6      EVA, 10, 10, 7, 7~6~6         ,             ,   X~6         , lClass name , eClassName~6         , lData~6       X , xDataVar    , -~6         , botons      , -~6         , lGenerated code, -~6       X , xResult     , -~6       X , +~6~6   <layout of botons>~6      EVA, 3, 3, 4, 4~6         ,      ,      ,                , 100~6         , bJava, bHTML, kLaunch Browser, eBrowser~6~6   <sysDefaultFonts>  Consolas, 12, 0, TextField, TextArea~6~6~6#data#~6~6   <eBrowser> firefox~6~6   <bJava>   Java~6   <bHTML>   HTML~6~6   <bGenerate image> javaj/img/write.png~6~6   <eClassName> MyClass~6~6   <xDataVar>~6      // varName     , varType~6      //~6      // Identifier  , int~6      // Name        , String~6      // Factors     , double []~6~6   <Template Java>~6      ////~6      ////    class : @<eClassName>~6      ////    author: @<:sys user.name>~6      ////    date  : @<:lsx date>~6      ////    NOTE  : Automatically generated~6      ////~6      //public class @<eClassName>~6      //{~6      //~6      //    // member variables~6      //    //~6      //~6      LOOP, EVA, myTable~6          ,, //    private @<varType> m@<varName>;~6      //~6      //~6      //    // setters and getters~6      //    //~6      //~6      LOOP, EVA, myTable~6          ,, //    public @<varType> get@<varName> ()~6          ,, //    {~6          ,, //       return m@<varName>;~6          ,, //    }~6          ,, //~6          ,, //    public void set@<varName> (@<varType> value)~6          ,, //    {~6          ,, //       m@<varName> = value;~6          ,, //    }~6          ,, //~6      //}~6      //~6~6   <Template Html>~6      //<html>~6      //   <body>~6      //   <h2> class Name : <b> @<eClassName> </b></h2>~6      //   <h3> Author     : <b> @<:sys user.name> </b></h3>~6      //   <h3> Date       : <b> @<:lsx date> </b></h3>~6      //~6      //   <table border=1>~6      //       <tr>~6      //          <th>Name</th>~6      //          <th>Type</th>~6      //       </tr>~6      //~6      LOOP, EVA, myTable~6          ,, //       <tr>~6          ,, //          <td>@<varName></td>~6          ,, //          <td>@<varType></td>~6          ,, //       </tr>~6      //~6      //   </table>~6      //   </body>~6      //</html>~6      //~6~6#listix#~6~6   <main0>~6      SETVAR, tmpGen, @<:lsx tmp html>~6      SETVAR, xResult fileName, @<tmpGen>~6~6   <main>~6      CHECK, LINUX, -->, eBrowser control!, visible, 0~6~6   <-- bJava>~6      LISTIX, doGenerate, Template Java~6~6   <-- bHTML>~6      LISTIX, doGenerate, Template Html~6      @<lauchBrowser>~6~6   <lauchBrowser>~6      CHECK, VAR, kLaunch Browser selected~6      CHECK, =, @<kLaunch Browser selected>, 1~6~6      BROWSER, @<tmpGen>~6~6   <doGenerate>~6      CHECK, VAR, p1~6      STRCONV, TEXT-EVA, xDataVar, myTable~6      GEN, @<tmpGen>, @<p1>~6      MSG, xResult load');INSERT INTO tLsxCmdAliases VALUES ('GENERATE', 'GENERATE FILE');
INSERT INTO tLsxCmdAliases VALUES ('GENERATE', 'GEN');
INSERT INTO tLsxCmdAliases VALUES ('GENERATE', 'GEN FILE');INSERT INTO tlsxCmdSyntaxHead VALUES ('GENERATE', '1', '5', '~Generates the file ~4file2Gen~4 from the listix format ~4mainFormat~4');INSERT INTO tlsxCmdSyntaxParams VALUES ('GENERATE', '1', '0', 'file2Gen', 'con', 'Name of the file to be created and generated or any of +, - or * to continue with the current file');
INSERT INTO tlsxCmdSyntaxParams VALUES ('GENERATE', '1', '1', 'mainFormat', 'main', 'Listix format containing what to generate');
INSERT INTO tlsxCmdSyntaxParams VALUES ('GENERATE', '1', '2', 'unitFormats', 'listix', 'EvaUnit where the listix formats are to be found');
INSERT INTO tlsxCmdSyntaxParams VALUES ('GENERATE', '1', '3', 'fileFormats', '', '~File name where the EvaUnit ~4unitFormats~4 is to be found');
INSERT INTO tlsxCmdSyntaxParams VALUES ('GENERATE', '1', '4', 'unitData', 'data', 'EvaUnit where the listix unit data is to be found');
INSERT INTO tlsxCmdSyntaxParams VALUES ('GENERATE', '1', '5', 'fileData', '', '~File name where the EvaUnit ~4unitData~4 is to be found');INSERT INTO tlsxCmdSyntaxOpts VALUES ('GENERATE', '1', 'PARAMS', 'p1, [p2, ...]', '', 'Set parameters for listix generation (accesibles through @<p1> @<p2> etc)');
INSERT INTO tlsxCmdSyntaxOpts VALUES ('GENERATE', '1', 'LOAD FORMATS', 'file, evaUnit', '    , listix', 'Specifies file and unit for the listix formats to be used in the generation');
INSERT INTO tlsxCmdSyntaxOpts VALUES ('GENERATE', '1', 'LOAD DATA', 'file, evaUnit', '    , data', 'Specifies file and unit for the data to be used in the generation');
INSERT INTO tlsxCmdSyntaxOpts VALUES ('GENERATE', '1', 'PUSH VARIABLES', 'file, evaUnit', '    , data', '~Specifies file and unit for the variables (only one string) will be ~3pushed~3, that is, added on top of the existing data variables.');
INSERT INTO tlsxCmdSyntaxOpts VALUES ('GENERATE', '1', 'SET VAR DATA', 'EvaName, value', '', '~Affects the data to be used, either the current one or an external unit (option LOAD DATA), setting the variable ~4EvaName~4 with the value ~4value~4');
INSERT INTO tlsxCmdSyntaxOpts VALUES ('GENERATE', '1', 'PASS VAR DATA', 'EvaName', '', 'If using external data (option LOAD DATA), this option might be used to share a variable of the current data with the extern one whithout need to copy it (e.g. SET VAR DATA)');
INSERT INTO tlsxCmdSyntaxOpts VALUES ('GENERATE', '1', 'TARGET EVA', 'EvaName', '', 'Specifies the variable name where the listix generation will place the result');
INSERT INTO tlsxCmdSyntaxOpts VALUES ('GENERATE', '1', 'NEW LINE', '(NATIVE) / RT / LF / RTLF', 'NATIVE', 'Will generate the file using the new line character specified : NATIVE (default) is native to the system, RT return (ascci 13), LF line feed (ascci 10), RFLF return and line feed (13 + 10)');
INSERT INTO tlsxCmdSyntaxOpts VALUES ('GENERATE', '1', 'APPEND', '0 / 1', '0', 'If 1 then the generation will be append at the end of the file');
/* START PROCESSING ..\..\base\src\listix\cmds\cmdGoRhino.java */

INSERT INTO tGastItemDoc VALUES ('GORHINO', 'listix_command', 'system_run', 'listix.cmds.cmdGoRhino', '3', 'Rhino caller', '~~6 Calls Rhino with a javascript code~6~6    gorhino, //var ii = 10; ii+2;~6');
INSERT INTO tGastExamples VALUES ('GORHINO', 'gorhino1', '~#javaj#~6~6   <frames> oFmain, Sample calling Rhino to execute javascript code~6~6#listix#~6~6    <main>~6       gorhino, //var ii = 10; ii+2;');
INSERT INTO tGastExamples VALUES ('GORHINO', 'javascriptExecutorGoRhino', '~#javaj#~6~6   <frames> main, Javascript Executor using goRhino~6~6   <layout of main>~6      EVA, 3, 3, 2, 2~6~6         , X~6         , lEnter your javascript code~6       X , xCodeArea~6         , bEjecute~6         , lSalida~6       X , oSal~6~6   <sysDefaultFonts>~6      Consolas, 14, 0, TextArea.font~6~6#data#~6~6   <OUTER_JS>~6      //var __out__ = [];~6      //function out (eso) { __out__.push (eso); }~6      //~6      //@<xCodeArea>~6      //~6      //__out__.join (~3\n~3);~6      //~6~6   <xCodeArea>~6      //~6      //function encript (t1, t2)~6      //{~6      //   return t2 + t1;~6      //}~6      //~6      //out (~3output of this function is ... ~3 + encript (~3TheCat~3, ~3WakeUp~3));~6      //~6~6#listix#~6~6   <-- bEjecute>~6      MSG, oSal clear~6      VAR=, startStamp, @<:lsx CLOCK>~6      MSG, lSalida data!,, //Calling goRhino ...~6      goRhino, @<OUTER_JS>~6      MSG, lSalida data!,, //done in @<elapsed> s~6~6   <elapsed>~6      =, (@<:lsx CLOCK> - startStamp) / 1000~6');
INSERT INTO tGastExamples VALUES ('GORHINO', 'consecuencioDiagram', '~#javaj#~6~6   <frames> Fmain, Sample conSecuencio.js using Rhino~6~6   <layout of Fmain>~6    EVA, 10, 10, 7, 7~6~6       , X~6       , lJavascript code~6     X , xCodis~6       , bgoRhino~6     X , xSalida~6   100 , oConsola~6~6    <sysDefaultFonts>~6       Consolas, 11, 0, TextArea~6~6#data#~6~6   <xCodis>~6      //var diagData = {~6      //     sequenceTable : [~6      //                [~3time~3, ~3source~3, ~3target~3, ~3message~3 ],~6      //                [      , ~3A=USER~3, ~3~3, ~3~3],~6      //                [      , ~3B=INTERFACE~3, ~3~3, ~3~3],~6      //                [      , ~3C=SERVER~3, ~3~3, ~3~3],~6      //                [ 0.122, ~3A~3, ~3B~3, ~3doThisAction~3 ],~6      //                [ 2.234, ~3B~3, ~3C~3, ~3theAction~3 ],~6      //                [ 3.543, ~3C~3, ~3B~3, ~3What action?~3 ],~6      //                [ 8.558, ~3B~3, ~3A~3, ~3done!~3 ],~6      //            ],~6      //      // distanceAgents   : 40,~6      //      distanceTimeUnit : 1,~6      //      // maxGapTime       : 2,~6      //      // autoElapsed      : false,~6      //  };~6      //~6      //@<:infile META-GASTONA/js/conSecuencioPlain.js>~6      //~6      //conSecuencioPlain (diagData);~6      //~6~6#listix#~6~6   <-- bgoRhino>~6      -->, oConsola clear~6      -->, xSalida data!,, @<rino>~6~6   <rino>~6      goRhino, @<xCodis>~6');
INSERT INTO tGastExamples VALUES ('GORHINO', 'files for goRhino', '~#javaj#~6~6   <frames> oSal~6~6#listix#~6~6   <content>~6      //First line~6      //second ....~6      //and last one.~6~6   <rewrite>~6      //var fix = new goFile ();~6      //var leos, nn = 0;~6      //if (fix.fopen (~3:mem in~3, ~3r~3)) {~6      //   var fo = new goFile ();~6      //   if (fo.fopen (~3:mem out~3, ~3w~3)) {~6      //       while ((leos = fix.readLine ()) !== null)~6      //          fo.writeLine (~3te comento: ~3 + (++nn) + ~3) ~3 + leos);~6      //   }~6      //   fo.fclose ();~6      //   fix.fclose ();~6      //}~6      //~3fin~3~6~6   <main>~6      GEN, :mem in, content~6      //~6      goRhino, @<rewrite>~6      //~6      //~6      LOOP, TEXT FILE, :mem out~6          ,, @<value>');
INSERT INTO tGastExamples VALUES ('GORHINO', 'sqlSelect for goRhino', '~#javaj#~6~6   <frames> oSal~6~6#listix#~6~6   <mitabla>~6      id, name~6      1282, emilia~6      3243, samba pati~6~6   <JS_readTable>~6     //var fix = new goSqlSelect (~3~3, ~3SELECT * FROM mitabla~3);~6     //var out = [];~6     //~6     //for (var ii = 0; ii < fix.getRecordCount (); ii ++) {~6     //    out.push (~3record: ~3 + fix.getValue (ii, 0) + ~3) ~3 + fix.getValue (ii, 1));~6     //}~6     //out.join (~3\n~3);~6~6   <main>~6~7~7  DB,, CREATE TABLE,  mitabla~6      //~6      goRhino, @<JS_readTable>');
INSERT INTO tGastExamples VALUES ('GORHINO', 'sqlRunner for goRhino', '~#javaj#~6~6   <frames> oSal~6~6#listix#~6~6   <jsTail>~6     //var fix = new goSqlRunner ();~6     //fix.runSQL (~3~3, ~3CREATE TABLE textos (id, text); INSERT INTO textos VALUES (18, ~4mi texto~4);~3);~6     //fix.openScript ();~6     //fix.writeScript (~3INSERT INTO textos VALUES (22, ~4my text~4);~3);~6     //fix.writeScript (~3INSERT INTO textos VALUES (98, ~4the last entry~4);~3);~6     //fix.closeAndRunScript (~3~3);~6     //~3fin~3~6~6   <main>~6      goRhino, @<jsTail>~6      //~6      //~6      LOOP, SQL,, //SELECT * FROM textos~6          ,, // @<id>: @<text>');INSERT INTO tLsxCmdAliases VALUES ('GORHINO', 'RHINO');
INSERT INTO tLsxCmdAliases VALUES ('GORHINO', 'RINO');
INSERT INTO tLsxCmdAliases VALUES ('GORHINO', 'GORRINO');
INSERT INTO tLsxCmdAliases VALUES ('GORHINO', 'JS');
INSERT INTO tLsxCmdAliases VALUES ('GORHINO', 'JAVASCRIPT');INSERT INTO tlsxCmdSyntaxHead VALUES ('GORHINO', '1', '4', 'Execute the javascript code');INSERT INTO tlsxCmdSyntaxParams VALUES ('GORHINO', '1', '0', '[ script ]', 'Script to be executed', '');
/* START PROCESSING ..\..\base\src\listix\cmds\cmdHTTPDistill.java */

INSERT INTO tGastItemDoc VALUES ('HTTP DISTILL', 'listix_command', 'internet', 'listix.cmds.cmdHTTDistill', '5', 'To analyze an HTTP response', '~~6 Extracts message status, header and body from a http response~6');
INSERT INTO tGastExamples VALUES ('HTTP DISTILL', 'Http DISTIL example', '~#javaj#~6~6   <frames>~6       oConsole, ~3Http DISTIL example~3, 200, 300~6~6#listix#~6~6   <main>~6       VAR=, fres1, ~3:(mem) response1~3~6       VAR=, fres2, ~3:(mem) response2~3~6       GEN, @<fres1>, htt response data1~6       GEN, @<fres2>, htt response data chunked~6       //==== STATUS response 1:[~6       HTTP DISTILL, @<fres1>, STATUS MSG~6       //]~6       //==== BODY response 1:[~6       HTTP DISTILL, @<fres1>, BODY~6       //]~6       //==== HEADER response 1:[~6       HTTP DISTILL, @<fres1>, HEADER~6       //]~6       //==== STATUS CODE response 2:[~6       HTTP DISTILL, @<fres2>, STATUS CODE~6       //]~6       //==== HEADER Conten-Type response 2:[~6       HTTP DISTILL, @<fres2>, HEADER, ~3Content-Type~3~6       //]~6       //==== HEADER MiVar response 2:[~6       HTTP DISTILL, @<fres2>, HEADER, ~3MiVar~3, ~3?~3~6       //]~6       //==== BODY response 2:[~6       HTTP DISTILL, @<fres2>, BODY~6       //]~6~6   <htt response data1>~6      //HTTP/1.1 200 OK~6      //Date: Thu, 27 Dec 2012 21:06:13 GMT~6      //Server: Apache~6      //Content-Type: application/json~6      //Content-Language: es~6      //~6      //This data is not chunked~6      //second line~6      //third etc~6      //end of message~6      //~6~6   <htt response data chunked>~6      //HTTP/1.1 200 OK~6      //Date: Thu, 27 Dec 2012 21:06:13 GMT~6      //Server: Apache~6      //Transfer-Encoding: chunked~6      //Content-Type: application/json~6      //Content-Language: es~6      //~6      //A~6      //1234567890~6      //10~6      //long text~6      //abcde~6      //3~6      //fin~6      //~6');INSERT INTO tLsxCmdAliases VALUES ('HTTP DISTILL', 'HTTP DISTIL');
INSERT INTO tLsxCmdAliases VALUES ('HTTP DISTILL', 'HTTP DISTILL');
INSERT INTO tLsxCmdAliases VALUES ('HTTP DISTILL', 'HTTP DISTIL RESPONSE');
INSERT INTO tLsxCmdAliases VALUES ('HTTP DISTILL', 'HTTP DISTILL RESPONSE');INSERT INTO tlsxCmdSyntaxHead VALUES ('HTTP DISTILL', '1', '5', '~Returns the first line, that is the message status (e.g. ~3HTTP/1.1 200 OK~3)');
INSERT INTO tlsxCmdSyntaxHead VALUES ('HTTP DISTILL', '2', '5', '~Returns the status code (e.g. ~3200~3)');
INSERT INTO tlsxCmdSyntaxHead VALUES ('HTTP DISTILL', '3', '5', 'Returns the header as a text or, if specified, the value of a given field');
INSERT INTO tlsxCmdSyntaxHead VALUES ('HTTP DISTILL', '5', '5', 'Returns the body of the response, decoding chunked body if needed');INSERT INTO tlsxCmdSyntaxParams VALUES ('HTTP DISTILL', '1', '0', 'HTTPresponseFile', '', 'File containing the HTTP response');
INSERT INTO tlsxCmdSyntaxParams VALUES ('HTTP DISTILL', '1', '1', 'STATUS MSG', '', '');
INSERT INTO tlsxCmdSyntaxParams VALUES ('HTTP DISTILL', '2', '2', 'HTTPresponseFile', '', 'File containing the HTTP response');
INSERT INTO tlsxCmdSyntaxParams VALUES ('HTTP DISTILL', '2', '3', 'STATUS CODE', '', '');
INSERT INTO tlsxCmdSyntaxParams VALUES ('HTTP DISTILL', '3', '4', 'HTTPresponseFile', '', 'File containing the HTTP response');
INSERT INTO tlsxCmdSyntaxParams VALUES ('HTTP DISTILL', '3', '5', 'HEADER', '', '');
INSERT INTO tlsxCmdSyntaxParams VALUES ('HTTP DISTILL', '3', '6', 'fieldName', '', '~Field name from header to get the value (e.g. ~3Content-Type~3)');
INSERT INTO tlsxCmdSyntaxParams VALUES ('HTTP DISTILL', '3', '7', 'defaultValue', '', 'Default value if the field is not found in the header');
INSERT INTO tlsxCmdSyntaxParams VALUES ('HTTP DISTILL', '4', '8', 'HTTPresponseFile', '', 'File containing the HTTP response');
INSERT INTO tlsxCmdSyntaxParams VALUES ('HTTP DISTILL', '4', '9', 'BODY', '', '');
/* START PROCESSING ..\..\base\src\listix\cmds\cmdHTTPRequest.java */

INSERT INTO tGastItemDoc VALUES ('HTTPREQUEST', 'listix_command', 'internet', 'listix.cmds.cmdHTTPRequest', '5', 'Makes an HTTP request', '~~6 Makes an HTTP request~6');
INSERT INTO tGastExamples VALUES ('HTTPREQUEST', 'Http simple', '~#javaj#~6~6   <frames>~6       oConsole, ~3Http simple~3, 200, 300~6~6#listix#~6~6   <main>~6      HTTP, http://www.google.com/webhp?sourceid=chrome-instant&ion=1&espv=2&ie=UTF-8#q=wakeupthecat');
INSERT INTO tGastExamples VALUES ('HTTPREQUEST', 'Http couchDB', '~#javaj#~6~6   <frames>~6       oConsole, ~3Http simple~3, 200, 300~6~6#listix#~6~6   <main>~6      HTTP, http://127.0.0.1:5984/_all_dbs');
INSERT INTO tGastExamples VALUES ('HTTPREQUEST', 'Http SOAP', '~#javaj#~6~6   <frames>~6       oConsole, ~3Http SOAP~3, 200, 300~6~6#listix#~6~6   <main>~6      HTTP, http://www.webservicex.net/globalweather.asmx, POST~6          , HEADER, //Content-Type: text/xml;charset=UTF-8~6          , HEADER, //SOAPAction: ~3http://www.webserviceX.NET/GetWeather~3~6          , HEADER, //Host: www.webservicex.net~6          ,       , //<soap:Envelope xmlns:soap=~3http://www.w3.org/2003/05/soap-envelope~3 xmlns:web=~3http://www.webserviceX.NET~3>~6          ,       , //   <soap:Header/>~6          ,       , //   <soap:Body>~6          ,       , //      <web:GetWeather>~6          ,       , //         <web:CityName>Stuttgart</web:CityName>~6          ,       , //         <web:CountryName>Germany</web:CountryName>~6          ,       , //      </web:GetWeather>~6          ,       , //   </soap:Body>~6          ,       , //</soap:Envelope>');INSERT INTO tLsxCmdAliases VALUES ('HTTPREQUEST', 'HTTPREQUEST');
INSERT INTO tLsxCmdAliases VALUES ('HTTPREQUEST', 'HTTPREQ');
INSERT INTO tLsxCmdAliases VALUES ('HTTPREQUEST', 'HTTP');INSERT INTO tlsxCmdSyntaxHead VALUES ('HTTPREQUEST', '1', '5', 'Makes an HTTP request');INSERT INTO tlsxCmdSyntaxParams VALUES ('HTTPREQUEST', '1', '0', 'url', '', 'Url including protocol and parameters');
INSERT INTO tlsxCmdSyntaxParams VALUES ('HTTPREQUEST', '1', '1', 'method', 'GET', 'one of GET, PUT, etc');INSERT INTO tlsxCmdSyntaxOpts VALUES ('HTTPREQUEST', '1', 'HEADER', '~text ~2 prop, value', '', '~Headers of the request method (e.g. GET). ~3Content-Length~3 is calculated if necessary (body is given)');
INSERT INTO tlsxCmdSyntaxOpts VALUES ('HTTPREQUEST', '1', 'BODY', 'text', '', 'Place in this lines the body of the http request');
INSERT INTO tlsxCmdSyntaxOpts VALUES ('HTTPREQUEST', '1', 'CHARSET', 'charSetName', 'UTF-8', '~Charset for the receiving data. Examples ISO-8859-1, UTF-8, US-ASCII. Note: don~4t know if useful but if desired to use the default charset for the JVM (see java.nio.charset.Charset documentation) then set the value ~3-~3 or ~3none~3');
/* START PROCESSING ..\..\base\src\listix\cmds\cmdInCase.java */

INSERT INTO tGastItemDoc VALUES ('IN CASE', 'listix_command', 'lang_flow', 'listix.cmds.cmdInCase', '7', 'For conditional execution of listix commands', '~~6 For conditional execution of commands (short alias IF). Compares the given ~4mainValue~4~6 with all ~4caseValues~4 and execute the given ~4subCommand~4 when the comparation matches.~6 Note that this command uses ~3string comparation~3 which may be not suitable for numberic~6 values, for numeric comparation use the command ~3IN CASE NUM~3.~6 If ~4subCommand~4 contains just one column it behaves as an inline format of just one line.~6~6 Examples:~6~6       IF, @<myVar>, =, ~3TRUE~3, SETVAR, myText, ~3Verified myVar is truly true~3~6       IF, @<myVar>, <>, ~3TRUE~3, //Verified myVar is truly not true~3~6~6       IN CASE, @<myVar>,~6              , 0       , //false~6              , 1       , //true~6              , TRUE    , //true~6              , FALSE   , //false~6              , ELSE    , BOX, W, ~3Why your myVar is not boolean?~3~6');
INSERT INTO tGastExamples VALUES ('IN CASE', 'switch of one variable', '~#javaj#~6~6   <frames> F, ~3listix command example~3~6~6   <layout of F>~6     EVA, 10, 10, 5, 5~6~6     ---,            ,  40   , 200~6        , lMy Boolean, eMyVar, eMyVarText~6        , lEnter a value and press enter key, -, -~6~6#listix#~6~6    <-- eMyVar>~6         IN CASE, @<eMyVar>~6                , 0   ,  SET VAR, eMyVarText, //FALSE, LIE, NOT~6                , 1   ,  SET VAR, eMyVarText, //TRUE, REAL, YES~6                , ELSE,  SET VAR, eMyVarText, //UNKNOWN, MAYBE, JAIN~6         MSG, eMyVarText data!');
INSERT INTO tGastExamples VALUES ('IN CASE', 'evaluating arguments', '~#javaj#~6~6   <frames> oConsole, ~3arguments evaluation sample~3~6~6#listix#~6~6  <main0>~6     LISTIX, my procedure, my first argument, yet another, third one, etc~6~6  <my procedure>~6    IN CASE, @<:lsx paramCount>~6           , 0   , //No arguments passed!~6           , 1   , //Just one argument~6           , 2   , //Only two arguments~6           , 3   , //There are three arguments~6           , ELSE, //There are lots of arguments~6    //~6    //passed (@<:lsx paramCount>) arguments :~6    IN CASE, @<:lsx paramCount>, ~3>~3~6           , 0, // ~3@<p1>~3~6           , 1, // , ~3@<p2>~3~6           , 2, // , ~3@<p3>~3~6           , 3, // , there are more arguments ...~6~6');
INSERT INTO tGastExamples VALUES ('IN CASE', 'detecting options', '~#javaj#~6~6   <frames> F, ~3listix command example~3, 500, 400~6~6   <layout of F>~6      EVA, 10, 10, 5, 5~6~6      ---, X~6         , kOption1~6         , kOption2~6      X  , oConsole~6~6#listix#~6~6~6  <-- kOption1> @<describe>~6  <-- kOption2> @<describe>~6~6  <describe>~6       //~6       //Current selection~6       //~6       IN CASE , 1~6               , @<kOption1 selected>, // Option 1 is checked~6               , @<kOption2 selected>, // Option 2 is checked~6               , ELSE                , // No option is ckecked');INSERT INTO tLsxCmdAliases VALUES ('IN CASE', 'IF');
INSERT INTO tLsxCmdAliases VALUES ('IN CASE', 'IN CASE');
INSERT INTO tLsxCmdAliases VALUES ('IN CASE', 'SWITCH2');INSERT INTO tlsxCmdSyntaxHead VALUES ('IN CASE', '1', '3', 'Switch execution of listix commands depending on the values of a variable or variables');INSERT INTO tlsxCmdSyntaxParams VALUES ('IN CASE', '1', '0', 'mainValue', '', 'Main value to compare');
INSERT INTO tlsxCmdSyntaxParams VALUES ('IN CASE', '1', '1', '= / < / > / <> / <= / >=', '=', 'Operation to acomplish by the mainValue respect to the secondary values');
INSERT INTO tlsxCmdSyntaxParams VALUES ('IN CASE', '1', '2', '[caseValue', 'subcommand]', '');INSERT INTO tlsxCmdSyntaxOpts VALUES ('IN CASE', '1', 'caseValue', 'subCommand', '', '~If ~4mainValue~4 matches with ~4caseValue~4 then the ~4subCommand~4 given in the further parameters is executed');
INSERT INTO tlsxCmdSyntaxOpts VALUES ('IN CASE', '1', '...', '', '', 'More caseValue are accepted until ELSE option or end of command options');
INSERT INTO tlsxCmdSyntaxOpts VALUES ('IN CASE', '1', 'ELSE', 'subCommand', '', '~If given it has to be the last option. Will execute ~4subCommand~4 if no other caseValue has matched.');
/* START PROCESSING ..\..\base\src\listix\cmds\cmdInCaseNumeric.java */

INSERT INTO tGastItemDoc VALUES ('IN CASE NUM', 'listix_command', 'lang_flow', 'listix.cmds.cmdInCaseNumeric', '7', 'For conditional execution of listix commands based on numeric values', '~~6 For conditional execution of commands (short alias IF NUM). Compares the given ~4mainValue~4~6 with all ~4caseValues~4 and execute the given ~4subCommand~4 when the comparation matches.~6 If ~4subCommand~4 contains just one column it behaves as an inline format of just one line.~6~6 Examples:~6~6       IF NUM, myVar-1, =, 0, SETVAR, myText, ~3Verified myVar is truly true~3~6       IF NUM, myVar+1, >, 1, //Verified myVar is truly not true~3~6~6       IN CASE NUM, myVar * yourVar + hisVar,~6                  , 0       , //false~6                  , 1       , //true~6                  , ELSE    , BOX, W, ~3Why your myVar * yourVar + hisVar is not boolean?~3~6');
INSERT INTO tLsxCmdAliases VALUES ('IN CASE NUM', 'IF NUM');
INSERT INTO tLsxCmdAliases VALUES ('IN CASE NUM', 'IF N');
INSERT INTO tLsxCmdAliases VALUES ('IN CASE NUM', 'IN CASE N');INSERT INTO tlsxCmdSyntaxHead VALUES ('IN CASE NUM', '1', '3', 'Switch case execution of listix commands depending on the values of a variable or variables');INSERT INTO tlsxCmdSyntaxParams VALUES ('IN CASE NUM', '1', '0', 'mainValue', '', 'Main value to compare');
INSERT INTO tlsxCmdSyntaxParams VALUES ('IN CASE NUM', '1', '1', '= / < / > / <> / <= / >=', '=', 'Operation to acomplish by the mainValue respect to the secondary values');
INSERT INTO tlsxCmdSyntaxParams VALUES ('IN CASE NUM', '1', '2', '[caseValue', 'subcommand]', '');INSERT INTO tlsxCmdSyntaxOpts VALUES ('IN CASE NUM', '1', 'caseValue', 'subCommand', '', '~If ~4mainValue~4 operate with ~4caseValue~4 is true then the ~4subCommand~4 given in the further parameters is executed');
INSERT INTO tlsxCmdSyntaxOpts VALUES ('IN CASE NUM', '1', '...', '', '', 'More caseValue are accepted until ELSE option or end of command options');
INSERT INTO tlsxCmdSyntaxOpts VALUES ('IN CASE NUM', '1', 'ELSE', 'subCommand', '', '~If given it has to be the last option. Will execute ~4subCommand~4 if no other caseValue has matched.');
/* START PROCESSING ..\..\base\src\listix\cmds\cmdInfile.java */

INSERT INTO tGastItemDoc VALUES ('IN FILE', 'listix_command', 'lang_files', 'listix.cmds.cmdInfile', '2', 'Execute a listix format which is contained into a file', '~~6 Execute a listix format which is contained into a file. The whole file is treated as text~6 so no last line indicators (// or ~4) are necessary before each line, but it is still possible~6 the use of @ variables, that is calls to another formats.~6~6 Note that there are other ways to work with formats in separate files (see commands LOAD and~6 GENERATE).~6~6 This command is useful when the format is big and/or it is preferred to maintain it enterely~6 within a file.~6');
INSERT INTO tLsxCmdAliases VALUES ('IN FILE', 'FORMAT IN FILE');
INSERT INTO tLsxCmdAliases VALUES ('IN FILE', 'TEMPLATE IN FILE');
INSERT INTO tLsxCmdAliases VALUES ('IN FILE', 'TEMPLATE');
INSERT INTO tLsxCmdAliases VALUES ('IN FILE', 'IN FILE');
INSERT INTO tLsxCmdAliases VALUES ('IN FILE', 'DO FILE');INSERT INTO tlsxCmdSyntaxHead VALUES ('IN FILE', '1', '4', 'Processes a listix format wich is contained into a file. Each line of the file is treated as text.');
INSERT INTO tlsxCmdSyntaxHead VALUES ('IN FILE', '2', '2', 'Set the once mode which makes the files to be loaded only once.');INSERT INTO tlsxCmdSyntaxParams VALUES ('IN FILE', '1', '0', 'fileWithFormat', '', 'File name containing the listix text format.');
INSERT INTO tlsxCmdSyntaxParams VALUES ('IN FILE', '2', '1', 'ONCE MODE', '', '');
INSERT INTO tlsxCmdSyntaxParams VALUES ('IN FILE', '2', '2', 'mode', 'off', 'Possible values are off (default), on, start, end. Start (set to on) and end (set to off) also clear the list of loaded files.');INSERT INTO tlsxCmdSyntaxOpts VALUES ('IN FILE', '1', 'SOLVE VAR', '1 / 0', '1', 'Default is 1, if set to 0 the content of the variable will be treat as text (no solving variables like @<myvar>)');
INSERT INTO tlsxCmdSyntaxOpts VALUES ('IN FILE', '1', 'AS TEXT', '0 / 1', '0', 'Default is 0, setting to 1 has the same effect as set SOLVE VAR to 0');
/* START PROCESSING ..\..\base\src\listix\cmds\cmdJavaMain.java */

INSERT INTO tGastItemDoc VALUES ('JAVA STATIC', 'listix_command', 'system_run', 'listix.cmds.cmdJavaMain', '3', 'To call a java method', '~~6  Calls a java static method within the same java virtual machine where Listix is running.~6  Through this command it is possible to customize a lot of functionality, from fast calculations~6  to long processes, the only limitation is the input parameters (void or String[]).~6~6  The method to call has to have one of the following signatures~6~6   1  public static String methodname ()~6   2  public static String methodname (String [])~6   3  public static String [] methodname ()~6   4  public static String [] methodname (String [])~6   5  public static anotherType methodname ()~6   6  public static anotherType methodname (String [])~6~6  Use the option ~3ARG TYPE, void~3 if the method has no arguments (1, 3, 5)~6~6  If the method return~4s type is different from String or String [] (e.g. 5, 6) the return value will be ignored~6  without producing any error.~6~6  In the cases 1 to 4 the returned String(s) will be sent to the current listix~6  target (e.g. console, variable solving etc). Note though the difference between returning a String~6  or String[] and just printing out values using System.out within the method, for example~6~6       ...~6       SETVAR, myVar, @<call method>~6~6    <call method> JAVA, class, method~6~6  The result will only be set into myVar if the method returns it, but nothing that the method~6  simply prints out (e.g. using System.out.print) will be contained in myVar.~6~6  Like in the command CALL, this command waits for the termination of the execution before~6  continue.~6~6  If the method to call needs extra libraries or classes these should be loaded previously~6  using either the Javaj variable <external_libraries> or the command ~3EXTERNAL, PATH~3.~6~6 (*) Strings can be also texts, for return value as much as for input arguments, for example~6~6    JAVA, myclass, myMethod, @<some Text>, arg2, etc~6');
INSERT INTO tGastExamples VALUES ('JAVA STATIC', 'calling java methods', '~#javaj#~6~6   <frames> F, ~3calling a java method~3~6~6   <layout of F>~6~6      EVA, 10, 10, 5, 5~6      ---,    X~6         , bTestCall~6       X , oConsola~6~6#listix#~6~6   <-- bTestCall>~6       //Calling listix.util.lsx2Html, main ...~6       JAVA STATIC, listix.util.lsx2Html, main~6       //~6       //Calling listix.lsxWriter main ...~6       JAVA STATIC, listix.lsxWriter~6       //~6       //Calling the method de.elxala.langutil.filedir.naming::toVariableName~6       // to convert ~3This is~820~8NOT(a valid \\//) file name, is it?~3~6       // into a valid variable name (e.g. for a column in a table etc)~6       //~6       JAVA, de.elxala.langutil.filedir.naming, toVariableName, //This is~820~8NOT a valid () file name, is it?~6       //~6       //Note : the last result can be obtained using the command STRCONV, TEXT-VARNAME~6       //');
INSERT INTO tGastExamples VALUES ('JAVA STATIC', 'testing math expresion', '~#javaj#~6~6   <frames> F, ~3testing math expresion algebraic <-> RPN~3, 600, 400~6~6   <layout of F>~6~6      EVA, 10, 10, 5, 5~6      ---,    , X~6         , lExp. Algebraica, eAljbr~6         , lExp. Polaca    , ePolaca~6       X , oConsola, -~6#data#~6~6~7<eAljbr>  //sin (x) / x~6~7<ePolaca> //x 3 - 6 / cos~6~6#listix#~6~6   <-- eAljbr>~6~7    JAVA STATIC, de.elxala.math.polac.aljbr2polaca, main, @<eAljbr>~6~6   <-- ePolaca>~6~7    JAVA STATIC, de.elxala.math.polac.polaca2aljbr, main, @<ePolaca>');
INSERT INTO tGastExamples VALUES ('JAVA STATIC', 'Asiste expression sample1', '~#javaj#~6~6   <frames> F, ~3Asiste string utility~3, 600, 400~6~6   <layout of F>~6~6      EVA, 10, 10, 5, 5~6      ---,    , X~6         , lAsiste expression, eAsisteStr, bGo~6       X , xSQLFilter, -, -~6~6   <sysDefaultFonts>~6      Consolas, 13, 0, TextArea~6~6#data#~6~6   <eAsisteStr> +generation +GUI -XML~6~6   <xSQLFilter wrapLines> 1~6~6#listix#~6~6   <-- bGo>~6      -->, xSQLFilter data!,, @<solve>~6~6   <-- eAsisteStr>~6      -->, xSQLFilter data!,, @<solve>~6~6   <solve>~6      JAVA STATIC, javaj.widgets.table.util.utilAsiste, getComposedWhereCondition, @<eAsisteStr>, desc~6');
INSERT INTO tGastExamples VALUES ('JAVA STATIC', 'Asiste expression sample2', '~#javaj#~6~6   <frames> F, ~3Asiste string utility for more fields~3, 600, 400~6~6   <layout of F>~6~6      EVA, 10, 10, 5, 5~6      ---,    , X~6         , lAsiste expression, eAsisteStr, allany~6       X , xSQLFilter, -, -~6~6   <layout of allany>~6      RADIO, X~6~6      rAny, rAll~6~6   <sysDefaultFonts>~6      Consolas, 13, 0, TextArea~6~6#data#~6~6   <rAny selected> 1~6   <eAsisteStr> +generation +GUI -XML~6~6   <xSQLFilter wrapLines> 1~6~6#listix#~6~6   <-- allany>~6      -->, xSQLFilter data!,, @<solve>~6~6   <-- eAsisteStr>~6      -->, xSQLFilter data!,, @<solve>~6~6   <solve>~6      JAVA STATIC, javaj.widgets.table.util.utilAsiste, @<method>, @<eAsisteStr>, desc, help~6~6~6   <method>~6      CHECK, VAR, rAny selected, //getComposedWhereCondition~6      CHECK, ==, @<rAny selected>, 1, //getComposedWhereConditionAll~6      getComposedWhereConditionAny~6');INSERT INTO tLsxCmdAliases VALUES ('JAVA STATIC', 'JAVA MAIN');
INSERT INTO tLsxCmdAliases VALUES ('JAVA STATIC', 'JAVA');INSERT INTO tlsxCmdSyntaxHead VALUES ('JAVA STATIC', '1', '2', 'Makes a call to a java public static method having String [] as parameter (e.g. main method)');INSERT INTO tlsxCmdSyntaxParams VALUES ('JAVA STATIC', '1', '0', 'javaClass', '', 'Name of the class that holds the static method to call');
INSERT INTO tlsxCmdSyntaxParams VALUES ('JAVA STATIC', '1', '1', 'method', 'main', '~Name of the static method of ~4javaClass~4 to call');
INSERT INTO tlsxCmdSyntaxParams VALUES ('JAVA STATIC', '1', '2', 'parameter', '', 'fist element of the parameter String [] of the method');
INSERT INTO tlsxCmdSyntaxParams VALUES ('JAVA STATIC', '1', '3', '...', '', 'further elements of the parameter String []');INSERT INTO tlsxCmdSyntaxOpts VALUES ('JAVA STATIC', '1', 'ARG TYPE', 'void / String[]', 'String[]', '~Set it to ~3void~3 if the method to call has no arguments');
/* START PROCESSING ..\..\base\src\listix\cmds\cmdJSON.java */

INSERT INTO tGastItemDoc VALUES ('JSON', 'listix_command', 'data_db', 'listix.cmds.cmdJSON', '5', 'Commands for building and parsing JSON results', '~~6 Commands for building and parsing JSON results~6 (right now just parsing)~6');
INSERT INTO tGastExamples VALUES ('JSON', 'JSON example', '~#javaj#~6~6   <frames>~6       oConsole, ~3JSON example~3, 200, 300~6~6#data#~6~6    <JSONData>~6       //{~6       // menu:{~31~3:~3sql~3, ~32~3:~3android~3, ~33~3:~3mvc~3},~6       // ~3rumbero~3: ~3afrosio~3,~6       // identiti: framio,~6       // telephones: [~6       //   {~6       //      loc: casa,~6       //      tel: ~3123213~3~6       //   },~6       //   {~6       //      loc: treball,~6       //      tel: ~343453453~3~6       //   }~6       //   ]~6       //}~6       //~6~6#listix#~6~6   <main>~6      JSON, EVA2VARS, JSONData~6      DUMP, data~6');INSERT INTO tLsxCmdAliases VALUES ('JSON', 'JSON');
INSERT INTO tLsxCmdAliases VALUES ('JSON', 'JSONX');INSERT INTO tlsxCmdSyntaxHead VALUES ('JSON', '1', '5', 'Parses a file containing a JSON object and creates a XMeLon schema with it');
INSERT INTO tlsxCmdSyntaxHead VALUES ('JSON', '2', '5', '@@ HERE THE DESCRIPTION OF SINTAX 2');INSERT INTO tlsxCmdSyntaxParams VALUES ('JSON', '1', '0', 'FILE2DB', '', '');
INSERT INTO tlsxCmdSyntaxParams VALUES ('JSON', '1', '1', 'JSONSourceFile', '', 'Name of JSON text file to be parsed');
INSERT INTO tlsxCmdSyntaxParams VALUES ('JSON', '1', '2', 'targetDbName', '(default db)', 'Database name where to put the result of parsing');
INSERT INTO tlsxCmdSyntaxParams VALUES ('JSON', '1', '3', 'tablePrefix', 'jsonx', '~Optional prefix for the result tables (~4prefix~4_files, ~4prefix~4_tagDef, ~4prefix~4_pathDef and ~4prefix~4_data)');
INSERT INTO tlsxCmdSyntaxParams VALUES ('JSON', '2', '4', 'FILE2VARS', '', '');
INSERT INTO tlsxCmdSyntaxParams VALUES ('JSON', '2', '5', 'JSONSourceFile', '', 'Name of JSON text file to be parsed');
INSERT INTO tlsxCmdSyntaxParams VALUES ('JSON', '2', '6', 'tablePrefix', 'jsonVars', 'Prefix for the result variable names (quasi tables)');
INSERT INTO tlsxCmdSyntaxParams VALUES ('JSON', '3', '7', 'VAR2VARS', '', '');
INSERT INTO tlsxCmdSyntaxParams VALUES ('JSON', '3', '8', 'EvaVariable', '', 'Name of eva variable containing JSON text to be parsed');
INSERT INTO tlsxCmdSyntaxParams VALUES ('JSON', '3', '9', 'tablePrefix', 'jsonVars', 'Prefix for the result variable names (quasi tables)');INSERT INTO tlsxCmdSyntaxOpts VALUES ('JSON', '2', 'TABLE POLICY', 'REDUCED / PROLIFIC', 'REDUCED', 'With table policy PROLIFIC a table for each JSON object type will be created');
INSERT INTO tlsxCmdSyntaxOpts VALUES ('JSON', '3', 'TABLE POLICY', 'REDUCED / PROLIFIC', 'REDUCED', 'With table policy PROLIFIC a table for each JSON object type will be created');
/* START PROCESSING ..\..\base\src\listix\cmds\cmdLaunch.java */

INSERT INTO tGastItemDoc VALUES ('LAUNCH', 'listix_command', 'system_run', 'listix.cmds.cmdLaunch', '3', 'To launch an external program', '~~6  Launches an external program or system command using the standard output streams (stdout stderr)~6  whithout waiting for its finalization (see also command CALL).~6  This kind of call is useful, for instance, to launch an external editor or html browser~6  or whenever a process should not block the flow of Listix.~6~6  WARNING: Avoid, or be very careful, calling critical system commands like file deletion etc.~6           and, in general, call system commands or other executables always with the proper~6           knowledge about them. Specially in this case it is strongly recomendable NOT to~6           practice the try-error approach.~6~6  ---- Notes for windows ----~6      (the same as in command CALL)~6~6  ---- General Troubleshooting ----~6      (the same as in command CALL)~6');
INSERT INTO tGastExamples VALUES ('LAUNCH', 'launching something', '~#javaj#~6~6   <frames> F, ~3launching explorer~3~6~6   <layout of F>~6~6      PANEL, X~6      bTestCall~6~6#listix#~6~6   <-- bTestCall>~6       CHECK, LINUX, LAUNCH, //explorer.exe /n,/e,/select,.~6       LAUNCH, //vi~6');INSERT INTO tLsxCmdAliases VALUES ('LAUNCH', 'LANZA');INSERT INTO tlsxCmdSyntaxHead VALUES ('LAUNCH', '1', '3', '~Launches (execute and do not wait) a command through Runtime~4s exec method using defaults output streams');INSERT INTO tlsxCmdSyntaxParams VALUES ('LAUNCH', '1', '0', 'command', '', 'program to call');
INSERT INTO tlsxCmdSyntaxParams VALUES ('LAUNCH', '1', '1', 'parameter', ' ', 'first parameter of the program');
INSERT INTO tlsxCmdSyntaxParams VALUES ('LAUNCH', '1', '2', '...', ' ', 'further parameters');INSERT INTO tlsxCmdSyntaxOpts VALUES ('LAUNCH', '1', 'ON BATCH', '1 / 0', '0', 'If true (1) executes the command using a batch file (or script in linux). Note in Windows it might be necessary in some special cases due to a bug in the java function Runtime.getRuntime().exec (I guess)');
INSERT INTO tlsxCmdSyntaxOpts VALUES ('LAUNCH', '1', 'VERBOSE', '0 / 1/ 2', '0', '~If 1 prints out the command at the beginning (~3CALL [command]~3)');
/* START PROCESSING ..\..\base\src\listix\cmds\cmdLaunchOpenFile.java */

INSERT INTO tGastItemDoc VALUES ('LAUNCH FILE', 'listix_command', 'system_run', 'listix.cmds.cmdLaunchOpenFile', '3', 'Launches the associated application and opens the given file', '~~6  Launches the default application associated with the given url or file. This command tries to be~6  OS independent. For windows calls directly the command ~3start~3 and for not windows (e.g. linux)~6  calls ~4xdg-open~4. If another call is desired use instead the command LAUNCH.~6');
INSERT INTO tGastExamples VALUES ('LAUNCH FILE', 'browse local', '~#javaj#~6~6   <frames> oSal~6~6#listix#~6~6   <helloContent>~6       //<html>Hello!</html>~6~6   <main>~6      VAR=, tmphtml, @<:lsx tmp html>~6      GEN, @<tmphtml>, helloContent~6      //generated temporary html file @<tmphtml>~6      //~6      BROWSER, @<tmphtml>~6      //browser launched.~6~6');
INSERT INTO tGastExamples VALUES ('LAUNCH FILE', 'browse calcRoute', '~#javaj#~6~6   <frames>~6      main, To google maps, 300~6~6   <layout of main>~6      EVA, 4, 4, 2, 2~6~6         ,             , X~6         , lOrigin     , eOrigin       , bOriginToMap~6         , lDestination, eDestination  , bDestToMap~6         , bRoute~6~6#data#~6~6   <eOrigin>         //48.777641,9.164349~6   <eDestination>    //48.742323,9.309448~6~6   <bOriginToMap> to Map~6   <bDestToMap> to Map~6~6#listix#~6~6   <-- bOriginToMap> LSX, MAPS1, @<eOrigin>~6   <-- bDestToMap>  LSX, MAPS1, @<eDestination>~6   <-- bRoute>~6      LSX, MAPS2, @<eOrigin>, @<eDestination>~6~6   <MAPS1>~6      BROWSER, http://maps.google.de/maps?q=@<p1>&t=m&z=19~6~6   <MAPS2>~6      BROWSER, http://maps.google.de/maps?saddr=@<p1>&daddr=@<p2>&t=m');INSERT INTO tLsxCmdAliases VALUES ('LAUNCH FILE', 'OPEN');
INSERT INTO tLsxCmdAliases VALUES ('LAUNCH FILE', 'OPEN FILE');
INSERT INTO tLsxCmdAliases VALUES ('LAUNCH FILE', 'LAUNCH OPEN');INSERT INTO tlsxCmdSyntaxHead VALUES ('LAUNCH FILE', '1', '2', 'Launches the default application for the given file');INSERT INTO tlsxCmdSyntaxParams VALUES ('LAUNCH FILE', '1', '0', 'fileName', '', 'filename to open');
/* START PROCESSING ..\..\base\src\listix\cmds\cmdListix.java */

INSERT INTO tGastItemDoc VALUES ('LISTIX', 'listix_command', 'lang_flow', 'listix.cmds.cmdListix', '3', 'Execute a listix format optionally with parameters', '~~6 Invoques a listix format optionally with arguments or parameters. Parameters passed to the format~6 are accessible using the variables @<p1>, @<p2> etc. These special variables are valid only~6 during the execution of the called format, they can be checked with the command ~3CHECK, VAR~3.~6 The command LISTIX is just another syntax of the command GENERATE. The idea is make posible~6 calling a format as it were a procedure.~6~6    Example:~6          ...~6          LISTIX, doSomething, input.dat, output.txt~6~6       <doSomething>~6          //Analyzing @<p1> and write the results onto @<p2> ...~6~6    Sometimes results convenient choosing an adecuate name for such procedures, it just~6    made the code more clear~6~6          LISTIX, ~3Analyze(in, out)~3, input.dat, output.txt~6~6    or better avoiding commas in the name~6~6          LISTIX, Analyze(in out), input.dat, output.txt~6~6       <Analyze(in out)>~6          //Analyzing etc...~6');
INSERT INTO tGastExamples VALUES ('LISTIX', 'cmd listix example', '~#javaj#~6~6   <frames> oConsole~6~6#listix#~6~6   <showThis>~6      DUMP, listix~6      //------------------------------------~6      //~6~6   <main0>~6      @<showThis>~6      LISTIX, doSomething, Chicago, Dallas~6~6   <doSomething>~6      //I will do something with ~3@<p1>~3 and ~3@<p2>~3~6      //@<viva1>~6      LISTIX, viva1, Barcelona~6      ~3and ~3~6      LISTIX, viva1, @<p2>~6~6   <viva1>~6      //@<p1> is a very nice city!~6      //');
INSERT INTO tGastExamples VALUES ('LISTIX', 'cmd listix example2', '~#javaj#~6~6   <frames> oConsole, listix command LISTIX example~6~6#listix#~6~6   <main0>~6       LISTIX, rectangle (a b), 18  , 6~6       LISTIX, rectangle (a b), 2.71, 0.92~6       LISTIX, rectangle (a b), Mrs Robinson, Joe DiMaggio~6~6   <rectangle (a b)>~6      ~3The area of a rectangle @<p1> x @<p2> is ~3~6      =, p1*p2~6      // m^2~6      //');INSERT INTO tLsxCmdAliases VALUES ('LISTIX', 'LSX');
INSERT INTO tLsxCmdAliases VALUES ('LISTIX', 'DO FORMAT');INSERT INTO tlsxCmdSyntaxHead VALUES ('LISTIX', '1', '2', 'Call a loaded listix format with parameters or arguments');INSERT INTO tlsxCmdSyntaxParams VALUES ('LISTIX', '1', '0', 'lsxFormat', '', '~Listix format to ~3call~3');
INSERT INTO tlsxCmdSyntaxParams VALUES ('LISTIX', '1', '1', 'param1', '', 'parameter');
INSERT INTO tlsxCmdSyntaxParams VALUES ('LISTIX', '1', '2', '...', '', '');INSERT INTO tlsxCmdSyntaxOpts VALUES ('LISTIX', '1', 'PARAMS', 'p1, [p2, ...]', '', 'Set parameters for listix generation (accesibles through @<p1> @<p2> etc)');
INSERT INTO tlsxCmdSyntaxOpts VALUES ('LISTIX', '1', 'LOAD FORMATS', 'file, evaUnit', '    , listix', 'Specifies file and unit for the listix formats to be used in the generation');
INSERT INTO tlsxCmdSyntaxOpts VALUES ('LISTIX', '1', 'LOAD DATA', 'file, evaUnit', '    , data', 'Specifies file and unit for the data to be used in the generation');
INSERT INTO tlsxCmdSyntaxOpts VALUES ('LISTIX', '1', 'PUSH VARIABLES', 'file, evaUnit', '    , data', '~Specifies file and unit for the variables (only one string) will be ~3pushed~3, that is, added on top of the existing data variables.');
INSERT INTO tlsxCmdSyntaxOpts VALUES ('LISTIX', '1', 'SET VAR DATA', 'EvaName, value', '', '~Affects the data to be used, either the current one or an external unit (option LOAD DATA), setting the variable ~4EvaName~4 with the value ~4value~4');
INSERT INTO tlsxCmdSyntaxOpts VALUES ('LISTIX', '1', 'PASS VAR DATA', 'EvaName', '', 'If using external data (option LOAD DATA), this option might be used to share a variable of the current data with the extern one whithout need to copy it (e.g. SET VAR DATA)');
INSERT INTO tlsxCmdSyntaxOpts VALUES ('LISTIX', '1', 'TARGET EVA', 'EvaName', '', 'Specifies the variable name where the listix generation will place the result');
INSERT INTO tlsxCmdSyntaxOpts VALUES ('LISTIX', '1', 'NEW LINE', '(NATIVE) / RT / LF / RTLF', 'NATIVE', 'Will generate the file using the new line character specified : NATIVE (default) is native to the system, RT return (ascci 13), LF line feed (ascci 10), RFLF return and line feed (13 + 10)');
INSERT INTO tlsxCmdSyntaxOpts VALUES ('LISTIX', '1', 'APPEND', '0 / 1', '0', 'If 1 then the generation will be append at the end of the file');
/* START PROCESSING ..\..\base\src\listix\cmds\cmdLoadUnit.java */

INSERT INTO tGastItemDoc VALUES ('LOAD UNIT', 'listix_command', 'lang_variables', 'listix.cmds.cmdLoadUnit', '4', 'Load an EvaUnit into current data or listix formats ...', '~~6 Loads from a file an eva unit either into the unit #data# or the unit #listix#.~6~6 This can be used to load data or logic dynamically. Another use is to load the last state~6 of the variables of the application (see also DUMP), for example:~6~6       <main0>~6          LOAD, data, myAppPersist.txt~6~6       <-- javaj exit>~6          DUMP, data, myAppPersist.txt~6~6    NOTE: Loading data in this way produce variables of the #data# section being replaced~6          by the variables found in the file. This is usually the desired behaviour for a~6          final application, but during development it could be a problem: if we change in the~6          script contents of variables in the data section this can be ovewritten by the command~6          load, so it is a good idea to disable this LOAD during developement.~6');
INSERT INTO tLsxCmdAliases VALUES ('LOAD UNIT', 'LOAD');INSERT INTO tlsxCmdSyntaxHead VALUES ('LOAD UNIT', '1', '4', 'Loads a unit either in data or listix formats');INSERT INTO tlsxCmdSyntaxParams VALUES ('LOAD UNIT', '1', '0', 'data|formats|listix', '', 'Target EvaUnit, either data or formats (or equivalently listix)');
INSERT INTO tlsxCmdSyntaxParams VALUES ('LOAD UNIT', '1', '1', 'fileName', '', '~File name where the EvaUnit ~4unitFormats~4 is to be found');INSERT INTO tlsxCmdSyntaxOpts VALUES ('LOAD UNIT', '1', 'UNIT2LOAD', 'nameOfEvaUnit', '~data~2formats~2listix', '~EvaUnit to be load from the file, if not specified it has the same name as the target EvaUnit (~4data~4, ~4formats~4 or ~4listix~4)');
INSERT INTO tlsxCmdSyntaxOpts VALUES ('LOAD UNIT', '1', 'MERGE', 'CLEAN/REPLACE/ADD', 'REPLACE', 'CLEAN: Clean current before merging, REPLACE: replacing existing Evas, ADD: Adding lines to existing Evas');
/* START PROCESSING ..\..\base\src\listix\cmds\cmdLoadVariable.java */

INSERT INTO tGastItemDoc VALUES ('LOAD VAR', 'listix_command', 'lang_variables', 'listix.cmds.cmdLoadVariable', '7', 'Loads a variable from a file', '~~6 Loads a variable from a file');
INSERT INTO tGastExamples VALUES ('LOAD VAR', 'sample loadvar 1', '~#listix#~6~6   <fileContent>~6      //#dicc#~6      //~6      //   <number> 1556~6      //   <people>~6      //      ID, NAME~6      //      8282, Ramon~6      //      7273, Eli~6~6   <main>~6     GEN, :mem fi, fileContent~6     VAR&, gentes, people, :mem fi, dicc~6         , SET, single, number~6     //~6     //People I know~6     //~6     LOOP, VAR, gentes~6         ,, //@<ID>: @<NAME>~6     //~6     //Value of single @<single>~6     //');INSERT INTO tLsxCmdAliases VALUES ('LOAD VAR', 'LOAD VARIABLE');
INSERT INTO tLsxCmdAliases VALUES ('LOAD VAR', 'LOAD EVA');
INSERT INTO tLsxCmdAliases VALUES ('LOAD VAR', 'VAR&');INSERT INTO tlsxCmdSyntaxHead VALUES ('LOAD VAR', '1', '7', 'Loads a variable from a file');INSERT INTO tlsxCmdSyntaxParams VALUES ('LOAD VAR', '1', '0', 'variableName', '', 'Name of Eva variable to be set');
INSERT INTO tlsxCmdSyntaxParams VALUES ('LOAD VAR', '1', '1', 'srcVariableName', '', 'Variable name in the file, if not provided variableName is used');
INSERT INTO tlsxCmdSyntaxParams VALUES ('LOAD VAR', '1', '2', 'filename', '', 'Filename containing the variable to loadValue');
INSERT INTO tlsxCmdSyntaxParams VALUES ('LOAD VAR', '1', '3', 'unit', 'data', 'Name of eva unit that contains the variable');INSERT INTO tlsxCmdSyntaxOpts VALUES ('LOAD VAR', '1', 'FILE', 'fileName', '', 'filename where to load the variable(s), if given it overrides the one given in 2nd parameters');
INSERT INTO tlsxCmdSyntaxOpts VALUES ('LOAD VAR', '1', 'UNIT', 'unitName', '', 'evaunit name to load, if given it overrides the one given in 3th parameter');
INSERT INTO tlsxCmdSyntaxOpts VALUES ('LOAD VAR', '1', 'SET', 'variableName, srcVarName', '', 'pair variableName-scrVarName (default variableName) to set');
INSERT INTO tlsxCmdSyntaxOpts VALUES ('LOAD VAR', '1', 'ADD', 'variableName, srcVarName', '', 'pair variableName-scrVarName (default variableName) to add or append');
/* START PROCESSING ..\..\base\src\listix\cmds\cmdLoopTable.java */

INSERT INTO tGastItemDoc VALUES ('LOOP TABLE', 'listix_command', 'lang_flow', 'listix.cmds.cmdLoopTable', '8', 'To perform loops in listix formats', '~~6 Loops are performed using the commands LOOP TABLE and RUN LOOP. All loops do basically the~6 same: execute a format (body) for each row of a table. Each syntax of LOOP TABLE determines~6 in a different way how the table to be looped is obtained, from a varible, a SQL etc.~6 The table itself does not have to be a real table, for example ~3LOOP, FOR, ii, 1, 10~3 would~6 loop a virtual table of one column named ~3ii~3 containing the values 1, 2, 3, .. 10 in its rows.~6~6 During the loop the format being executed (body) can access the values of the columns by its name~6 and also row information, specifically during the loop following variables can be accessed~6~6    @<:lsx ROWS> : number of rows in the loop~6    @<:lsx ROW>  : number of current row~6    @<COLUMNNAME> : value of the column named COLUMNNAME in the current row~6~6 If a column has the same name as other already existent variable, then the column hides temporally~6 the variable. As soon as the loop is finished, the variable will become again ~3visible~3.~6 This kind of ~3masking variables~3 happens as well when loop is executed within another loop, and so on.~6~6 Body of the loop~6 -----------------------~6~6 The body of the loop are in general text and/or commands or both mixed. It can be passed using~6 the option BODY as many times as lines has the body. For example:~6~6          LOOP, arguments...~6              , BODY, //first line of body~6              , BODY, //second line etc~6~6 Since BODY is the default option of LOOP, it is possible to omit it~6~6          LOOP, arguments...~6              ,, //first line of body~6              ,, //second line etc~6~6 As said before the body might contain any text combination of text and commands, actually the body~6 acts as a virtual listix format. But of course it is still possible to separate it physically.~6 For example~6~6          LOOP, arguments...~6              ,, @<my body>~6~6 or~6          LOOP, arguments...~6              ,, LISTIX, my body~6~6 HEAD, TAIL and ~3IF EMPTY~3~6 -----------------------------~6~6 As the option BODY, HEAD, TAIL and IF EMPTY are also virtual listix formats that might be given~6~6~6 Looping the loop~6 -----------------------~6 Inner loops (loop within a loop) are of course possible and often necessary. For example~6~6    <format1>~6       LOOP, FOR, indx, 1, 10~6           ,, //Index @<indx>~6           ,, LOOP, FOR, subIndx, 1, 5~6           ,,     ,, //   Sub-Index @<subIndx>~6~6 One special inner loop is done by the syntax COLUMNS. ~3LOOP, COLUMNS~3 is by definition a nested loop,~6 since it always acts on the current row of the ~3outer~3 loop (previous loop before LOOP COLUMNS).~6 What it really loops is a virtual table with two columns: ~3columnName~3 and ~3columnValue~3, which~6 contain as much rows as columns has the outer loop. For example if looping the table~6~6       <table>~6          id1  , id2,  lastID, name~6          011  , aaa,  AAAAAA, Product A~6          022  , bbb,  BBBBBB, Product A++~6~6 calling LOOP, COLUMNS on the second record will loop the table~6~6       ~3<virtual table>~3~6          columnName, columnValue~6          id1       , 022~6          id2       , bbb~6          lastID    , BBBBBB~6          name      , Product A++~6~6 This can be very useful, for example the loop~6~6    LOOP, SQL,, //SELECT * FROM mytable~6        ,, //Record #@<:lsx ROW>~6        ,, LOOP, COLUMNS~6        ,,     ,, //@<columnName>: @<columnValue>~6        ,,~6~6 prints out all records of the given query.~6');
INSERT INTO tGastExamples VALUES ('LOOP TABLE', 'first loop', '~#javaj#~6~6   <frames>  oConsolar, ~3first loop~3~6~6#data#~6~6    <people>~6       id, name   , desc~6       01, Gastona, framework~6       02, Listix , generator~6       03, Javaj  , GUI maker~6~6#listix#~6~6   <main0>~6      LOOP, EVA, people~6          ,, //Hello @<name>, little big @<desc>!~6');INSERT INTO tLsxCmdAliases VALUES ('LOOP TABLE', 'LOOP');
INSERT INTO tLsxCmdAliases VALUES ('LOOP TABLE', 'MR LOOP');
INSERT INTO tLsxCmdAliases VALUES ('LOOP TABLE', 'SIR LOOP');
INSERT INTO tLsxCmdAliases VALUES ('LOOP TABLE', 'BUCLE');INSERT INTO tlsxCmdSyntaxHead VALUES ('LOOP TABLE', '1', '8', '~Loops the table contained in the Eva variable ~4evaName~4');
INSERT INTO tlsxCmdSyntaxHead VALUES ('LOOP TABLE', '2', '8', '~Loops the table result of the SQL query ~4SelectQuery~4 from the sqlite database ~4sqliteDBName~4');
INSERT INTO tlsxCmdSyntaxHead VALUES ('LOOP TABLE', '3', '3', '~Set a table with columns : parentPath, fileName, extension, date, size, fullPath, fullParentPath and fullSubPath of the files found in ~4path~4 that have of the given extensions');
INSERT INTO tlsxCmdSyntaxHead VALUES ('LOOP TABLE', '4', '3', 'Make a typical for');
INSERT INTO tlsxCmdSyntaxHead VALUES ('LOOP TABLE', '5', '4', '~Sets a virtual table with the fields ~4columnName~4 and ~4columnValue~4 of the current iteration of the current loop.');INSERT INTO tlsxCmdSyntaxParams VALUES ('LOOP TABLE', '1', '0', 'EVA', '', '');
INSERT INTO tlsxCmdSyntaxParams VALUES ('LOOP TABLE', '1', '1', 'evaName', '', 'Name of Eva variable that contains the table');
INSERT INTO tlsxCmdSyntaxParams VALUES ('LOOP TABLE', '1', '2', 'evaUnit', '', 'Name of EvaUnit where the Eva variable is to be found. If specified also evaFile must be specified');
INSERT INTO tlsxCmdSyntaxParams VALUES ('LOOP TABLE', '1', '3', 'evaFile', '', '~File name where the ~4evaUnit~4 and within it ~4evaName~4 are to be found');
INSERT INTO tlsxCmdSyntaxParams VALUES ('LOOP TABLE', '2', '4', 'SQL', '', '');
INSERT INTO tlsxCmdSyntaxParams VALUES ('LOOP TABLE', '2', '5', 'sqliteDBName', '(default db)', 'Database from which the query will be executed. If not given a global and temporary database will be used instead.');
INSERT INTO tlsxCmdSyntaxParams VALUES ('LOOP TABLE', '2', '6', 'SelectQuery', '', 'Select query (also sqlite pragma is accepted)');
INSERT INTO tlsxCmdSyntaxParams VALUES ('LOOP TABLE', '3', '7', 'FILES', '', '');
INSERT INTO tlsxCmdSyntaxParams VALUES ('LOOP TABLE', '3', '8', 'path', '', 'Path to be scaned recursively for file names');
INSERT INTO tlsxCmdSyntaxParams VALUES ('LOOP TABLE', '3', '9', 'extension', '', 'File name extension to be included, also comma separated extensions are possible');
INSERT INTO tlsxCmdSyntaxParams VALUES ('LOOP TABLE', '3', '10', '...', '', 'Further extensions');
INSERT INTO tlsxCmdSyntaxParams VALUES ('LOOP TABLE', '4', '11', 'FOR', '', '');
INSERT INTO tlsxCmdSyntaxParams VALUES ('LOOP TABLE', '4', '12', 'indexName', '', '~Variable name for the index of the FOR (default ~3forIndex~3)');
INSERT INTO tlsxCmdSyntaxParams VALUES ('LOOP TABLE', '4', '13', 'initialValue', '', 'Initial value for the loop');
INSERT INTO tlsxCmdSyntaxParams VALUES ('LOOP TABLE', '4', '14', 'endValue', '', 'Final value for the loop');
INSERT INTO tlsxCmdSyntaxParams VALUES ('LOOP TABLE', '4', '15', 'increment', '1', 'Increment');
INSERT INTO tlsxCmdSyntaxParams VALUES ('LOOP TABLE', '5', '16', 'COLUMNS', '', '');
INSERT INTO tlsxCmdSyntaxParams VALUES ('LOOP TABLE', '6', '17', 'TEXT FILE', '', '');
INSERT INTO tlsxCmdSyntaxParams VALUES ('LOOP TABLE', '6', '18', 'fileName', '', 'File name to open and loop');INSERT INTO tlsxCmdSyntaxOpts VALUES ('LOOP TABLE', 'x', 'BODY', 'subcommand', '', '~Executed on each iteration, note that this is the default option thus the word ~3BODY~3 can be omited');
INSERT INTO tlsxCmdSyntaxOpts VALUES ('LOOP TABLE', 'x', 'HEAD', 'subcommand', '', 'Executed (if rows >= 1) before the body execution of the first row. On executing HEAD loop column variables are set to the first row');
INSERT INTO tlsxCmdSyntaxOpts VALUES ('LOOP TABLE', 'x', 'TAIL', 'subcommand', '', 'Executed (if rows >= 1) after the body execution of the last row. On executing TAIL there are not loop column variables set');
INSERT INTO tlsxCmdSyntaxOpts VALUES ('LOOP TABLE', 'x', 'IF NO RECORD', 'subcommand', '', 'Executed if the table to loop result in 0 rows that is the table is empty.');
INSERT INTO tlsxCmdSyntaxOpts VALUES ('LOOP TABLE', 'x', 'LINK', 'text4LinkRows', '', 'Text to be used as link between each two records in the loop. The default value is the native return RT or RT+LF');
INSERT INTO tlsxCmdSyntaxOpts VALUES ('LOOP TABLE', 'x', 'WHILE SAME', 'fieldName', '', 'Continue the loop while the value of fieldName and its predecessors remains the same (or until any of them change)');
INSERT INTO tlsxCmdSyntaxOpts VALUES ('LOOP TABLE', 'x', 'ON DIFFERENT', 'fieldName', '', 'Perform the loop only on different values of fieldName or any of its predecessors (skip records with same value)');
INSERT INTO tlsxCmdSyntaxOpts VALUES ('LOOP TABLE', 'x', 'FILTER', 'fieldName, operator, value', '', 'Skip records that do not meet the given condition for the field. If more filters are given, skip those records that do not meet any of the filters (OR join)');
INSERT INTO tlsxCmdSyntaxOpts VALUES ('LOOP TABLE', 'x', 'START ROW', 'numerical expression', '0', 'Start the loop at this row. Negative value or no value reults in row 0 which is the first one');
INSERT INTO tlsxCmdSyntaxOpts VALUES ('LOOP TABLE', 'x', 'END ROW', 'numerical expression', '-1', 'End the loop at this row. The value -1 or no value means end of table');
INSERT INTO tlsxCmdSyntaxOpts VALUES ('LOOP TABLE', 'x', 'LIMIT ROWS', 'numerical expression', '-1', 'Maximum number of rows to be iterated. The value -1 or no value means no limit');
INSERT INTO tlsxCmdSyntaxOpts VALUES ('LOOP TABLE', '3', 'EXTENSIONS', 'extension, extension', '', 'Add extensions as is done in the arguments extension');
INSERT INTO tlsxCmdSyntaxOpts VALUES ('LOOP TABLE', '3', 'PATHFILTERS', 'opt, regexp, ...', '', 'Add filters for path elements like +-E (extension) +-D (directory) +-F (filename). Example, : -D, \.git, -D, lint');
INSERT INTO tlsxCmdSyntaxOpts VALUES ('LOOP TABLE', '3', 'RECURSIVE', '1/0', '1', '~If ~41~4 (default) then the seach of files will be recusive otherwise not');
/* START PROCESSING ..\..\base\src\listix\cmds\cmdMicoHTTPServer.java */

INSERT INTO tGastItemDoc VALUES ('MicoHttpServer', 'listix_command', 'internet', 'listix.cmds.cmdMicoHTTPServer', '3', 'Mini http server using listix language', '~~6 Micohttp is a http server that uses listix language to generate the http responses.~6~6 The server can be started listening to a specific available TCP/IP port.~6 Once started it can accept http requests and respond with contents.~6~6## Responding to Http requests~6~6 Given a general GET request, for instance~6~6        GET /myresource?parameters~6~6 If the file ~3myresurce~3 exists as a physical file starting from the current directory where micoHttp is running,~6 then the file is served as response for the request.~6~6 If the file does not exist then it looks for a listix format or variable with the name ~3GET /myresource~3 (in the example)~6 and if the format exists it is executed and the output sent as response for the request.~6~6 The parameters of the request are passed as if they where variables to the format~6~6 For example the format~6~6       <GET /hola>~6           //Hola @<nombre>!~6~6 Will respond with the text~6~6        ~3Hola pavo!~3~6~6 if we do the request~6~6        GET /hola?nombre=pavo~6~6 The rest of methods like POST, PUT, etc are served using formats as done by GET when the file does not exists.~6~6 For example a POST receiver delegating the task to another listix format~6~6       <POST /saveThat>~6          LSX, saveContent~6          //ok, done~6~6## Variables accesibles while processing a request~6~6 On each request, if this is going to be processed by a listix format, following~6 information is accessible via these variables~6~6        _myMicoName       Name of the mico server that receives the request (name is given in START syntax)~6        _requestIP        IP of the client that do the request~6        _bodyMemFileName  Name of the memory file containing the body of the request if any~6                          (this name can be obtained also as ~3:mem @<_myMicoName> httpRequestBODY~3)~6~6        _uploadedFilesCount  Number of files to be uploaded in case of upload~6        _uploadedFileX       File name of file X, where X is a number between 0 and _uploadedFilesCount - 1~6~6## Serving files~6~6 The described way of serving files with the method GET is the default one and it limits~6 the ~3visibility~3 to the current directory and subdirectories plus following restrictions:~6~6 <ul>~6    <li> Files or paths starting with ~3hide_~3, ~3hidden_~3 or ~3nopublic~3~6    <li> Files and folders under the directory ~3hide~3 or ~3hidden~3~6 </ul>~6~6 But micoHttp can also be abilitated to serve any file in the operative system, so a simple~6 file server can be built easily with it. This behaviour can be achieved using the option ~3FILE SERVER STR~3~6 in the syntax START.~6');
INSERT INTO tGastExamples VALUES ('MicoHttpServer', 'micoHttpExample1', '~#javaj#~6~6    <frames> oConso~6~6#listix#~6~6    <main>~6       micohttp, start, monoMico~6~6   <GET />~6     //<html>~6     //<body>~6     //   <form action=~4formulario1~4>~6     //      Your name : <input type=~4text~4 name=~4yourName~4 value=~4Gastonchen~4><br>~6     //      Yout hobby: <input type=~4text~4 name=~4yourHobby~4 value=~4fencing~4><br>~6     //      <input type=~4submit~4 value=~4Submit~4>~6     //   </form>~6     //   <p> Click the ~4Submit~4 button .</p>~6     //</body>~6     //</html>~6~6   <GET /formulario1>~6     //<html>~6     //<body>~6     //   Hello @<yourName>! nice to meet you<br>~6     ~3   Hi you ~3~6     IN CASE, @<yourHobby>~6            , soccer, Maradona~6            , tennis, McEnroe~6            , baseball, DiMaggio~6            , formula1, Fittipaldi~6            , chess, Bobby Fischer~6            , ELSE, Champion~6     //!<br>~6     //   Da ya wan a repeat the funny test ?<br><br>~6     //   <a href=~3/~3>Oh yeah! Let~4s check out it again!</a><br>~6     //   <a href=~3/?acabamico~3>Not really...</a><br>~6     //</body>~6     //</html>');
INSERT INTO tGastExamples VALUES ('MicoHttpServer', 'micoAjaxWithForm', '~#javaj#~6~6    <frames> oConso~6~6#listix#~6~6    <main>~6       NUM=, canto, 0~6       micohttp, start, monoMico~6~6   <GET />~6     //@<pajax>~6~6   <POST /habla.ajax>~6     //At @<canto> you send me :~6     NUM=, canto, canto + 1~6     LOOP, TEXT FILE, @<_bodyMemFileName>~6         ,, @<value>~6~6   <pajax>~6      //<html>~6      //<body>~6      //~6      //<script type=~3text/javascript~3>~6      //   function ajaxFunction()~6      //   {~6      //      var htepo = (window.XMLHttpRequest) ? new XMLHttpRequest(): (window.ActiveXObject) ? new ActiveXObject(~3Microsoft.XMLHTTP~3): null;~6      //      if (htepo == null)~6      //      {~6      //         alert(~3Your browser does not support XMLHTTP!~3);~6      //      }~6      //      htepo.onreadystatechange = function () {~6      //            if (htepo.readyState === 4) {~6      //               if (htepo.status === 200) {~6      //                  document.miForm.responsivo.innerHTML = htepo.responseText;~6      //               }~6      //               else {~6      //                  var amsosorry = ~3Sorry! the server does not respond\n save your data somewhere and try it again later~3;~6      //                  document.getElementById (~3statusLabel~3).innerHTML = (amsosorry);~6      //                  alert (amsosorry);~6      //               }~6      //            }~6      //         }~6      //~6      //      htepo.open(~3POST~3,~3habla.ajax~3,true);~6      //      htepo.send(~3tellme ~3 + encodeURI (document.miForm.username.value) + ~3 fin.~3);~6      //   }~6      //</script>~6      //~6      //   <form name=~3miForm~3>~6      //       Write something : <input type=~3text~3 name=~3username~3 onkeyup=~3ajaxFunction();~3 /><br>~6      //       Server response<br><br>~6      //       <textarea name=~3responsivo~3></textarea>~6      //   </form>~6      //   <br><br>~6      //   <label id=~3statusLabel~3></label>~6      //~6      //</body>~6      //</html>~6      //~6~6');
INSERT INTO tGastExamples VALUES ('MicoHttpServer', 'whoareyou', '~#javaj#~6~6   <frames> oCanso~6~6#listix#~6~6~7  <PORTOS> 1616~6~6   <main0>~6      //CONNECT TO ME TO KNOW WHO ARE YOU~6      // http://@<:lsx host name>:@<PORTOS>~6      // http://@<:lsx host ip>:@<PORTOS>~6      //~6      mico, start, whou, @<PORTOS>~6          , VERBOSE, 2~6~6~6   <GET />~6      //<h1> YOUR IP IS @<_requestIP></h1><br>~6      //');
INSERT INTO tGastExamples VALUES ('MicoHttpServer', 'simple file server', '~#javaj#~6~6    <frames> oConso~6~6#listix#~6~6   <main>~6      VAR=, eCurrentDir, @<:sys user.dir>~6~6      MICOHTTP, START, fileCiervo~6              , FILE SERVER STR, @<FS>~6              , VERBOSE LEVEL, 2~6~6   <FS> //:SFILE:~6~6   <GET />~6      LSX, MAIN_PAGE~6~6   <GET /setdir>~6      VAR=, eCurrentDir, @<dir>~6      LSX, MAIN_PAGE~6~6   <GET /parent>~6      VAR=, eCurrentDir, @<prevDir>~6      LSX, MAIN_PAGE~6~6   <GET /thisIsTheEndMyFriend>~6      MICOHTTP, STOP, fileCiervo~6      MSG, javaj doExit~6~6   <MAIN_PAGE>~6     //<html>~6     // <style>~6     //    * {~6     //       font-family: Consolas, Tahoma, sans-serif;~6     //       margin-left: 0px;~6     //       margin-right: 0px;~6     //    }~6     // </style>~6     //<body>~6     //   Current Path : <a href=~3/setdir?dir=@<eCurrentDir>~3>@<eCurrentDir></a><br>~6     //~6     // <table>~6     //    <tr><th> Subdir name</tr>~6     //    <tr> <td> &lt;DIR&gt; <td> <a href=~3/parent~3> .. (parent folder)</a></tr>~6     //~6     LOOP, DIRS, @<eCurrentDir>~6         , RECURSIVE, 0~6         , BODY     , //<tr> <td> &lt;DIR&gt; <td>subdir <a href=~3/setdir?dir=@<fullPath>~3> @<fileName></a></tr>~6~6     //~6     // </table>~6     // <table>~6     //    <tr><th> Size <th><th> Date time <th> File name</tr>~6     //~6     LOOP, FILES, @<eCurrentDir>~6         , RECURSIVE, 0~6         , BODY     , //<tr> <td align=~3right~3> @<TAMA> <td> @<date> <td> <a href=~3@<FS>/@<:linux-path fullPath>~3> @<fileName></a></tr>~6     // </table>~6     //~6     //   <br><br><a href=~3/thisIsTheEndMyFriend~3>FINISH FILE SERVER</a><br>~6     //</body>~6     //</html>~6~6   <prevDir>~6      STRCONV, PATH-SOLVE, @<eCurrentDir>/..~6~6   <TAMA> JS, @<sizeJS>~6~6   <sizeJS>~6      //function bytes2Str(num)~6      //{~6      //   var units = [~3bytes~3, ~3Kb~3, ~3MB~3, ~3GB~3, ~3TB~3];~6      //   if (num == 0) return ~30 ~3 + units[0];~6      //   var ndig = Math.min (units.length-1, Math.floor (1 + Math.log10((num < 0 ? -num: num)/1024)/3));~6      //   return Math.round (num * Math.pow(1024, - ndig)) + ~3 ~3 + units [ndig];~6      //}~6      //~6      //bytes2Str (@<size>);');INSERT INTO tLsxCmdAliases VALUES ('MicoHttpServer', 'MICOHTTPSERVER');
INSERT INTO tLsxCmdAliases VALUES ('MicoHttpServer', 'MICOHTTP');
INSERT INTO tLsxCmdAliases VALUES ('MicoHttpServer', 'MICO');
INSERT INTO tLsxCmdAliases VALUES ('MicoHttpServer', 'MONOHTTPSERVER');
INSERT INTO tLsxCmdAliases VALUES ('MicoHttpServer', 'MONOHTTP');
INSERT INTO tLsxCmdAliases VALUES ('MicoHttpServer', 'MONO');INSERT INTO tlsxCmdSyntaxHead VALUES ('MicoHttpServer', '1', '3', 'Start a mico http server');
INSERT INTO tlsxCmdSyntaxHead VALUES ('MicoHttpServer', '2', '3', 'Close a mico http server');
INSERT INTO tlsxCmdSyntaxHead VALUES ('MicoHttpServer', '3', '3', 'Get the port number the server is listening to');
INSERT INTO tlsxCmdSyntaxHead VALUES ('MicoHttpServer', '4', '3', 'Set a header for the current response of the given server');
INSERT INTO tlsxCmdSyntaxHead VALUES ('MicoHttpServer', '5', '3', 'Set response parameters for the given server');
INSERT INTO tlsxCmdSyntaxHead VALUES ('MicoHttpServer', '6', '3', 'Start a mico http server and close it after a timeout with no request (default 6 s)');
INSERT INTO tlsxCmdSyntaxHead VALUES ('MicoHttpServer', '7', '3', 'Set the maximum size for a file to be uploaded');
INSERT INTO tlsxCmdSyntaxHead VALUES ('MicoHttpServer', '8', '3', 'Set the maximum timeout when uploading');INSERT INTO tlsxCmdSyntaxParams VALUES ('MicoHttpServer', '1', '0', 'START', '', '');
INSERT INTO tlsxCmdSyntaxParams VALUES ('MicoHttpServer', '1', '1', 'serverName', '', 'Name of the server');
INSERT INTO tlsxCmdSyntaxParams VALUES ('MicoHttpServer', '1', '2', 'Port', '0', 'Port number to serve, 0 for having it automatically assigned and -1 (default) for mono-client and launch-browse mode');
INSERT INTO tlsxCmdSyntaxParams VALUES ('MicoHttpServer', '2', '3', 'STOP', '', '');
INSERT INTO tlsxCmdSyntaxParams VALUES ('MicoHttpServer', '2', '4', 'serverName', '', 'Name of the server to stop');
INSERT INTO tlsxCmdSyntaxParams VALUES ('MicoHttpServer', '3', '5', 'GET PORT', '', '');
INSERT INTO tlsxCmdSyntaxParams VALUES ('MicoHttpServer', '3', '6', 'serverName', '', 'Name of the server to get the port number');
INSERT INTO tlsxCmdSyntaxParams VALUES ('MicoHttpServer', '4', '7', 'SET RESPONSE HEADER', '', '');
INSERT INTO tlsxCmdSyntaxParams VALUES ('MicoHttpServer', '4', '8', 'serverName', '', 'Name of the server');
INSERT INTO tlsxCmdSyntaxParams VALUES ('MicoHttpServer', '4', '9', 'headerName', '', 'Header name');
INSERT INTO tlsxCmdSyntaxParams VALUES ('MicoHttpServer', '4', '10', 'headerValue', '', 'Header value');
INSERT INTO tlsxCmdSyntaxParams VALUES ('MicoHttpServer', '5', '11', '...', '', 'further header name-value pairs');
INSERT INTO tlsxCmdSyntaxParams VALUES ('MicoHttpServer', '5', '12', 'SET RESPONSE VARIABLE', '', '');
INSERT INTO tlsxCmdSyntaxParams VALUES ('MicoHttpServer', '5', '13', 'serverName', '', 'Name of the server');
INSERT INTO tlsxCmdSyntaxParams VALUES ('MicoHttpServer', '5', '14', 'variableName', '', 'variable name');
INSERT INTO tlsxCmdSyntaxParams VALUES ('MicoHttpServer', '5', '15', 'variableValue', '', 'variable value');
INSERT INTO tlsxCmdSyntaxParams VALUES ('MicoHttpServer', '5', '16', '...', '', 'further variable name-value pairs');
INSERT INTO tlsxCmdSyntaxParams VALUES ('MicoHttpServer', '6', '17', 'ONE GET', '', '');
INSERT INTO tlsxCmdSyntaxParams VALUES ('MicoHttpServer', '6', '18', 'millisec', '0', 'Millisecond to wait atfer having served the first request and before closing the server');
INSERT INTO tlsxCmdSyntaxParams VALUES ('MicoHttpServer', '6', '19', 'serverName', '', 'Optional name of the server');
INSERT INTO tlsxCmdSyntaxParams VALUES ('MicoHttpServer', '6', '20', 'Port', '0', 'Port number to serve, 0 for having it automatically assigned and -1 (default) for mono-client and launch-browse mode');
INSERT INTO tlsxCmdSyntaxParams VALUES ('MicoHttpServer', '7', '21', 'SET UPLOAD MAX SIZE', '', '');
INSERT INTO tlsxCmdSyntaxParams VALUES ('MicoHttpServer', '7', '22', 'serverName', '', 'Server name');
INSERT INTO tlsxCmdSyntaxParams VALUES ('MicoHttpServer', '7', '23', 'maxSizeInBytes', '10000000', 'Max size in bytes for a file to upload (default less that 10 MB)');
INSERT INTO tlsxCmdSyntaxParams VALUES ('MicoHttpServer', '8', '24', 'SET UPLOAD SOCKET TIMEOUT', '', '');
INSERT INTO tlsxCmdSyntaxParams VALUES ('MicoHttpServer', '8', '25', 'serverName', '', 'Server name');
INSERT INTO tlsxCmdSyntaxParams VALUES ('MicoHttpServer', '8', '26', 'maxSizeInBytes', '40000', 'Max socket timeout in milliseconds, time between partial reads, default is 40 s');INSERT INTO tlsxCmdSyntaxOpts VALUES ('MicoHttpServer', '1', 'FILE SERVER STR', 'string', ':SF:/', '~Tells micoHttp to serve any file of the file system when request a ~3GET /FSStr/fullPath~3 where FSStr is the string given in the option as parameter, otherwise micoHttp only serve files from its current directory');
INSERT INTO tlsxCmdSyntaxOpts VALUES ('MicoHttpServer', '1', 'MONOCLIENT', '0 / 1', '0', '~Instructs this server to accept ONLY ONE CLIENT, namely the first one, the client might close the server using the request ~3GET /acabamico~3');
INSERT INTO tlsxCmdSyntaxOpts VALUES ('MicoHttpServer', '1', 'VERBOSE', 'level', '12', 'Set the verbosity of the server towards standard output');
INSERT INTO tlsxCmdSyntaxOpts VALUES ('MicoHttpServer', '1', 'VERBOSE FILE', 'filename', 'serverName/log', 'Set the log file to output the trace generated by the server, the file will be always open for append');
INSERT INTO tlsxCmdSyntaxOpts VALUES ('MicoHttpServer', '1', 'ZIP FILES', 'zipfile, folder', '', 'Provide a folder within a zip or jar file which entries can be served as files');
INSERT INTO tlsxCmdSyntaxOpts VALUES ('MicoHttpServer', '6', 'VERBOSE', 'level', '12', 'Set the verbosity of the server towards standard output');
INSERT INTO tlsxCmdSyntaxOpts VALUES ('MicoHttpServer', '6', 'VERBOSE FILE', 'filename', 'serverName/log', 'Set the log file to output the trace generated by the server, the file will be always open for append');
INSERT INTO tlsxCmdSyntaxOpts VALUES ('MicoHttpServer', '6', 'ZIP FILES', 'zipfile, folder', '', 'Provide a folder within a zip or jar file which entries can be served as files');
/* START PROCESSING ..\..\base\src\listix\cmds\cmdParserEVA.java */

INSERT INTO tGastItemDoc VALUES ('PARSER EVA', 'listix_command', 'data_parsers', 'listix.cmds.cmdParserEva', '4', 'Parses an EVA file and stores the data into a database', '~~6 Parses an EVA file and stores the file name and the eva structure into a database.~6');
INSERT INTO tlsxCmdSyntaxHead VALUES ('PARSER EVA', '1', '4', '~Parse ~4evaSourceFile~4 and set the result into the database ~4dbName~4 creating the schema if needed');
INSERT INTO tlsxCmdSyntaxHead VALUES ('PARSER EVA', '2', '4', '~Store into the file ~4evaTargeFile~4 the Eva from the database ~4sourceDbName~4 which file name is ~4fileNameInDB~4');INSERT INTO tlsxCmdSyntaxParams VALUES ('PARSER EVA', '1', '0', 'FILE2DB', '', '');
INSERT INTO tlsxCmdSyntaxParams VALUES ('PARSER EVA', '1', '1', 'evaSourceFile', '', 'Name of text file to be parsed');
INSERT INTO tlsxCmdSyntaxParams VALUES ('PARSER EVA', '1', '2', 'targetDbName', '(default db)', 'Database name where to put the result of parsing');
INSERT INTO tlsxCmdSyntaxParams VALUES ('PARSER EVA', '1', '3', 'tablePrefix', 'eva', '~Optional prefix for the result tables (~4prefix~4_files, ~4prefix~4_evaData)');
INSERT INTO tlsxCmdSyntaxParams VALUES ('PARSER EVA', '1', '4', 'fileNameInDB', '[evaSourceFile]', 'Optional fileName of the eva in the database');
INSERT INTO tlsxCmdSyntaxParams VALUES ('PARSER EVA', '2', '5', 'DB2FILE', '', '');
INSERT INTO tlsxCmdSyntaxParams VALUES ('PARSER EVA', '2', '6', 'fileNameInDB', '', 'Name of Eva file IN THE DATABASE (not the target Eva file!)');
INSERT INTO tlsxCmdSyntaxParams VALUES ('PARSER EVA', '2', '7', 'sourceDbName', '(default db)', 'Database name where to get the eva data from');
INSERT INTO tlsxCmdSyntaxParams VALUES ('PARSER EVA', '2', '8', 'tablePrefix', 'eva', '~Prefix for the table ~4prefix~4_evaData');
INSERT INTO tlsxCmdSyntaxParams VALUES ('PARSER EVA', '2', '9', 'evaTargeFile', '', 'Name of target Eva file');
/* START PROCESSING ..\..\base\src\listix\cmds\cmdParsons.java */

INSERT INTO tGastItemDoc VALUES ('PARSONS', 'listix_command', 'data_parsers', 'listix.cmds.cmdParsons', '4', 'Parse a text file and produce records into a database table with the result', '~~6 Parses a string or a text file and search for matches of the given patterns. The patterns are given~6 as java regular expressions with capturing groups and variable or field names for each group.~6~6 Actually there are three different syntaxes for the command but a generic syntax can be written as~6~6    PARSONS, source type, source name, target database~6           , agent 1 ...~6           , agent 2 ...~6           , ...~6~6 where ~3souce type, source name~3 can be :~6     ~3FILE, fileName~3         for parsing a file~6     ~3EVAVAR, variableName~3   for parsing a text given in an Eva variable~6     ~3STRING, stringToParse~3  for parsing directly a string~6~6 ~3target database~3 is the database name to use if some DBTABLE agent is defined~6~6 The agents defines what to match and how to store the results, the are three possible types:~6~6    DBTABLE  : stores the matched groups as records in the given database table~6    EVATABLE : stores the matched groups as records in the given eva variable~6    VAR      : stores the matched groups while parsing in the given variables (only stores last value!)~6~6 table agents has to define in the next lines a parsons pattern which basically defines the column names of the~6 table plus the regular expression pattern to be matched. PATTERN is the default option so the word ~4PATTERN~4~6 can be omited if desired, the syntax for the option pattern is~6~6    , PATTERN, colum1, colum2, ..., columN, regular expression pattern containing n groups~6~6 For example~6~6    PARSONS, ...~6           , DBTABLE, agenda,~6           , PATTERN, id, name, telephone, //id:(.*) name:(.*) tel:(.*)~6~6 will create a table containing the columns ~3id~3, ~3name~3 and ~3telephone~3 and will fill it~6 with the records found.~6~6 The VAR agent just stores the current value of a matching record. This can be useful for unique records~6 but also for capturing values that are not repeated on each record, typically header contents. In order~6 to do that we need to use the CONST feature of DBTABLE agent.~6~6 CONST content in DBTABLE agent (advanced parsons)~6 --------------------------------------------------~6 The DBTABLE agent can define aditionally a set of columns and its contents that will not come directly~6 from its regular expression matching but from constant strings or eva variables including the ones~6 generated by parsons VAR agents of the same PARSONS command. Among other possibilities it allows~6 the inclusion in a generated table of some header information, for example for parsing the text~6~6      orderNr:11012 date:2014.01.01 ...~6         prodId:18892  units:4~6         prodId:71782  units:7~6      orderNr:11042 date:2014.01.03 ...~6         prodId:11224  units:1~6~6 we can use two DBTABLE agents, one for the orders and the second for the detail lines~6 and ~3capture~3 the important link information between these two tables which is the orderNr~6~6    PARSONS, FILE   , orders.txt~6           , VAR    , orderID, //orderNr:(\d*)~6           , DBTABLE, orders~6           ,        , orderID, date, rest, //orderNr:(.*) date:(.*) (.*)~6           , DBTABLE, orderlines, CONST, orderID, @<orderID>~6           ,        , prodID, units,       //prodId:(.*) units:(.*)~6~6 so table orderlines get field orderID through the extra VAR agent for orderNr item.~6 (Note the regular expressions are naiv, not robust enough, for simplicity)~6~6~6 Regular expresions in PARSONS~6 ------------------------------------------------~6~6 The key to get something parsed is the ability (or possibility) of finding the right ~3pattern~3.~6 For that PARSONS use standard java regular expressions (see java.util.regex.Pattern documentation).~6~6 A regular expression can describe things like, beginning of line, one or more blanks, containg~6 or not containing this or that character etc. Unfortunatelly the regular expressions are not~6 preciselly easy to read but they are a proved powerful way of finding matches. To illustrate~6 this briefly, let us see an example. A text containing id, name and telephone in this way~6~6       id=9012 name=my first name tel= 111xx1111~6       id=1334 name=alea tel= 222xx222~6       ...~6~6 can be parsed using the pattern ~3id=(.*) name=(.*) tel=(.*)~3 where the parenthesis is for what~6 is called ~3Groups and capturing~3. PARSONS expect simple groups, one for each field to capture.~6 The point and asterisc ~4.*~4 is quite often used and it means : any character (.) one or more~6 times (*). The whole PARSONS command looks like~6~6   PARSONS, FILE, text.txt, myDB.db~6          , TABLE  , tableBook~6          , PATTERN, ID, NAME, TEL, //id=(.*) name=(.*) tel=(.*)~6~6 This command will parse the file text.txt and fill the database myDB.db with following records~6~6       table parsons_files~6~6           fileID  timeParse            fullPath~6           ------  -------------------  --------------------------~6           1001    2010-03-14 22:17:45  ~3path~3\text.txt~6~6       table tableBook~6~6           fileID  lineNr  lastLineNr  ID   NAME            DESC~6           ------  ------  ----------  ---- --------------  -------------~6            1001    3        3         9012  my first name  111xx1111~6            1001    4        4         1334  alea           222xx222~6~6 Since every file parsed is recorded and get automatically an id, it is possible to parse more~6 files against the same table or parse other tables all within the same database. The range of~6 lines where the record is found is also saved allowing things like openning the file and go to~6 the line etc.~6~6 Note also that the connection between the two tables (see command DBMORE) is also automatically~6 done.');
INSERT INTO tGastExamples VALUES ('PARSONS', 'parsing a text and showing the result', '~#javaj#~6~6   <frames>~6      Fmain, ~3listix command PARSONS example~3, 400, 300~6~6   <layout of Fmain>  EVA, 10, 10, 5, 5~6~6   ---, X~6    X , oConsola~6    X , tResult~6~6#listix#~6~6   <main>~6      PARSONS, EVA       , sampleText~6             , EVATABLE  , tResult~6             , PATTERN, id, name, tel, //id:(.*) name:(.*) tel:(.*)~6      -->, tResult data!~6~6   <sampleText>~6      // sample text for demo of PARSONS listix command~6      //~6      //    id:71  name:Julian tel:11199029991~6      //    id:102  name:Evarist tel:111818189292~6      //    id:43  name:Loretta tel:11118287723~6      //~6');
INSERT INTO tGastExamples VALUES ('PARSONS', 'parsons interactive', '~#javaj#~6~6   <frames>~6      Fmain, ~3PARSONS interactive~3, 600, 500~6~6   <layout of Fmain>  EVA, 10, 10, 5, 5~6~6   ---, X~6      , lText to be parsed~6    X , xSource~6      , lListix command~6    X , xLsxCommand~6      , bGo~6      , lContents of tableSalida~6    X , tResult~6~6   <sysDefaultFonts>~6      Tahoma, 12, 0, *~6      Consolas, 14, 0, TextArea~6~6#data#~6~6~7<xSource>~6      // sample file for demo of PARSONS listix command~6      //~6      // agendaId:5 descrip:trabajo~6      //    id:71  name:Julian tel:11199029991~6      //    id:102  name:Evarist tel:111818189292~6      //~6      // agendaId:9 descrip:personal~6      //    id:43  name:Loretta tel:11118287723~6      //~6~6~7<xLsxCommand>~6      //PARSONS, EVA, xSource~6      //       , CLEAR, 1~6      //       , VAR  , agendaId, desc, //agendaId:(.*) descrip:(.*)~6      //       , TABLE, tableSalida, CONST, ~3agId,agTitle~3, //@<agendaId>, ~4@<desc>~4~6      //       ,      , id, name, tel, //id:(.*) name:(.*) tel:(.*)~6~6#listix#~6~6   <-- bGo>~6      STRCONV, TEXT-EVA, xLsxCommand, lsxCommandToExecute~6      LSX, lsxCommandToExecute~6~6      -->, tResult data!, sqlSelect, //SELECT * FROM tableSalida~6');
INSERT INTO tGastExamples VALUES ('PARSONS', 'Windows DOS help', '~#javaj#~6~6   <frames> fDOSHelp, DOS commands help sample, 700, 500~6~6   <layout of fDOSHelp>~6      EVA, 10, 10, 5, 5~6~6         , X~6       X , sCommands~6       X , xHelp~6~6   <sysDefaultFonts> Consolas, 12, 0, TextArea~6~6#data#~6~6   <sCommands sqlSelect>~6      //SELECT cmdName,Description~6      //    FROM dosCmds~6      //    WHERE cmdName<>~4DISKPART~4 AND cmdName<>~4CHKNTFS~4 AND cmdName<>~4SC~4;~6~6#listix#~6~6   <main0>~6      @<exit if linux>~6      SETVAR, tmp  , @<:lsx tmp text>~6      SETVAR, xHelp fileName, @<tmp>~6      CALL, //CMD /C help > ~3@<tmp>~3~6      PARSONS, FILE, @<tmp>~6             , DBTABLE, dosCmds~6             , PATTERN, cmdName, Description, //^(\w\w*)  \s*(\w.*)~6~6   <-- sCommands>~6      CALL, //CMD /C help @<sCommands selected.cmdName> > ~3@<tmp>~3~6      MSG, xHelp load~6~6   <exit if linux>~6      CHECK, LINUX~6      BOX, I, This is a Windows specific sample~6      MSG, javaj doExit');INSERT INTO tLsxCmdAliases VALUES ('PARSONS', 'PARSER');
INSERT INTO tLsxCmdAliases VALUES ('PARSONS', 'PARSE LINES');
INSERT INTO tLsxCmdAliases VALUES ('PARSONS', 'LINE PARSER');INSERT INTO tlsxCmdSyntaxHead VALUES ('PARSONS', '1', '4', 'parse the file fileSource applying the agents defined in its options');
INSERT INTO tlsxCmdSyntaxHead VALUES ('PARSONS', '2', '4', 'parse the text given in the variable evaVarName applying the agents defined in its options');
INSERT INTO tlsxCmdSyntaxHead VALUES ('PARSONS', '3', '4', 'parse the given stringContent applying the agents defined in its options');INSERT INTO tlsxCmdSyntaxParams VALUES ('PARSONS', '1', '0', 'FILE', '', '');
INSERT INTO tlsxCmdSyntaxParams VALUES ('PARSONS', '1', '1', 'sourceFile', '', 'Name of text file to be parsed');
INSERT INTO tlsxCmdSyntaxParams VALUES ('PARSONS', '1', '2', 'targetDbName', '(default db)', 'Database name where to put the result of parsing if some agent DBTABLE is given');
INSERT INTO tlsxCmdSyntaxParams VALUES ('PARSONS', '2', '3', 'EVAVAR', '', '');
INSERT INTO tlsxCmdSyntaxParams VALUES ('PARSONS', '2', '4', 'evaVarName', '', 'Name of the eva variable containing the text file to be parsed');
INSERT INTO tlsxCmdSyntaxParams VALUES ('PARSONS', '2', '5', 'targetDbName', '(default db)', 'Database name where to put the result of parsing if some agent DBTABLE is given');
INSERT INTO tlsxCmdSyntaxParams VALUES ('PARSONS', '3', '6', 'STR', '', '');
INSERT INTO tlsxCmdSyntaxParams VALUES ('PARSONS', '3', '7', 'stringContent', '', 'Content to be parsed as string');
INSERT INTO tlsxCmdSyntaxParams VALUES ('PARSONS', '3', '8', 'targetDbName', '(default db)', 'Database name where to put the result of parsing if some agent DBTABLE is given');INSERT INTO tlsxCmdSyntaxOpts VALUES ('PARSONS', 'x', 'DBTABLE', 'tableName, [CONST, constColumns, constValues]', '', 'Start of a parse agent (pattern(s) has to follow) that will store results as records in the given tableName of the database given as command parameter. Optionally a set of constants and its values might be given, constColumns is a string with all fields comma separated (might be enclosed in quotes) and constValues a SQL expression of the values also comma separated if more than one field is given.');
INSERT INTO tlsxCmdSyntaxOpts VALUES ('PARSONS', 'x', 'EVATABLE', 'tableName, evaVarName', '', 'Start of a parse agent (pattern(s) has to follow) that will save its records in the given eva variable used as a table');
INSERT INTO tlsxCmdSyntaxOpts VALUES ('PARSONS', 'x', 'EVA', 'varName1, varName2, .., regExp', '', 'Parse agent that place the results direct in variables. The variables will contain just the last value parsed. This variables are especially useful for expressions that are not repeated (e.g. header information) and can be used in constValues of other DBTABLE agents, thus alloing this information to be stored on each record.');
INSERT INTO tlsxCmdSyntaxOpts VALUES ('PARSONS', 'x', 'PATTERN', 'field1, .., regExp', '', 'Field or column names followed by a capturing group regular expression pattern, used to match results. Several PATTERN lines can be used if the record is to be found in different lines or simply to divide a long pattern.');
INSERT INTO tlsxCmdSyntaxOpts VALUES ('PARSONS', 'x', 'IGNORE PATTERN', 'regExp', '', 'Records matching the given pattern will be ignored');
INSERT INTO tlsxCmdSyntaxOpts VALUES ('PARSONS', 'x', 'BASE PATTERN', 'field1, .., regExp', '', 'If given it acts as the common part of all database tables given in the current parsons command. When using BASE, the whole record (base + specific for each table) has to be found in a single line.');
INSERT INTO tlsxCmdSyntaxOpts VALUES ('PARSONS', 'x', 'CLEAN', '0 / 1', '0', 'Clear tables if exist before parsing');
INSERT INTO tlsxCmdSyntaxOpts VALUES ('PARSONS', 'x', 'START LINE', 'lineNr', '1', 'Line number for start parsing');
INSERT INTO tlsxCmdSyntaxOpts VALUES ('PARSONS', 'x', 'END LINE', 'lineNr', '-1', 'Line number for end parsing (-1 = to the end of file)');
INSERT INTO tlsxCmdSyntaxOpts VALUES ('PARSONS', 'x', 'LIMIT LINES', 'number', '-1', 'Maximum of lines to be parsed (-1 = no limit)');
INSERT INTO tlsxCmdSyntaxOpts VALUES ('PARSONS', 'x', 'LIMIT RECORDS', 'number', '-1', 'Maximum of records to be parsed (-1 = no limit)');
/* START PROCESSING ..\..\base\src\listix\cmds\cmdResourceUtil.java */

INSERT INTO tGastItemDoc VALUES ('RESUTIL', 'listix_command', 'system_files', 'listix.cmds.cmdResourceUtil', '3', 'Utilities for resources, urls and micro-tools', '~~6 Utilities for checking and copying resources and the named Gastona micro-tools.~6 Meaning by resource that file that can be found within the current java class path,~6 typically read only, for example a file found into a jar file.~6 A Gastona micro-tool is a resource file that will be extracted automatically~6 when needed acording with some rules defined in the resource file~6 META-GASTONA/muTools/muToolsManifest.eva.~6~6 Gastona has at least one micro-tool which is sqlite (sqlite.exe or sqlite.bin for linux) and~6 it will be extracted onto a temporary directory when required internally either by Listix~6 commands or by Javaj zWidgets related with database operations.~6');
INSERT INTO tGastExamples VALUES ('RESUTIL', 'example resource', '~#javaj#~6~6   <frames> F, ~3example listix RESOURCE~3~6~6   <layout of F>~6~6   EVA, 10, 10, 5, 5~6   ---,           ,    X      ,~6      , lResource , eResource , bCheckResource~6      , lMicroTool, eMicroTool, bCheckMicroTool~6      , lUrl      , eUrl      , bCheckUrl~6    X , oConsola  , -         , -~6~6#data#~6~6    <eResource>  javaj/img/ok.png~6    <eMicroTool> sqlite~6    <eUrl>       http://www.gastona.org/index.html~6~6    <bCheckResource> Check~6    <bCheckMicroTool> Get muTool~6    <bCheckUrl> Check~6~6#listix#~6~6   <-- bCheckResource>~6       //Check resource ~3@<eResource>~3 =~6       RESOURCE, EXISTS, @<eResource>~6       //~6       //~6~6   <-- bCheckMicroTool>~6       //Micro tool ~3@<eMicroTool>~3 = [~6       RESOURCE, MICRO TOOL, @<eMicroTool>~6       //]~6       //~6~6   <-- bCheckUrl>~6       //Check Url ~3@<eUrl>~3 =~6       RESOURCE, EXISTS URL, @<eUrl>~6       //~6       //~6');INSERT INTO tLsxCmdAliases VALUES ('RESUTIL', 'RESOURCE');
INSERT INTO tLsxCmdAliases VALUES ('RESUTIL', 'RES');INSERT INTO tlsxCmdSyntaxHead VALUES ('RESUTIL', '1', '5', 'Checks the existence of a resource file within the java class path. Return 1 if found 0 if not found');
INSERT INTO tlsxCmdSyntaxHead VALUES ('RESUTIL', '2', '5', 'Checks the existence of a resource file as url. Return 1 if found 0 if not found');
INSERT INTO tlsxCmdSyntaxHead VALUES ('RESUTIL', '3', '5', '~Return the fullpath of the executable program related with the micro tool ~4microToolName~4. If the micro tool is not yet installed then it will be previously installed');
INSERT INTO tlsxCmdSyntaxHead VALUES ('RESUTIL', '4', '5', 'Assigns a call path for the microtool, as a result the micro tool is suposed to be installed and therefore the auto installation of the micro tool will not take place when the micro tool is invoqued');
INSERT INTO tlsxCmdSyntaxHead VALUES ('RESUTIL', '5', '5', '~Copies an existent resource file or url into the directory ~4basepath~4');
INSERT INTO tlsxCmdSyntaxHead VALUES ('RESUTIL', '6', '5', 'Copies an stream url into files');
INSERT INTO tlsxCmdSyntaxHead VALUES ('RESUTIL', '7', '5', 'Moves a file to another path');INSERT INTO tlsxCmdSyntaxParams VALUES ('RESUTIL', '1', '0', 'EXISTS', '', '');
INSERT INTO tlsxCmdSyntaxParams VALUES ('RESUTIL', '1', '1', 'resourceName', '', 'Resource name, in general a class, image or any file to be found in the current java class path');
INSERT INTO tlsxCmdSyntaxParams VALUES ('RESUTIL', '2', '2', 'EXISTS URL', '', '');
INSERT INTO tlsxCmdSyntaxParams VALUES ('RESUTIL', '2', '3', 'urlName', '', 'URL name');
INSERT INTO tlsxCmdSyntaxParams VALUES ('RESUTIL', '3', '4', 'MICRO TOOL', '', '');
INSERT INTO tlsxCmdSyntaxParams VALUES ('RESUTIL', '3', '5', 'microToolName', '', 'Logic name of the micro-tool (for example: sqlite)');
INSERT INTO tlsxCmdSyntaxParams VALUES ('RESUTIL', '3', '6', 'varTarget', '', 'If given, name of the Eva variable to store the result, if not given the result will be printed out');
INSERT INTO tlsxCmdSyntaxParams VALUES ('RESUTIL', '4', '7', 'SET MICRO TOOL', '', '');
INSERT INTO tlsxCmdSyntaxParams VALUES ('RESUTIL', '4', '8', 'microToolName', '', 'Logic name of the micro-tool (for example: sqlite, ruby etc)');
INSERT INTO tlsxCmdSyntaxParams VALUES ('RESUTIL', '4', '9', 'binaryPath', '', 'Either full path or name of the binary for the micro tool in case the OS can resolve its location');
INSERT INTO tlsxCmdSyntaxParams VALUES ('RESUTIL', '5', '10', 'COPY', '', '');
INSERT INTO tlsxCmdSyntaxParams VALUES ('RESUTIL', '5', '11', 'resourceName', '', 'Resource name, in general a class, image or any file to be found in the current java class path');
INSERT INTO tlsxCmdSyntaxParams VALUES ('RESUTIL', '5', '12', 'basepath', '', '?File name target or directory name if the option AUTOSUBPATH?NEWNAME is given');
INSERT INTO tlsxCmdSyntaxParams VALUES ('RESUTIL', '6', '13', 'COPY URL', '', '');
INSERT INTO tlsxCmdSyntaxParams VALUES ('RESUTIL', '6', '14', 'resourceName', '', 'URL name to be copied');
INSERT INTO tlsxCmdSyntaxParams VALUES ('RESUTIL', '6', '15', 'toDirName', '', 'Directory name where the file is to be copied');
INSERT INTO tlsxCmdSyntaxParams VALUES ('RESUTIL', '7', '16', 'MOVE', '', '');
INSERT INTO tlsxCmdSyntaxParams VALUES ('RESUTIL', '7', '17', 'sourceName', '', 'Path of the file or resource to be moved');
INSERT INTO tlsxCmdSyntaxParams VALUES ('RESUTIL', '7', '18', 'targetName', '', '?File name target or directory name if the option AUTOSUBPATH?NEWNAME is given');
/* START PROCESSING ..\..\base\src\listix\cmds\cmdRunLoopTable.java */

INSERT INTO tGastItemDoc VALUES ('PARTIAL LOOP', 'listix_command', 'lang_flow', 'listix.cmds.cmdRunLoopTable', '7', 'Run or continues a loop changing some conditions', '~~6 PARTIAL LOOP or SUB LOOP continues a given loop changing the loop conditions for it.~6 Note that is not really a nested loop actually it does not start any loop but either:~6   continue the current one until one column change its value (option WHILE SAME)~6   or~6   skips rows while a column has the same value (option ON DIFFERENT)~6~6 It is mainly thought for header-detail reports, where the table is suppossed to contain sorted~6 header-detail information. Using PARTIAL LOOP command such reports can be done using just a single~6 loop, for instance if we build the following table about sales of products (e.g. using SQL)~6~6       customer, date, product, quantity, price, paid~6~6 we could make a report with header ~3customer~3, sub-header ~3date~3 and detail ~3products~3~6 using a single loop. For example:~6~6    <main loop>~6       LOOP, SQL,, //SELECT * FROM orders~6          ,, //Customer : @<customer>~6          ,, //~6          ,, PARTIAL LOOP, format for header date,~6          ,,             , WHILE, customer~6~6    <format for header date>~6       //  Date : @<date>~6       //~6       PARTIAL LOOP,,~6                   , WHILE, date~6                   ,, //    @<product>, @<quantity> x @<price> = @<paid>~6~6~6 An alternative way would be doing three nested loops, for example~6~6    LOOP for all customers~6        LOOP for all dates of a customer~6           LOOP for all products in a date of a customer~6~6 this would result into ~3Number of customers~3 x ~3Number of dates per customer~3 loops~6 and therefore such number of sql queries as well (1).~6~6 The options WHILE HEADER and DIFFERENT HEADER have a single column name as parameter~6 but the meaning actually is ~3either the column or one of the previous columns keep/change its~6 values~3, therefore it is important that the table is sorted by the desired header and sub-headers.~6~6 The first argument of RUN LOOP is a format name (eva variable name) for the loop body, it can be left in blank~6 if wanted to inline the body but still two columns are needed for the command. For example~6~6       PARTIAL LOOP,,~6             ,, //inline format~6             ,, //etc..~6~6 (1) Nevertheless, it has to be say that it is still a more intiutive and readable solution that the one using~6     PARTIAL LOOP. To improve the readbility of such constructions it could help having two separate commands,~6     for instance: ~3SKIP ROWS WITH SAME~3 and ~3LOOP BODY WHILE~3 instead on only one command with two syntaxes.~6');
INSERT INTO tGastExamples VALUES ('PARTIAL LOOP', 'run loop agenda sample', '~#javaj#~6~6   <frames> oConsole, ~3Sample RUN LOOP~3~6~6#data#~6~6   <telephones>~6      NAME  , KIND   , NUMBER~6      peter , private, 111~6      peter , private, 222~6      peter , private, 333~6      peter , work   , 444~6      paul  , work   , 555~6      mary  , private, 666~6      mary  , private, 777~6      mary  , work   , 888~6      mary  , work   , 999~6~6#listix#~6~6   <main0>~6      //I have the telephone numbers of @<show people>~6      //~6      //Hier is my book:~6      //~6      @<show agenda>~6~6   <show people>~6      LOOP, EVA, telephones~6          , DIFFERENT HEADER, NAME~6          , LINK, ~3, ~3~6          ,, @<NAME>~6~6   <show agenda>~6      LOOP, EVA, telephones~6          ,, //Telephones of @<NAME> :~6          ,, //~6          ,, //@<listOfAll>~6          ,, //~6          ,, //-----------------------~6~6   <listOfAll>~6      PARCIAL LOOP,,~6                  , WHILE, NAME~6                  ,, // @<KIND> : ( @<listOfPart> )~6~6   <listOfPart>~6      PARCIAL LOOP,,~6                  , WHILE, KIND~6                  , LINK, ~3, ~3~6                  ,, //@<NUMBER>');INSERT INTO tLsxCmdAliases VALUES ('PARTIAL LOOP', 'PARTIAL LOOP');
INSERT INTO tLsxCmdAliases VALUES ('PARTIAL LOOP', 'DO LOOP');
INSERT INTO tLsxCmdAliases VALUES ('PARTIAL LOOP', 'RUN TABLE');
INSERT INTO tLsxCmdAliases VALUES ('PARTIAL LOOP', 'RUN');
INSERT INTO tLsxCmdAliases VALUES ('PARTIAL LOOP', 'RUN LOOP');
INSERT INTO tLsxCmdAliases VALUES ('PARTIAL LOOP', 'SUB LOOP');INSERT INTO tlsxCmdSyntaxHead VALUES ('PARTIAL LOOP', '1', '8', 'Performs a sub-loop within the current loop (LOOP TABLE)');INSERT INTO tlsxCmdSyntaxParams VALUES ('PARTIAL LOOP', '1', '0', 'listixFormat', '', 'Listix format to be printed out during the current sub-loop');INSERT INTO tlsxCmdSyntaxOpts VALUES ('PARTIAL LOOP', 'x', 'WHILE SAME', 'fieldName', '', 'continue the sub-loop while the value of fieldName remains the same (or until the value of fieldName changes)');
INSERT INTO tlsxCmdSyntaxOpts VALUES ('PARTIAL LOOP', 'x', 'ON DIFFERENT', 'fieldName', '', 'make the sub-loop only on different values of fieldName (skip records with same value)');
INSERT INTO tlsxCmdSyntaxOpts VALUES ('PARTIAL LOOP', 'x', 'LINK', 'text4LinkRows', '', 'Text to be used as link between each two records in the loop. If the option is not specified then the native return is used as link string');
INSERT INTO tlsxCmdSyntaxOpts VALUES ('PARTIAL LOOP', 'x', 'FILTER', 'fieldName, operator, value', '', 'Skip records that does not fit the given condition for the field. If more filter given, skip those record that does not fit any of the filters (OR join)');
INSERT INTO tlsxCmdSyntaxOpts VALUES ('PARTIAL LOOP', 'x', 'IF 0 ROWS', 'subcommand', '', 'Executed if the table to loop result in 0 rows (actually no loop at all)');
/* START PROCESSING ..\..\base\src\listix\cmds\cmdScanFiles.java */

INSERT INTO tGastItemDoc VALUES ('SCAN', 'listix_command', 'system_files', 'listix.cmds.cmdScanFiles', '5', 'For scan directories or zipp files into a database', '~~6 Scan a directory or a zip (or jar) file and set the result into a database.~6 Having a directory into a database is convenient for searching and filtering~6 the files in an arbitrary way using sql selects.~6 If the database does not exists then it is created with the following schema~6~6       table (scan)_roots : rootID, rootLabel, pathRoot, rootType, timeLastScan~6       table (scan)_files : rootID, fileID, pathFile, fileName, extension, date, size~6       view  (scan)_all   : which is a join of the two tables plus the formed fields fullPath,~6                            fullParentPath and subPath~6~6 Example of entry in the database:~6~6       Scaning the directory c:\myDir gives just one file under subdir\text.txt, then the~6       fields for the table scan_roots might be~6~6          rootID        1~6          rootLabel    ~3local~3~6          pathRoot     ~3c:\myDir~3~6          rootType     ~3D~3~6          timeLastScan ~321-06-2009 21:07~3~6~6       and for the table scan_files~6~6          rootID      1~6          fileID      1~6          pathFile    ~3subdir~3~6          fileName    ~3text.txt~3~6          extension   ~3txt~3~6          date        ~328-03-2003 09:02~3~6          size        182887~6~6       additionaly to all these fields, in the view scan_all we found as well~6~6          fullPath         ~3c:\myDir\subdir\text.txt~3~6          fullParentPath   ~3c:\myDir\subdir~3~6          subpath          ~3subdir\text.txt~3~6~6 Pre-filtering the scan~6~6    For big directories or just because we are only interesting in some kind of files the~6    entries in the database might be reduced using multiple pairs of : optFilter, regexp~6~6    optFilter might be~6~6      +E  the extension matching ~4regexp~4 will be included (excluding all those not included)~6      -E  the extension matching ~4regexp~4 will be excluded (including all those not excluded)~6      +D  the relative directory matching ~4regexp~4 will be included (excluding all ...)~6      -D  the relative directory matching ~4regexp~4 will be excluded (including all ...)~6      +F  the file matching ~4regexp~4 will be included (excluding all ...)~6      -F  the file matching ~4regexp~4 will be excluded (including all ...)~6~6      Java Regular expresions are accepted as ~4textFilter~4~6         Examples:~6~6            -E, ~3obj~3      exclude extensions obj~6            -F, ~3\.obj$~3    exclude extensions obj~6            -D, ~3lint~3     exclude the directory ~3/lint/~3 and its subdirectories~6            +F, ~3Proxy~3,   add the files which name includes ~3Proxy~3~6');
INSERT INTO tGastExamples VALUES ('SCAN', 'scan sample', '~#javaj#~6~6   <frames> oConsole, SCAN sample, 600, 400~6~6#listix#~6~6   <main>~6      //Scanning ~3.~3 ..~6      SCAN, ADD FILES,, .~6      //done.~6      //~6      //LIST OF FIRST 10 FILES:~6      //~6      LOOP, SQL,, //SELECT fullPath FROM scan_all LIMIT 10;~6          ,, // @<fullPath>~6      //~6      //MAIN EXTENSIONS:~6      //~6      LOOP, SQL,, //SELECT COUNT(*) AS nfiles, extension FROM scan_files GROUP BY extension ORDER BY nfiles DESC LIMIT 10;~6          ,, // extension [@<extension>] in @<nfiles> file(s)~6');
INSERT INTO tGastExamples VALUES ('SCAN', 'scan sample 2', '~#javaj#~6~6   <frames> Fmain, SCAN sample, 600, 400~6~6   <layout of Fmain>~6      EVA, 10, 10, 7, 7~6~6         ,           , X~6         , lDirectory, eDir, bSearch dir, gLus~6       X , sFileViewer, -, -, -~6~6#data#~6~6   <bSearch dir DIALOG> DIR~6   <bSearch dir image> javaj/img/explorer.png~6~6#listix#~6~6   <-- bSearch dir>~6      -->, eDir data!,, @<bSearch dir chosen>~6      @<do scanDir>~6~6   <-- eDir>~6      @<do scanDir>~6~6   <do scanDir>~6      SCAN, ADD FILES,, @<eDir>~6       -->, sFileViewer data!, sqlSelect, //@<select this dir>~6~6   <select this dir>~6      //SELECT pathFile, fileName, extension, date, size~6      //  FROM scan_all~6      //  WHERE pathRoot = ~4@<eDir>~4~6      // ;');
INSERT INTO tGastExamples VALUES ('SCAN', 'look at scan schema', '~#javaj#~6~6   <frames> oConsola, Look At DB schema of SCAN~6~6#listix#~6~6   <main0>~6      SCAN, ADD FILES,, .~6~6      GEN,, print schema (db), listix, META-GASTONA/utilApp/std/printSchema.lsx~6         , PARAMS, ~3~3~6      GEN,, lookAtDB (db), listix, META-GASTONA/utilApp/std/lookAtDB.lsx~6         , PARAMS, ~3~3');INSERT INTO tLsxCmdAliases VALUES ('SCAN', 'SCAN');
INSERT INTO tLsxCmdAliases VALUES ('SCAN', 'SCAN FILES');
INSERT INTO tLsxCmdAliases VALUES ('SCAN', 'SCAN DIR');INSERT INTO tlsxCmdSyntaxHead VALUES ('SCAN', '1', '5', 'Performs a scan of a directory saving the results into a database');
INSERT INTO tlsxCmdSyntaxHead VALUES ('SCAN', '2', '2', 'Puts the entries of a zip or jar file into a database');
INSERT INTO tlsxCmdSyntaxHead VALUES ('SCAN', '3', '2', '~Removes entries from the database acording some criteria. The deletion might be achieved directly using sql, this option facilitates synchronized deletion in tables ~3roots~3 and ~3files~3');INSERT INTO tlsxCmdSyntaxParams VALUES ('SCAN', '1', '0', 'ADD FILES', '', '');
INSERT INTO tlsxCmdSyntaxParams VALUES ('SCAN', '1', '1', 'sqliteDBName', '(default db)', 'Database name (file name) where to add file information');
INSERT INTO tlsxCmdSyntaxParams VALUES ('SCAN', '1', '2', 'pathRoot', '', 'Root path where the files are to be found');
INSERT INTO tlsxCmdSyntaxParams VALUES ('SCAN', '1', '3', 'optFilter', '', '~Might be +/- for extensions, +D~2-D for directories or +F~2-F for file names. If specified then the text filter is expected as next parameter');
INSERT INTO tlsxCmdSyntaxParams VALUES ('SCAN', '1', '4', 'textFilter', '', '~Text related with the last ~4optFilter~4 simply strings or java regular expresions are accepted');
INSERT INTO tlsxCmdSyntaxParams VALUES ('SCAN', '2', '5', 'ADD ZIP', '', '');
INSERT INTO tlsxCmdSyntaxParams VALUES ('SCAN', '2', '6', 'sqliteDBName', '(default db)', 'Database name (file name) where to add file information');
INSERT INTO tlsxCmdSyntaxParams VALUES ('SCAN', '2', '7', 'zipFile', '', 'Zip (jar) file name');
INSERT INTO tlsxCmdSyntaxParams VALUES ('SCAN', '3', '8', 'REMOVE', '', '');
INSERT INTO tlsxCmdSyntaxParams VALUES ('SCAN', '3', '9', 'sqliteDBName', '(default db)', 'Database name (file name) where to add file information');INSERT INTO tlsxCmdSyntaxOpts VALUES ('SCAN', 'x', 'PREFIX', 'tablePrefix', 'scan', 'Specifies a table name prefix for the operation, all the tables will have this prefix');
INSERT INTO tlsxCmdSyntaxOpts VALUES ('SCAN', 'x', 'ROOTLABEL', 'rootDescription', 'local', '~Allows setting a textual description or name for the root path, this will stored in a field with name ~4rootLabel~4. This option is sepecially useful for CD-ROM labels or Sticks where the root path might be always the same for all (e.g. D:\)');
INSERT INTO tlsxCmdSyntaxOpts VALUES ('SCAN', '1', 'RECURSIVE', '1/0', '1', '~If ~41~4 (default) then the seach of files will be recusive, otherwise simple');
INSERT INTO tlsxCmdSyntaxOpts VALUES ('SCAN', '1', 'FILTER', 'option, string', '', 'Option might be +/- E,F or D or </> T, S (see filter options help)');
INSERT INTO tlsxCmdSyntaxOpts VALUES ('SCAN', '1', 'EXTENSIONS', 'string', '', 'comma or space separated list of extensions to admit');
INSERT INTO tlsxCmdSyntaxOpts VALUES ('SCAN', '3', 'ROOTPATH', 'rootPath', '', 'Specify the rootPath to be deleted');
/* START PROCESSING ..\..\base\src\listix\cmds\cmdScreenshot.java */

INSERT INTO tGastItemDoc VALUES ('SCREENSHOT', 'listix_command', 'lang_variables', 'listix.cmds.cmdScreenshot', '2', 'Makes a screenshot', '~~6 Makes a screenshot~6');
INSERT INTO tGastExamples VALUES ('SCREENSHOT', 'screenshot example', '~#javaj#~6~6   <frames> mPantalla, ~3Center of the screen~3~6~6#listix#~6~6    <main0>~6       VAR=, tmppng, @<:lsx tmp png>~6       SCREEN, @<tmppng>, png, ~835, ~835, ~830, ~830~6       -->, mPantalla data!,, @<tmppng>~6~6');INSERT INTO tLsxCmdAliases VALUES ('SCREENSHOT', 'SCREEN');
INSERT INTO tLsxCmdAliases VALUES ('SCREENSHOT', 'SNAPSHOT');
INSERT INTO tLsxCmdAliases VALUES ('SCREENSHOT', 'SNAP');INSERT INTO tlsxCmdSyntaxHead VALUES ('SCREENSHOT', '1', '2', 'Makes a screenshot');INSERT INTO tlsxCmdSyntaxParams VALUES ('SCREENSHOT', '1', '0', 'fileNameBase', '', '~Filename without extension, it may contain directory path and also the extension as well. If it is ended with ~3-~3 or ~3+~3 then a timestamp will be added automatically and at the end the extension');
INSERT INTO tlsxCmdSyntaxParams VALUES ('SCREENSHOT', '1', '1', 'formatName', 'jpg', 'An informal name of the format (jpg, png, .. same parameter as in javax.imageio.ImageIO::write)');
INSERT INTO tlsxCmdSyntaxParams VALUES ('SCREENSHOT', '1', '2', 'xpos', '', '~Left x position of the screen in pixels, if starts with ~3~8~3 then it is a percentage');
INSERT INTO tlsxCmdSyntaxParams VALUES ('SCREENSHOT', '1', '3', 'ypos', '', '~Top y position of the screen in pixels, if starts with ~3~8~3 then it is a percentage');
INSERT INTO tlsxCmdSyntaxParams VALUES ('SCREENSHOT', '1', '4', 'dx', '', '~Width in pixels of the snapshot, if starts with ~3~8~3 then it is a percentage');
INSERT INTO tlsxCmdSyntaxParams VALUES ('SCREENSHOT', '1', '5', 'dy', '', '~Height in pixels of the snapshot, if starts with ~3~8~3 then it is a percentage');
/* START PROCESSING ..\..\base\src\listix\cmds\cmdSetNumeric.java */

INSERT INTO tGastItemDoc VALUES ('SET NUM', 'listix_command', 'lang_variables', 'listix.cmds.cmdSetNumeric', '6', 'Sets a numeric value into an Eva variable in the unit #data#', '~~6 Sets a numeric value into an Eva variable in the unit #data#. If the variable does not exist~6 yet it will be created and if the variable already had contents it will be replaced. After~6 executing the command the variable will have just one row, although it might have more columns.~6 To add new rows use the command ADD NUM TO VAR.');
INSERT INTO tLsxCmdAliases VALUES ('SET NUM', 'SET NUM');
INSERT INTO tLsxCmdAliases VALUES ('SET NUM', 'SET NUMERIC');
INSERT INTO tLsxCmdAliases VALUES ('SET NUM', 'SET =');INSERT INTO tlsxCmdSyntaxHead VALUES ('SET NUM', '1', '5', 'Set an eva variable (at row, column 0,0) with the result of a formula');INSERT INTO tlsxCmdSyntaxParams VALUES ('SET NUM', '1', '0', 'variableName', '', 'Name of Eva variable to be set with the result of the formula');
INSERT INTO tlsxCmdSyntaxParams VALUES ('SET NUM', '1', '1', 'formulaToSolve', '', 'Formula to be solved (see command FORMULA)');
INSERT INTO tlsxCmdSyntaxParams VALUES ('SET NUM', '1', '2', '...', '', 'more formulas for next columns');INSERT INTO tlsxCmdSyntaxOpts VALUES ('SET NUM', '1', 'ROUND', 'decimals', '0', 'Number of decimals to round to');
/* START PROCESSING ..\..\base\src\listix\cmds\cmdSetProperty.java */

INSERT INTO tGastItemDoc VALUES ('SET PROP', 'listix_command', 'lang_variables', 'listix.cmds.cmdSetProperty', '6', 'Sets a java property', '~~6 Sets a java Property');
INSERT INTO tLsxCmdAliases VALUES ('SET PROP', 'SET PROPERTY');INSERT INTO tlsxCmdSyntaxHead VALUES ('SET PROP', '1', '5', 'Set a java property');INSERT INTO tlsxCmdSyntaxParams VALUES ('SET PROP', '1', '0', 'propertyName', '', 'Name of java property');
INSERT INTO tlsxCmdSyntaxParams VALUES ('SET PROP', '1', '1', 'value', '', 'Value to set');INSERT INTO tlsxCmdSyntaxOpts VALUES ('SET PROP', '1', 'SOLVE LSX', '1 / 0', '1', '~If false (0) ~4value~4 will be set without any listix replacement (variables @<..>) at all');
/* START PROCESSING ..\..\base\src\listix\cmds\cmdSetVariable.java */

INSERT INTO tGastItemDoc VALUES ('SET VAR', 'listix_command', 'lang_variables', 'listix.cmds.cmdSetVariable', '7', 'Sets a value into an Eva variable in the unit #data#', '~~6 Sets a value into an Eva variable in the unit #data#. If the variable does not exist yet it will~6 be created and if the variable already had contents it will be replaced. After executing the command~6 the variable will have just one row, although it might have more columns. To add new rows use the~6 command ADD TO VAR.');
INSERT INTO tGastExamples VALUES ('SET VAR', 'sample setvar 1', '~#javaj#~6~6   <frames> oConsole, ~3SET VAR sample~3~6~6#data#~6~6    <myOldVar>~6       the default value contains~6       several columns, and~6       also, several, rows~6~6#listix#~6~6    <dumpVariables>~6       //~6       //=== variables @<p1>~6       //~6       DUMP, data,, myOldVar, myNewVar~6~6   <main0>~6       LISTIX, dumpVariables, //at the beginning~6       SET VAR, myNewVar, simple~6       LISTIX, dumpVariables, //after ~3SET VAR, myNewVar, simple~3~6       SET VAR, myNewVar, more, complex, value, //one,two,three~6       LISTIX, dumpVariables, //after SET VAR, myNewVar, more, complex,...~6       SET VAR, myOldVar, end of sample~6       LISTIX, dumpVariables, //after ~3SET VAR, myOldVar, end of sample~3');
INSERT INTO tGastExamples VALUES ('SET VAR', 'setting an edit field', '~#javaj#~6   <frames> F, ~3listix command SET VAR example~3~6~6   <layout of F>  EVA, 10, 10, 5, 5~6~6   ---, A~6    X , iList~6      , eCampo~6~6#data#~6   <iList>~6      name~6~6      Rosa~6      Silvia~6      Gastona~6~6#listix#~6~6   <-- iList>~6      SET VAR, eCampo, @<iList selected.name>~6      MSG, eCampo data!~6');INSERT INTO tLsxCmdAliases VALUES ('SET VAR', 'SET VARIABLE');
INSERT INTO tLsxCmdAliases VALUES ('SET VAR', 'SET EVA');INSERT INTO tlsxCmdSyntaxHead VALUES ('SET VAR', '1', '7', 'Set an eva variable at row 0 with one or more values (using more than one column)');INSERT INTO tlsxCmdSyntaxParams VALUES ('SET VAR', '1', '0', 'variableName', '', 'Name of Eva variable to be set');
INSERT INTO tlsxCmdSyntaxParams VALUES ('SET VAR', '1', '1', 'valueToSolve', '', 'Value to be set in column 0');
INSERT INTO tlsxCmdSyntaxParams VALUES ('SET VAR', '1', '2', '...', '', 'further values will be set in next columns : 1, 2 etc');INSERT INTO tlsxCmdSyntaxOpts VALUES ('SET VAR', '1', 'SOLVE LSX', '1 / 0', '1', 'If false (0) the values parameters will be set without any listix resolve (variables @<..>) at all');
INSERT INTO tlsxCmdSyntaxOpts VALUES ('SET VAR', '1', 'ADD', 'values', '', '(default option) Add more values in consecutive rows');
INSERT INTO tlsxCmdSyntaxOpts VALUES ('SET VAR', '1', 'COPY CONTENT FROM', 'evaVarToCopy', '', 'Copy all the content of the given variable');
INSERT INTO tlsxCmdSyntaxOpts VALUES ('SET VAR', '1', 'REFERENCE CONTENT OF', 'evaVarToReference', '', 'Reference the content of the given variable. NOTE! It is not strictly a reference changes in the variable may or may not be propagated, use it as a way of doing a fast copy of some variable of constant content');
/* START PROCESSING ..\..\base\src\listix\cmds\cmdSleep.java */

INSERT INTO tGastItemDoc VALUES ('SLEEP', 'listix_command', 'system_run', 'listix.cmds.cmdSleep', '3', 'Makes the application to wait or sleep for a period of time', '~~6 It might be used for example to show dias or whatever~6');
INSERT INTO tGastExamples VALUES ('SLEEP', 'Sleep button', '~#javaj#~6~6   <frames> Fmain, Sleep button sample~6   <layout of Fmain>~6       EVA, 6, 6, 3, 3~6       ---,  , X~6        22, lMilliseconds, eMilli, bPressMe~6~6#data#~6~6    <eMilli> 1000~6~6#listix#~6~6    <-- bPressMe> SLEEP, @<eMilli>');INSERT INTO tLsxCmdAliases VALUES ('SLEEP', 'WAIT');INSERT INTO tlsxCmdSyntaxHead VALUES ('SLEEP', '1', '3', 'Sleep the main thread for delayMilli milliseconds');INSERT INTO tlsxCmdSyntaxParams VALUES ('SLEEP', '1', '0', 'delayMilli', '', 'Delay in milliseconds');
/* START PROCESSING ..\..\base\src\listix\cmds\cmdStrconvert.java */

INSERT INTO tGastItemDoc VALUES ('STRCONV', 'listix_command', 'lang_variables', 'listix.cmds.cmdStrconvert', '3', 'String and Eva variable conversions', '~~6 A set of string, numeric, date and Eva variable conversions. Some convertions accept a~6 variable name where to place the result in and all of them can print out the result onto the~6 current Listix target (standard output, console, file or variable). Even if the conversion~6 does not have an eva variable where to put the result in, it is always possible to do that,~6 for example~6~6    <xyz>~6       SET VAR, myResult, @<upperStr>~6~6    <upperStr> STRCONV, UPPER, ~3Convert this to upper case~3~6~6 Standard conversions~6 ----------------------~6~6 The syntaxes SUBSTR, UPPER, UPPER1, LOWER, DATE-LONG, LONG-DATE, NUM-FIX, NUM-ENG are general~6 and typical data and number conversions. Note that there are also ways of using more standard~6 conversion provided by sqlite. For example to get the data a week ago~6~6    <main> //A week ago it was @<today-7>~6~6    <today-7>~6       LOOP, SQL,, //SELECT date(~4now~4, ~4-7 day~4) AS value;~6       @<value>~6~6 in this example we have used ~3LOOP, SQL~3 but note that the select use no database or table at all~6 For more sqlite functions try the links~6       http://sqlite.org/lang_corefunc.html~6       http://sqlite.org/lang_datefunc.html~6~6~6 Other conversions~6 ----------------------~6~6 The syntaxes EVA-TEXT, TEXT-EVA, GEN EVA work with Eva variables.~6 Finally STR-TEXT, STRE-TEXT and TEXT-STR are special conversions Text to string~6 and viceversa where new lines together with other few characters like ~4, ~8 are coded resulting~6 a string with no one of these special characters. These conversions are used internally in Gastona~6 native databases (sqlite) for texts and it happens transparently, nevertheless it might be~6 useful to perform them manually in some kind of applications.~6');
INSERT INTO tGastExamples VALUES ('STRCONV', 'STRCONV basicSample', '~ #javaj#~6~6    <frames> oConsole, STRCONV Basic sample~6~6 #listix#~6~6    <main0>~6       //Substring of ABCDE 3, 2 is ~3~6       STRCONV, SUBSTR, ~3ABCDEF~3, 3, 2~6       //~3~6       //~6       //Upper of AbcDef is ~3~6       STRCONV, UPPER, ~3AbcDef~3~6       //~3~6       //~6       //Upper1 of abcdef is ~3~6       STRCONV, UPPER1, ~3abcdef~3~6       //~3~6       //~6       //The text [~3Hola~3 <tio & Cia>] in html ... [~6       STRCONV, TEXT-HTMLTEXT, //~3Hola~3 <tio & Cia>~6       //]~6       //~6       SETVAR, ahora, @<:lsx date yyyy-MM-dd HH:mm:ss S>~6       //Now is @<ahora>~6       //~6       //Milliseconds since 1970 =~6       STRCONV, DATE-LONG, @<ahora>~6       //~6       //A week ago it was = (@<aweek ago>) ms since 1970 =~6       STRCONV, LONG-DATE, @<aweek ago>~6       //~6       //Normalizing a path =~6       STRCONV, PATH-SOLVE, ~4/firsr/second/./ignorethis/removeit/../.././third/./final/byedir/..~6       //~6       //Building a valid file name from a text =~6       STRCONV, TEXT-VARNAME, ~4This is~820~8NOT a valid () file name, is it?~6~6   <aweek ago>  =, along - 1000*3600*24*7~6~6   <along>  STRCONV, DATE-LONG, @<ahora>');
INSERT INTO tGastExamples VALUES ('STRCONV', 'Listix interactive sample', '~#javaj#~6~6   <frames> Fmain, Convert Text to Evas sample~6~6   <layout of Fmain>~6    EVA, 10, 10, 7, 7~6~6       , X~6       , lListix interactiv~6     X , xText~6       , bRun~6     X , oConsole~6~6    <sysDefaultFonts>~6       Consolas, 15, 0, TextArea~6~6#data#~6~6   <xText>~6      //LOOP, FOR, ii, 1, 3~6      //    ,, //Hola @<:sys user.name>, que tal andas~6~6#listix#~6~6   <-- bRun>~6      LSX, convert text into eva~6      LSX, launch new format~6~6   <convert text into eva> STRCONV, TEXT-EVA, xText, my new format~6   <launch new format>     LSX, my new format');
INSERT INTO tGastExamples VALUES ('STRCONV', 'caballoJs', '~#javaj#~6~6   <frames> main, Converting trazos to javascript canvas~6~6   <layout of main>~6    EVA, 10, 10, 7, 7~6~6       , X~6       , lTrazos~6     X , xTrazos~6       , bRun~6     X , oConsole~6~6    <sysDefaultFonts>~6       Consolas, 14, 0, TextArea~6~6#data#~6~6   <xTrazos>~6       //defstyle, piel, ~3fc:+255127039~3~6       //defstyle, pelo, ~3fc:+234234234~3~6       //~6       //z ,238, 121, ~3piel~3, //jau,84,39,109,-20,47,23,-6,54,-22,20,-35,25,-68,29,-75,1,-54,-29,-31,-81~6       //z ,196, 223, ~3piel~3, //jau,-43,-81,-10,-36,9,-19,39,8,64,37~6       //z ,155,  84, ~3piel~3, //jau,-47,7,-34,48,-16,29,20,19,36,-29,40,-15~6       //z ,468, 148, ~3piel~3, //jau,26,22,14,27,1,46,-5,49,12,56,-12,73,-7,33,-25,0,13,-32,-10,-93,-45,-57,-16,-49~6       //z ,196, 213, ~3piel~3, //jau,4,52,29,42,18,65,0,54,-12,28,10,4,18,-1,-2,-18,11,-18,-4,-85,5,-86~6       //z ,473, 152, ~3pelo~3, //jau,51,14,23,59,8,86,-10,0,-3,27,-12,-28,5,38,-11,-2,-6,-37,5,-80,-11,-45,-19,-14~6       //z ,128,  83, ~3piel~3, //jau,-22,-23,3,31~6       //z ,123,  83, ~3pelo~3, //jau,44,-3,65,19,28,27,30,25,-20,19,6,13,-15,-3,-7,-26,-13,7,-17,-24,-28,-28,-21,4,-23,-20,-31,-9~6~6#listix#~6~6   <-- bRun>~6      MSG, oConsole clear~6      STRCONV, TEXT-EVA, xTrazos, varTrazos~6      STRCONV, TRAZOS-JS, varTrazos, 0, 1000, 1000, 1~6');INSERT INTO tLsxCmdAliases VALUES ('STRCONV', 'STR');
INSERT INTO tLsxCmdAliases VALUES ('STRCONV', 'STRCONVERT');INSERT INTO tlsxCmdSyntaxHead VALUES ('STRCONV', '1', '3', '~Returns a substring of ~4string~4 starting on ~4offset~4 and of size ~4length~4');
INSERT INTO tlsxCmdSyntaxHead VALUES ('STRCONV', '2', '3', '~Returns the upper case of ~4string~4');
INSERT INTO tlsxCmdSyntaxHead VALUES ('STRCONV', '3', '3', '~Returns the ~4string~4 with the first character upper cased');
INSERT INTO tlsxCmdSyntaxHead VALUES ('STRCONV', '4', '3', '~Returns the lower case of ~4string~4');
INSERT INTO tlsxCmdSyntaxHead VALUES ('STRCONV', '5', '3', '~Converts ~4stringSource~4 into a text, the result will be placed in the variable ~4EvaTarget~4 if given');
INSERT INTO tlsxCmdSyntaxHead VALUES ('STRCONV', '6', '3', '~Converts the string contained in the variable ~4EvaSource~4 into a text, the result will be placed in the variable ~4EvaTarget~4 if given. Note that the source string is treated simply as string and no listix ~3@~3 replacement is done, in oder to use this replacements use ~3GEN EVA~3 instead of STRE-TEXT');
INSERT INTO tlsxCmdSyntaxHead VALUES ('STRCONV', '7', '3', '~Converts the text given in ~4EvaSource~4 into a string, the result is printed out into the current file or standard output or place into the Eva ~4EvaTarget~4 if given');
INSERT INTO tlsxCmdSyntaxHead VALUES ('STRCONV', '8', '3', '~Converts the string UTC date ~4dateAsString~4 (greater than 1970-01-01) into a long value');
INSERT INTO tlsxCmdSyntaxHead VALUES ('STRCONV', '9', '3', '~Converts the UTC date ~4milisecSince1970~4 given as long into a string date');
INSERT INTO tlsxCmdSyntaxHead VALUES ('STRCONV', '10', '3', '~Formats ~4number~4 to a fix point of ~4nDecimals~4');
INSERT INTO tlsxCmdSyntaxHead VALUES ('STRCONV', '11', '3', '~Formats ~4number~4 to a typical engineer format');
INSERT INTO tlsxCmdSyntaxHead VALUES ('STRCONV', '12', '3', '~Converts the Eva variable ~4EvaSource~4 into a text placing it into ~4EvaTarget~4');
INSERT INTO tlsxCmdSyntaxHead VALUES ('STRCONV', '13', '3', '~Parses an eva varible given as text in ~4EvaSource~4 placing the result into ~4EvaTarget~4');
INSERT INTO tlsxCmdSyntaxHead VALUES ('STRCONV', '14', '3', '~generates a text into EvaTarget from the listix format given in EvaSource. Note that if there are listix ~3@~3 variables in the source text the listix replacement will be performed.');
INSERT INTO tlsxCmdSyntaxHead VALUES ('STRCONV', '15', '3', '~Converts a string into a text to be inserted in html (mainly convert < > & and ~3)');
INSERT INTO tlsxCmdSyntaxHead VALUES ('STRCONV', '16', '3', '~Converts a html text into a string (e.g. ~3&lt;~3 will be converted to <)');
INSERT INTO tlsxCmdSyntaxHead VALUES ('STRCONV', '17', '3', 'Solve whenever possible the relative path symbols (. and ..) from a path');
INSERT INTO tlsxCmdSyntaxHead VALUES ('STRCONV', '18', '3', 'Concat to paths using the native directory separator if needed');
INSERT INTO tlsxCmdSyntaxHead VALUES ('STRCONV', '19', '3', 'Returns the canonical path from a one given (see java )');
INSERT INTO tlsxCmdSyntaxHead VALUES ('STRCONV', '20', '3', 'Converts a text into a valid name for a variable, file name, sql column name etc (i.e. ISO 9660 Joliet compliant)');
INSERT INTO tlsxCmdSyntaxHead VALUES ('STRCONV', '21', '3', 'Encode a string using a encoding model (e.g. UTF-8)');
INSERT INTO tlsxCmdSyntaxHead VALUES ('STRCONV', '22', '3', 'Encode a text from a given variable using a encoding model (e.g. UTF-8)');
INSERT INTO tlsxCmdSyntaxHead VALUES ('STRCONV', '23', '3', 'Encode a text from file using a encoding model (e.g. UTF-8)');
INSERT INTO tlsxCmdSyntaxHead VALUES ('STRCONV', '24', '3', 'Decode a string using a encoding model (e.g. UTF-8)');
INSERT INTO tlsxCmdSyntaxHead VALUES ('STRCONV', '25', '3', 'Decode the content of a variable using a encoding model (e.g. UTF-8)');
INSERT INTO tlsxCmdSyntaxHead VALUES ('STRCONV', '26', '3', 'Escape a string using a escape style (supported HTML and LATEX)');
INSERT INTO tlsxCmdSyntaxHead VALUES ('STRCONV', '27', '3', 'Unescape a string using a escape style (supported HTML and LATEX)');
INSERT INTO tlsxCmdSyntaxHead VALUES ('STRCONV', '28', '3', 'Xor encryption with shift mechanism');
INSERT INTO tlsxCmdSyntaxHead VALUES ('STRCONV', '29', '3', '~Generate java script code for painting a specific scence where using ~3trazos~3');
INSERT INTO tlsxCmdSyntaxHead VALUES ('STRCONV', '30', '3', 'Saves into a file an image given by paths');INSERT INTO tlsxCmdSyntaxParams VALUES ('STRCONV', '1', '0', 'SUBSTR', '', '');
INSERT INTO tlsxCmdSyntaxParams VALUES ('STRCONV', '1', '1', 'string', '', 'String source');
INSERT INTO tlsxCmdSyntaxParams VALUES ('STRCONV', '1', '2', 'offset', '', 'zero based offset position start of the resulting substring to obtain');
INSERT INTO tlsxCmdSyntaxParams VALUES ('STRCONV', '1', '3', 'length', '', 'maximal length of the desired substring');
INSERT INTO tlsxCmdSyntaxParams VALUES ('STRCONV', '2', '4', 'UPPER', '', '');
INSERT INTO tlsxCmdSyntaxParams VALUES ('STRCONV', '2', '5', 'string', '', 'String to convert into upper case');
INSERT INTO tlsxCmdSyntaxParams VALUES ('STRCONV', '3', '6', 'UPPER1', '', '');
INSERT INTO tlsxCmdSyntaxParams VALUES ('STRCONV', '3', '7', 'string', '', 'String which first charater will be upper cased');
INSERT INTO tlsxCmdSyntaxParams VALUES ('STRCONV', '4', '8', 'LOWER', '', '');
INSERT INTO tlsxCmdSyntaxParams VALUES ('STRCONV', '4', '9', 'string', '', 'String to convert into lower case');
INSERT INTO tlsxCmdSyntaxParams VALUES ('STRCONV', '5', '10', 'STR-TEXT', '', '');
INSERT INTO tlsxCmdSyntaxParams VALUES ('STRCONV', '5', '11', 'source', '', 'Coded text string to be converted into a text onto an Eva variable');
INSERT INTO tlsxCmdSyntaxParams VALUES ('STRCONV', '5', '12', '[EvaTarget]', '', 'If given then the result will be written into the specified Eva');
INSERT INTO tlsxCmdSyntaxParams VALUES ('STRCONV', '6', '13', 'STRE-TEXT', '', '');
INSERT INTO tlsxCmdSyntaxParams VALUES ('STRCONV', '6', '14', 'EvaSource', '', 'Eva name that contains the string to be converted');
INSERT INTO tlsxCmdSyntaxParams VALUES ('STRCONV', '6', '15', '[EvaTarget]', '', 'If given then the result will be written into the specified Eva');
INSERT INTO tlsxCmdSyntaxParams VALUES ('STRCONV', '7', '16', 'TEXT-STR', '', '');
INSERT INTO tlsxCmdSyntaxParams VALUES ('STRCONV', '7', '17', 'EvaSource', '', 'Eva name containing the text to convert into a string text');
INSERT INTO tlsxCmdSyntaxParams VALUES ('STRCONV', '7', '18', '[EvaTarget]', '', 'If given then the result will be write into the specified Eva');
INSERT INTO tlsxCmdSyntaxParams VALUES ('STRCONV', '8', '19', 'DATE-LONG', '', '');
INSERT INTO tlsxCmdSyntaxParams VALUES ('STRCONV', '8', '20', 'dateAsString', '', '~Date given in the format ~3yyyy-MM-dd HH:mm:ss S~3 (year-month-day hour:minute:second milliseconds)');
INSERT INTO tlsxCmdSyntaxParams VALUES ('STRCONV', '9', '21', 'LONG-DATE', '', '');
INSERT INTO tlsxCmdSyntaxParams VALUES ('STRCONV', '9', '22', 'milisecSince1970', '', 'Date given as a long representing the milliseconds from 1-Jan-1970');
INSERT INTO tlsxCmdSyntaxParams VALUES ('STRCONV', '10', '23', 'NUM-FIX', '', '');
INSERT INTO tlsxCmdSyntaxParams VALUES ('STRCONV', '10', '24', 'number', '', 'Number to convert');
INSERT INTO tlsxCmdSyntaxParams VALUES ('STRCONV', '10', '25', 'nDecimals', '', 'Decimal positions to get');
INSERT INTO tlsxCmdSyntaxParams VALUES ('STRCONV', '11', '26', 'NUM-ENG', '', '');
INSERT INTO tlsxCmdSyntaxParams VALUES ('STRCONV', '11', '27', 'number', '', 'Number to convert');
INSERT INTO tlsxCmdSyntaxParams VALUES ('STRCONV', '12', '28', 'EVA-TEXT', '', '');
INSERT INTO tlsxCmdSyntaxParams VALUES ('STRCONV', '12', '29', 'EvaSource', '', 'Name of Eva variable containing to be converted to text');
INSERT INTO tlsxCmdSyntaxParams VALUES ('STRCONV', '12', '30', 'EvaTarget', '', 'Name of Eva variable where the text will be placed');
INSERT INTO tlsxCmdSyntaxParams VALUES ('STRCONV', '13', '31', 'TEXT-EVA', '', '');
INSERT INTO tlsxCmdSyntaxParams VALUES ('STRCONV', '13', '32', 'EvaSource', '', 'Name of Eva variable containing the text to be parsed as Eva');
INSERT INTO tlsxCmdSyntaxParams VALUES ('STRCONV', '13', '33', 'EvaTarget', '', 'Name of Eva variable to place the parsed text');
INSERT INTO tlsxCmdSyntaxParams VALUES ('STRCONV', '14', '34', 'GEN EVA', '', '');
INSERT INTO tlsxCmdSyntaxParams VALUES ('STRCONV', '14', '35', 'EvaTarget', '', 'Name of Eva variable where to place the generation');
INSERT INTO tlsxCmdSyntaxParams VALUES ('STRCONV', '14', '36', 'EvaSource', '', 'Name of Eva variable containing the listix format to generate');
INSERT INTO tlsxCmdSyntaxParams VALUES ('STRCONV', '15', '37', 'TEXT-HTMLTEXT', '', '');
INSERT INTO tlsxCmdSyntaxParams VALUES ('STRCONV', '15', '38', 'text', '', '~Text to convert into Html text (e.g. ~3<~3 to ~3&lt;~3)');
INSERT INTO tlsxCmdSyntaxParams VALUES ('STRCONV', '16', '39', 'HTMLTEXT-TEXT', '', '');
INSERT INTO tlsxCmdSyntaxParams VALUES ('STRCONV', '16', '40', 'htmlText', '', '~Html text to convert into normal text (e.g. ~3&lt;~3 to ~3<~3)');
INSERT INTO tlsxCmdSyntaxParams VALUES ('STRCONV', '17', '41', 'PATH-SOLVE-POINTS', '', '');
INSERT INTO tlsxCmdSyntaxParams VALUES ('STRCONV', '17', '42', 'filePath', '', 'Path to be solved');
INSERT INTO tlsxCmdSyntaxParams VALUES ('STRCONV', '18', '43', 'PATH-CONCAT', '', '');
INSERT INTO tlsxCmdSyntaxParams VALUES ('STRCONV', '18', '44', 'filePath1', '', 'Firts part of the path to concatenate');
INSERT INTO tlsxCmdSyntaxParams VALUES ('STRCONV', '18', '45', 'filePath2', '', 'Second part of the path to concatenate');
INSERT INTO tlsxCmdSyntaxParams VALUES ('STRCONV', '19', '46', 'PATH-CANONICAL', '', '');
INSERT INTO tlsxCmdSyntaxParams VALUES ('STRCONV', '19', '47', 'filePath', '', 'Path to be converted into canonical path. Also');
INSERT INTO tlsxCmdSyntaxParams VALUES ('STRCONV', '20', '48', 'TEXT-VARNAME', '', '');
INSERT INTO tlsxCmdSyntaxParams VALUES ('STRCONV', '20', '49', 'text', '', 'text to be converted');
INSERT INTO tlsxCmdSyntaxParams VALUES ('STRCONV', '21', '50', 'ENCODE STR', '', '');
INSERT INTO tlsxCmdSyntaxParams VALUES ('STRCONV', '21', '51', 'encodingModel', '', 'Encoding model, for example UTF-8 or ISO-8859-1, the value * will use the current encoding model (see DB CONFIG command), no value will use the intern encoding model');
INSERT INTO tlsxCmdSyntaxParams VALUES ('STRCONV', '21', '52', 'stringToEncode', '', 'String to be encoded');
INSERT INTO tlsxCmdSyntaxParams VALUES ('STRCONV', '22', '53', 'ENCODE VAR', '', '');
INSERT INTO tlsxCmdSyntaxParams VALUES ('STRCONV', '22', '54', 'encodingModel', '', 'Encoding model, for example UTF-8 or ISO-8859-1, the value * will use the current encoding model (see DB CONFIG command), no value will use the intern encoding model');
INSERT INTO tlsxCmdSyntaxParams VALUES ('STRCONV', '22', '55', 'evaSource', '', 'Name of Eva variable containing the text to be encoded');
INSERT INTO tlsxCmdSyntaxParams VALUES ('STRCONV', '23', '56', 'ENCODE FILE', '', '');
INSERT INTO tlsxCmdSyntaxParams VALUES ('STRCONV', '23', '57', 'encodingModel', '', 'Encoding model, for example UTF-8 or ISO-8859-1, the value * will use the current encoding model (see DB CONFIG command), no value will use the intern encoding model');
INSERT INTO tlsxCmdSyntaxParams VALUES ('STRCONV', '23', '58', 'fileName', '', 'Name of file containing the text to be encoded');
INSERT INTO tlsxCmdSyntaxParams VALUES ('STRCONV', '24', '59', 'DECODE STR', '', '');
INSERT INTO tlsxCmdSyntaxParams VALUES ('STRCONV', '24', '60', 'encodingModel', '', 'Encoding model, for example UTF-8 or ISO-8859-1, the value * will use the current encoding model (see DB CONFIG command), no value will use the intern encoding model');
INSERT INTO tlsxCmdSyntaxParams VALUES ('STRCONV', '24', '61', 'stringToDecode', '', 'String to be decoded');
INSERT INTO tlsxCmdSyntaxParams VALUES ('STRCONV', '25', '62', 'DECODE VAR', '', '');
INSERT INTO tlsxCmdSyntaxParams VALUES ('STRCONV', '25', '63', 'encodingModel', '', 'Encoding model, for example UTF-8 or ISO-8859-1, the value * will use the current encoding model (see DB CONFIG command), no value will use the intern encoding model');
INSERT INTO tlsxCmdSyntaxParams VALUES ('STRCONV', '25', '64', 'evaSource', '', 'Name of Eva variable containing the text to be decoded');
INSERT INTO tlsxCmdSyntaxParams VALUES ('STRCONV', '26', '65', 'ESCAPE STR', '', '');
INSERT INTO tlsxCmdSyntaxParams VALUES ('STRCONV', '26', '66', 'escapeStyle', '', '~Supported escape styles HTML and LATEX, for URL use ENCODE STR, for exaple ~3ENCODE STR, UTF-8~3');
INSERT INTO tlsxCmdSyntaxParams VALUES ('STRCONV', '26', '67', 'stringToEscape', '', 'String to be escaped');
INSERT INTO tlsxCmdSyntaxParams VALUES ('STRCONV', '27', '68', 'UNESCAPE STR', '', '');
INSERT INTO tlsxCmdSyntaxParams VALUES ('STRCONV', '27', '69', 'escapeStyle', '', '~Supported escape styles HTML and LATEX, for URL use ENCODE STR, for exaple ~3ENCODE STR, UTF-8~3');
INSERT INTO tlsxCmdSyntaxParams VALUES ('STRCONV', '27', '70', 'stringToUnescape', '', 'String to be unescaped');
INSERT INTO tlsxCmdSyntaxParams VALUES ('STRCONV', '28', '71', 'XOR ENCRYPT', '', '');
INSERT INTO tlsxCmdSyntaxParams VALUES ('STRCONV', '28', '72', 'keyString', '', 'String containig the key');
INSERT INTO tlsxCmdSyntaxParams VALUES ('STRCONV', '28', '73', 'offset1', '0', 'Offset used to shift the key');
INSERT INTO tlsxCmdSyntaxParams VALUES ('STRCONV', '28', '74', 'mult', '0', 'Multiplier to shift the key');
INSERT INTO tlsxCmdSyntaxParams VALUES ('STRCONV', '28', '75', 'offset2', '0', 'Second offset used to shift the key');
INSERT INTO tlsxCmdSyntaxParams VALUES ('STRCONV', '29', '76', '2DTRAZOS-JS', '', '');
INSERT INTO tlsxCmdSyntaxParams VALUES ('STRCONV', '29', '77', 'evaName', '', 'Variable name (eva) containing the 2d trazos');
INSERT INTO tlsxCmdSyntaxParams VALUES ('STRCONV', '29', '78', 'useLib', '1', 'If 1 it is assumed that the library META-GASTONA/js/trazos2D.js is included');
INSERT INTO tlsxCmdSyntaxParams VALUES ('STRCONV', '29', '79', 'canvasX', '0', 'If > 0 width of canvas where the image has to fit');
INSERT INTO tlsxCmdSyntaxParams VALUES ('STRCONV', '29', '80', 'canvasY', '0', 'If > 0 height of canvas where the image has to fit');
INSERT INTO tlsxCmdSyntaxParams VALUES ('STRCONV', '29', '81', 'offset0', '0', 'If 1 then clear the offsets to 0, 0');
INSERT INTO tlsxCmdSyntaxParams VALUES ('STRCONV', '30', '82', '2DPATHS-FILE', '', '');
INSERT INTO tlsxCmdSyntaxParams VALUES ('STRCONV', '30', '83', 'evaName', '', 'Variable name (eva) containing the 2d paths');
INSERT INTO tlsxCmdSyntaxParams VALUES ('STRCONV', '30', '84', 'imageFilename', '1', 'Target file name for image');
INSERT INTO tlsxCmdSyntaxParams VALUES ('STRCONV', '30', '85', 'fileType', '0', '~File type, default is ~3png~3');
INSERT INTO tlsxCmdSyntaxParams VALUES ('STRCONV', '30', '86', 'sizeX', '0', 'If > 0 sizeX (width) for the final image');
INSERT INTO tlsxCmdSyntaxParams VALUES ('STRCONV', '30', '87', 'sizeY', '0', 'If > 0 sizeY (height) for the final image');
INSERT INTO tlsxCmdSyntaxParams VALUES ('STRCONV', '31', '88', '2DTRAZOS-FILE', '', '');
INSERT INTO tlsxCmdSyntaxParams VALUES ('STRCONV', '31', '89', 'evaName', '', 'Variable name (eva) containing the 2d trazos');
INSERT INTO tlsxCmdSyntaxParams VALUES ('STRCONV', '31', '90', 'imageFilename', '1', 'Target file name for image');
INSERT INTO tlsxCmdSyntaxParams VALUES ('STRCONV', '31', '91', 'fileType', '0', '~File type, default is ~3png~3');
INSERT INTO tlsxCmdSyntaxParams VALUES ('STRCONV', '31', '92', 'sizeX', '0', 'If > 0 sizeX (width) for the final image');
INSERT INTO tlsxCmdSyntaxParams VALUES ('STRCONV', '31', '93', 'sizeY', '0', 'If > 0 sizeY (height) for the final image');INSERT INTO tlsxCmdSyntaxOpts VALUES ('STRCONV', '22', 'SOLVE VAR', '1 / 0', '1', 'Set to 1 if want to solve variables, e.g. @<myvar> or set to 0 to treat it as literal');
INSERT INTO tlsxCmdSyntaxOpts VALUES ('STRCONV', '23', 'SOLVE VAR', '1 / 0', '1', 'Set to 1 if want to solve variables, e.g. @<myvar> or set to 0 to treat it as literal');
INSERT INTO tlsxCmdSyntaxOpts VALUES ('STRCONV', '25', 'SOLVE VAR', '1 / 0', '1', 'Set to 1 if want to solve variables, e.g. @<myvar> or set to 0 to treat it as literal');
INSERT INTO tlsxCmdSyntaxOpts VALUES ('STRCONV', '28', '*IN FILE KEY', 'filename', '', 'NOT IMPLEMENTED!  file to be used as key');
INSERT INTO tlsxCmdSyntaxOpts VALUES ('STRCONV', '28', 'IN STR', 'string', '', 'Input string with the message to be en/de-crypted');
INSERT INTO tlsxCmdSyntaxOpts VALUES ('STRCONV', '28', 'IN VAR', 'variable name', '', 'Input variable name containing the message to be en/de-crypted');
INSERT INTO tlsxCmdSyntaxOpts VALUES ('STRCONV', '28', '*IN FILE', 'file name', '', 'NOT IMPLEMENTED! Input file name containing the message to be en/de-crypted');
INSERT INTO tlsxCmdSyntaxOpts VALUES ('STRCONV', '28', '*OUT VAR', 'variable name', '', 'NOT IMPLEMENTED! Variable to put the output');
INSERT INTO tlsxCmdSyntaxOpts VALUES ('STRCONV', '28', '*OUT FILE', 'file name', '', 'NOT IMPLEMENTED! File name to put the output');
/* START PROCESSING ..\..\base\src\listix\cmds\cmdTimer.java */

INSERT INTO tGastItemDoc VALUES ('TIMER', 'listix_command', 'system_run', 'listix.cmds.cmdTimer', '3', 'Programmable timer', '~~6Timer to do periodically a task (NOTE: currently only one timer at a time supported!)~6');
INSERT INTO tGastExamples VALUES ('TIMER', 'Timer print', '~#javaj#~6~6   <frames> Fmain, Timer sample~6   <layout of Fmain>~6       EVA, 6, 6, 3, 3~6       ---,  , X~6        22, lMilliseconds, eMilli, bStart, bStop~6         X, oConsola     , -, -, -~6~6#data#~6~6    <eMilli> 500~6~6#listix#~6~6    <-- bStart>~6          TIMER, START, MiTarea, @<eMilli>, 100~6~6    <-- bStop>~6          TIMER, STOP, MiTarea~6~6    <MiTarea>~6          //tick @<:lsx date2>~6          //');INSERT INTO tLsxCmdAliases VALUES ('TIMER', 'TICK');
INSERT INTO tLsxCmdAliases VALUES ('TIMER', 'CLOCK');
INSERT INTO tLsxCmdAliases VALUES ('TIMER', 'PULSE');INSERT INTO tlsxCmdSyntaxHead VALUES ('TIMER', '1', '3', '~Starts a named timer, as a result the format ~4name~4 will be called on each tick');
INSERT INTO tlsxCmdSyntaxHead VALUES ('TIMER', '2', '3', 'Stops a named timer');INSERT INTO tlsxCmdSyntaxParams VALUES ('TIMER', '1', '0', 'START', '', '');
INSERT INTO tlsxCmdSyntaxParams VALUES ('TIMER', '1', '1', 'name', '', 'Name of the timer and of the listix format to execute');
INSERT INTO tlsxCmdSyntaxParams VALUES ('TIMER', '1', '2', 'periodMilli', '', 'Period in milliseconds between ticks');
INSERT INTO tlsxCmdSyntaxParams VALUES ('TIMER', '1', '3', 'repetitions', '', 'Maximum number of repetitions');
INSERT INTO tlsxCmdSyntaxParams VALUES ('TIMER', '2', '4', 'STOP', '', '');
INSERT INTO tlsxCmdSyntaxParams VALUES ('TIMER', '2', '5', 'name', '', 'Name of the timer and of the listix format to execute');
/* START PROCESSING ..\..\base\src\listix\cmds\cmdTouch.java */

INSERT INTO tGastItemDoc VALUES ('TOUCH', 'listix_command', 'system_files', 'listix.cmds.cmdTouch', '3', 'To change the data of a file', '~~6  Change the data of a file or creates it if it does not exists~6');
INSERT INTO tlsxCmdSyntaxHead VALUES ('TOUCH', '1', '3', 'Change the data of a file or creates it if it does not exists');INSERT INTO tlsxCmdSyntaxParams VALUES ('TOUCH', '1', '0', 'fileName', '', 'File to be changed');
INSERT INTO tlsxCmdSyntaxParams VALUES ('TOUCH', '1', '1', 'date', 'now', 'Date to be set to the file');
/* START PROCESSING ..\..\base\src\listix\cmds\cmdUDP.java */

INSERT INTO tGastItemDoc VALUES ('UDP', 'listix_command', 'internet', 'listix.cmds.cmdSocketUDP', '3', 'Send or receive datagrams via UDP protocol', '~~6 Experimental : Send or receive datagrams via UDP protocol~6');
INSERT INTO tGastExamples VALUES ('UDP', 'udpClientServer', '~#javaj#~6~6    <frames> oConso~6~6#listix#~6~6    <main>~6       UDP, SET SERVER, cucho, 1866~6       UDP, SET CLIENT, sendo, localhost, 1866~6       UDP, SET CLIENT, vicens, localhost, 1866~6       UDP, SEND ONCE, localhost, 1866, //first datagram from anonymus!~6       UDP, AGENT SEND, sendo, //first datagram from sendo!~6       UDP, AGENT SEND, vicens, //my vicens datagram!~6~6    <-- cucho udp>~6       //Cucho: Rx ~3@<p1>~3 from @<p2>:@<p3>~6       //~6       UDP, AGENT SEND, cucho, //GOT IT port @<p3>!~6~6    <-- sendo udp>~6       //Sendo: Rx ~3@<p1>~3 from @<p2>:@<p3>~6       //~6       UDP, CLOSE, sendo~6~6    <-- vicens udp>~6       //Vicens: Rx ~3@<p1>~3 from @<p2>:@<p3>~6       //~6       UDP, CLOSE, vicens~6');
INSERT INTO tGastExamples VALUES ('UDP', 'simple Gastona UDP debug client', '~#javaj#~6~6   <frames> F, Simple gastona UDP debug client~6~6   <layout of F>~6      Eva, 10, 10, 4, 4~6~6         ,            , 120       , X       ,          , X~6         , lIP Gastona, eIPGastona, bConnect, layLevels, bClear~6         , lPort      , eUdpPort  , +       , +        , +~6       X , oCansa     , -, -, -, -~6~6   <layout of layLevels>~6      PANEL, X, Debug level~6      rgLevels~6~6#data#~6~6   <eIPGastona> 127.0.0.1~6   <eUdpPort> 11882~6~6   <rgLevels orientation> X~6   <rgLevels>~6        label, selected~6        2~6        4~6        6~6        8~6        10~6        12   , 1~6        14~6        16~6        18~6        19~6~6#listix#~6~6   <main>~6      //~6      // Very simple debug udp client for gastona applications~6      // including android gastona scripts.~6      //~6      // Your application has to open a UDP port for debug messages.~6      // This can be done by including this at the top of the script~6      //~6      //       #gastona#~6      //~6      //           <UDP_DEBUG_PORT>~6      //~6      // Then start your gastona application.~6      //~6      // Enter the right values for IP and UDP port if for example~6      // your aplication run in another computer or device or it has~6      // chosen another UDP port (gastona uses 11882 by default).~6      //~6      // Press Connect and choose the debug level.~6      //~6      // When interacting with your application you should see debug messages~6      // on the client.~6~6   <-- bConnect>~6      UDP, SET CLIENT, pincho, @<eIPGastona>, @<eUdpPort>~6      UDP, AGENT SEND, pincho, //SETLEVEL @<rgLevels selected.label>~6      SLEEP, 300~6      UDP, AGENT SEND, pincho, //ON~6~6   <-- pincho udp>~6       @<:raw p1>~6       //~6       //~6~6   <-- rgLevels>~6      UDP, AGENT SEND, pincho, //SETLEVEL @<rgLevels selected.label>~6~6   <-- bClear>~6      MSG, oCansa clear');INSERT INTO tLsxCmdAliases VALUES ('UDP', 'UDP');INSERT INTO tlsxCmdSyntaxHead VALUES ('UDP', '1', '3', 'Send a datagram to an IP Port once without expecting any response');
INSERT INTO tlsxCmdSyntaxHead VALUES ('UDP', '2', '3', 'Opens an UDP client or send-first which will establish a communication with some UDP server or listen-first');
INSERT INTO tlsxCmdSyntaxHead VALUES ('UDP', '3', '3', '~Sends a datagram via the UDP client, responses will be received through the message ~3<clientName> udp~3');
INSERT INTO tlsxCmdSyntaxHead VALUES ('UDP', '4', '3', '~Opens an UDP server or listen-first that first will listen for incomming communications (via message ~3<serverName> udp~3) being able to respond to them');
INSERT INTO tlsxCmdSyntaxHead VALUES ('UDP', '5', '3', 'Closes either a UDP client or server');INSERT INTO tlsxCmdSyntaxParams VALUES ('UDP', '1', '0', 'SEND ONCE', '', '');
INSERT INTO tlsxCmdSyntaxParams VALUES ('UDP', '1', '1', 'IPAddress', 'localhost', 'target IP address');
INSERT INTO tlsxCmdSyntaxParams VALUES ('UDP', '1', '2', 'Port', '18110', 'target port');
INSERT INTO tlsxCmdSyntaxParams VALUES ('UDP', '1', '3', 'datagram', '', 'datagram to send');
INSERT INTO tlsxCmdSyntaxParams VALUES ('UDP', '2', '4', 'SET CLIENT', '', '');
INSERT INTO tlsxCmdSyntaxParams VALUES ('UDP', '2', '5', 'clientName', '', '~Name associated with the UDP client, response messages will be received via the message ~3<clientName> udp~3');
INSERT INTO tlsxCmdSyntaxParams VALUES ('UDP', '2', '6', 'IPAddress', 'localhost', 'target IP address');
INSERT INTO tlsxCmdSyntaxParams VALUES ('UDP', '2', '7', 'Port', '18110', 'target port');
INSERT INTO tlsxCmdSyntaxParams VALUES ('UDP', '3', '8', 'AGENT SEND', '', '');
INSERT INTO tlsxCmdSyntaxParams VALUES ('UDP', '3', '9', 'agentName', '', 'UDP client name previously created with UDP, SET CLIENT command');
INSERT INTO tlsxCmdSyntaxParams VALUES ('UDP', '3', '10', 'datagram', '', 'datagram to send');
INSERT INTO tlsxCmdSyntaxParams VALUES ('UDP', '3', '11', 'IPAddress', 'localhost', 'A client udp agent should not specify this, a server only if is different from the last received datagram IP');
INSERT INTO tlsxCmdSyntaxParams VALUES ('UDP', '3', '12', 'Port', '18110', 'A client udp agent should not specify this, a server only if is different from the last received datagram Port');
INSERT INTO tlsxCmdSyntaxParams VALUES ('UDP', '4', '13', 'SET SERVER', '', '');
INSERT INTO tlsxCmdSyntaxParams VALUES ('UDP', '4', '14', 'serverName', '', '~Name associated with the UDP server, it will start inmediately to listen for udp datagrams that will receive via the message ~3<clientName> udp~3 with the parameters <datagram> <IPsender> <PORTsender>');
INSERT INTO tlsxCmdSyntaxParams VALUES ('UDP', '4', '15', 'Port', '18110', 'port to listen to');
INSERT INTO tlsxCmdSyntaxParams VALUES ('UDP', '5', '16', 'CLOSE', '', '');
INSERT INTO tlsxCmdSyntaxParams VALUES ('UDP', '5', '17', 'agentName', '', 'either a udp server or client name to be closed (cease to listening to messages)');INSERT INTO tlsxCmdSyntaxOpts VALUES ('UDP', '1', 'BODY', 'datagram', '', 'part of the datagram to send');
INSERT INTO tlsxCmdSyntaxOpts VALUES ('UDP', '3', 'BODY', 'datagram', '', 'part of the datagram to send');
/* START PROCESSING ..\..\base\src\listix\cmds\cmdValueOf.java */

INSERT INTO tGastItemDoc VALUES ('VALUE OF', 'listix_command', 'lang_variables', 'listix.cmds.cmdValueOf', '2', 'Print out the value of the given variable name', '~~6 Prints out(*) the value of the given variable name. Used with a plain variable name~6 it will return its value which is actually not very interesting but if want~6 to form the variable name using other variable it is the only way to retrieve~6 the value of this variable. Note that something like ~3@<text of @<myVar>>~3 is not legal~6 and would produce an error, in this case we can use ~3VALUE OF~3 as follows:~6~6       VALUE OF, text of @<myVar>~6~6 (*) On the current listix target (e.g. console, variable solving etc)');
INSERT INTO tGastExamples VALUES ('VALUE OF', 'valueof example', '~#javaj#~6~6   <frames> oConsole, listix command VALUE OF example~6~6#listix#~6~6   <language> spanish~6~6   <main0>~6       VALUE OF, Hello @<language>~6~6   <Hello spanish>~6       //Hola!~6       //~6~6   <Hello german>~6       //Hallo!~6       //~6~6   <Hello english>~6       //Hello!~6       //');
INSERT INTO tGastExamples VALUES ('VALUE OF', 'valueof example 2', '~#javaj#~6~6   <frames> F, listix command VALUE OF example 2~6~6   <layout of F>~6       EVA, 10, 10, 7, 7~6~6          ,         , X~6        X , tRecords, -~6          , cField  , eValue~6~6#data#~6~6   <tRecords>~6       id, Name     , City     ,  WhatIs~6       71, Abelardo , Plasencia,  Casino~6       61, Renate   , Goettingen, Baeckerei~6       81, Sergej   , Riga     ,  Buro~6       16, Suelen   , Nagoya   ,  Suzuki Partner~6~6   <cField visibleColumns> say~6   <cField>~6       fieldName, say~6       id       , has the id~6       Name     , it is called~6       City     , lies on~6       WhatIs   , it is a~6~6#listix#~6~6   <-- cField> @<show field>~6   <-- tRecords> @<show field>~6~6   <show field>~6       CHECK, VAR, tRecords selected.id~6       SET VAR, eValue, @<theValue>~6       MSG, eValue data!~6~6   <theValue>~6       VALUE OF, tRecords selected.@<cField selected.fieldName>');INSERT INTO tLsxCmdAliases VALUES ('VALUE OF', 'VALUE');INSERT INTO tlsxCmdSyntaxHead VALUES ('VALUE OF', '1', '1', 'Returns the value of the given Eva variable');INSERT INTO tlsxCmdSyntaxParams VALUES ('VALUE OF', '1', '0', 'refToSolve', '', 'Variable name given directly or through a listix expresion which value has to be retrieved');INSERT INTO tlsxCmdSyntaxOpts VALUES ('VALUE OF', '1', 'SOLVE VAR', '1 / 0', '1', 'Default is 1, if set to 0 the content of the variable will be treat as text (no solving variables like @<myvar>)');
INSERT INTO tlsxCmdSyntaxOpts VALUES ('VALUE OF', '1', 'AS TEXT', '0 / 1', '0', 'Default is 0, setting to 1 has the same effect as set SOLVE VAR to 0');
/* START PROCESSING ..\..\base\src\listix\cmds\cmdXmelon.java */

INSERT INTO tGastItemDoc VALUES ('XMELON', 'listix_command', 'data_parsers', 'listix.cmds.cmdXmelon', '4', 'Parses a XML file and stores the data into a database', '~~6 The XMELON schema is an approach to parse xml data and store it in a database. This command~6 allows to parse xml files creating and filling the XMELON tables.~6~6 ====== Parsing XML files into XMELON tables~6~6 To parse a XML file simply give the file name of the xml file and the target database, for example~6~6       XMELON, FILE2DB, file2parse.xml, xmelondb.db~6~6 if the database does not exist it will be created.~6~6 Multiple files can be parsed into the same database even having totally different xml schemas.~6 Nevertheless, if multiple file parsing is planned it is convenient to switch on a special XMELON cache~6 that accelerates this kind of parsing since keeps in ~3xmelon mind~3 the tables of tags and paths for a~6 faster search of these elements needed on each record insertion. For example:~6~6       XMELON, CACHE, 1~6       FOR, FILES, ., xml, kml~6          ,, XMELON, FILE2DB, @<fullPath>, testXMeLon.db~6       XMELON, CACHE, 0~6~6 ====== Accessing the data~6~6 All data is contained in the given xmelon database schema and can be easily accessed using the DEEPDB connections~6 for instance, in order to have a table with filename, path, last tag and data of every data in the database~6 following deep SQL can be used~6~6     <xmelon data deep SQL>~6       DEEPDB, testXMeLon.db, xmelon_data~6             ,, file fullPath~6             ,, path pathStr~6             ,, tag tagStr~6             ,, value~6~6 It provides a view of all the contents as a single table and can be useful for example to find any data within all files.~6~6 The xmelon schema still permits technically another very powerful view of the xml data, that is: a xml path as a table.~6~6~6 ====== XMELON schema~6~6 The XMELON schema consist on the following tables (~4xmelon~4 prefix is default)~6~6    table xmelon_files (fileID, timeParse, fullPath)~6       Multiple files even with different xml schemas might be parsed, this table records~6       every parsed file~6~6    table xmelon_pathDef (patID, parentPatID, pathStr, pathStrNormal, lastNode, level)~6       Every different xml path that contains final data is recorded in this table~6~6    table xmelon_tagDef (tagID, tagStr, tagStrNormal)~6       Every different tag that contains final data is recorded in this table~6~6    table xmelon_data (fileID, dataCnt, patCnt, parentPatCnt, patID, tagID, dataPlace, value)~6       Every final data is recorded in this table with its associated file, path and tag id~4s: fileID, patID and tagID~6~6 Connections between tables (see DEEPDB command) to facilitate the queries are generated as well, specifically~6~6    connection name      source table        field          target table      field~6    -----------------    -----------------   -------------- ----------------  ---------~6    parentPath           xmelon_pathDef      parentPatID    xmelon_pathDef    patID~6    file                 xmelon_data         fileID         xmelon_files      fileID~6    path                 xmelon_data         patID          xmelon_pathDef    patID~6    tag                  xmelon_data         tagID          xmelon_tagDef     tagID~6~6 ======= Apendix : building ~3xml path as a Table~3 queries from XMELON schema~6~6 Keeping in mind the xmelon schema given above, we see that~6~6    - The table xmelon_pathDef contain directly all the xml paths having data~6~6    - The table xmelon_data grouped by patID and tagID give us the information about the ~3fields~3~6      of each xml path represented by patID, since each tagID can be associated with a field~6~6    - Finally we can build a select query against xmelon_data for a specific patID (xml path) containing~6      some general fields like ~4fileID~4, ~4patID~4, ~4patCnt~4 and ~4parentPatCnt~4 plus following sql expression~6      for each associated field given by a @<tagID> and its name @<tag_tagStr>~6             MAX(CASE WHEN tagID = @<tagID> THEN value END) AS c_@<tag_tagStr>~6~6 This is what the listix format ~3SQL FOR PATH (pathStr)~3 from META-GASTONA/utilApp/xmelon/util.lsx does~6 for instance, a select query for the table associated with the xml path ~3/CATALOG/CD~3 could be writen as:~6~6    <sql for cds>~6      LSX, SQL FOR PATH (pathStr), ~3/CATALOG/CD~3~6         , LOAD FORMATS, META-GASTONA/utilApp/xmelon/util.lsx~6~6 With this technique we are able to form queries for all xml paths contained in xmelon data. Is quite common in xml schemas~6 to have xml path with data containing as well other xml paths (subpaths), thus having a hierarchy of xml paths. In DeepDB~6 language this are connections between the tables (or views) representing the xml paths, this connections can be obtained directly~6 from the table xmelon_pathDef from the pairs ~4patID~4, ~4parentPatID~4. If we consider the deep select~6~6     DEEP DB, SELECT, xmelon_pathDef~6            ,     , patID~6            ,     , parentPatID~6            ,     , pathStr~6            ,     , pathStrNormal~6            ,     , parentPath pathStrNormal~6            ,     , parentPath lastNode~6~6 for each record where pathStr != ~4~4 AND parentPatID != 0, we get a connection defined by two fields~6~6    connection name           source table         field            target table                   field~6    -----------------         -----------------    --------------   ----------------               ---------~6    @<parentPath_lastNode>    @<pathStrNormal>     fileID           @<parentPath_pathStrNormal>    fileID~6    @<parentPath_lastNode>    @<pathStrNormal>     parentPatCnt     @<parentPath_pathStrNormal>    patCnt~6');
INSERT INTO tGastExamples VALUES ('XMELON', 'xmelon parse CD catalog', '~#javaj#~6~6   <frames> main, XMELON demo CD catalog, 500, 400~6~6   <layout of main>~6      EVA, 7, 7, 6, 6~6~6         , X,~6       X , tTablePath~6         , lStatus~6~6#data#~6~6   <music>~6      //<?xml version=~31.0~3?>~6      //  <shelf>~6      //         <cd>~6      //             <title>Blood on the tracks</title>~6      //             <author>Bob Dylan</author>~6      //         </cd>~6      //         <cd>~6      //             <title>The man who sold the world</title>~6      //             <author>David Bowie</author>~6      //             <year>1971</year>~6      //         </cd>~6      //         <cd>~6      //             <title>Dioptria</title>~6      //             <author>Pau Riba</author>~6      //             <year>1971</year>~6      //         </cd>~6      //  </shelf>~6~6~6   <iPaths visibleColumns> pathStr~6~6~6#listix#~6~6   <main>~6      -->, lStatus data!,, //generating temporary xml ...~6      GEN, :mem xml, music~6~6      -->, lStatus data!,, //parsing xml file onto a xmelon db ...~6      XMELON, FILE2DB, :mem xml~6~6      -->, lStatus data!,, //loading data ...~6      -->, tTablePath data!, sqlSelect, //@<sql>~6      -->, lStatus data!,, //done.~6~6   <sql>~6      LSX, GET_SQL_FOR_XMLPATH, /shelf/cd~6         , LOAD FORMATS, META-GASTONA/utilApp/xmelon/util.lsx');
INSERT INTO tGastExamples VALUES ('XMELON', 'xmelon simple sample', '~#javaj#~6~6   <frames> main, XMELON demo, 500, 400~6~6   <layout of main>~6      EVA, 7, 7, 6, 6~6~6         ,                   , X~6         , lXML file to parse, eXMLFile,~6         , bParse            , -~6         , lXML Paths found  , -~6       X , iPaths            , -~6       X , tTablePath        , -~6       X , +~6~6#data#~6~6   <eXMLFile> http://www.w3schools.com/xml/cd_catalog.xml~6~6   <iPaths visibleColumns> pathStr~6~6~6#listix#~6~6   <-- eXMLFile>~6       LSX, -- bParse~6~6   <-- bParse>~6      XMELON, FILE2DB, @<eXMLFile>~6      -->, iPaths data!, sqlSelect, //SELECT * FROM xmelon_pathDef~6~6   <-- iPaths>~6      -->, tTablePath data!, sqlSelect, @<sql>~6~6   <sql>~6      LSX, SQL PATH ASSOCIATED FIELDS (pathID), @<iPaths selected.patID>~6         , LOAD FORMATS, META-GASTONA/utilApp/xmelon/util.lsx');
INSERT INTO tGastExamples VALUES ('XMELON', 'xmelon directory', '~#javaj#~6~6   <frames> main, XMELON directory demo, 500, 400~6~6   <layout of main>~6      EVA, 7, 7, 6, 6~6~6         ,                   , X~6         , lXML directory    , eXMLDir,~6         , bParse            , -~6~6#listix#~6~6   <-- eXMLDir>~6       LSX, -- bParse~6       LSX, -- bParse~6~6   <-- bParse>~6      XMELON, ENABLE CACHE, 1~6      LOOP, FILES, @<eXMLDir>, xml~6          ,, XMELON, FILE2DB, @<fullPath>~6      XMELON, ENABLE CACHE, 0~6      XMELON, CONTENT VIEWS~6      JAVA, gastona.gastona, main, META-GASTONA/utilApp/arces/arces.gast, @<:sys gastona.defaultDB>~6');
INSERT INTO tGastExamples VALUES ('XMELON', 'xmelon json sample', '~#javaj#~6~6   <frames> main, XMELON JSON CD catalog, 500, 400~6~6   <layout of main>~6      EVA, 7, 7, 6, 6~6~6         , X~6         , lXMeLon basis table~6       X , sTablePath~6         , lStatus~6         , bOpen XMeLon db~6~6#data#~6~6   <music>~6      //{~6      //   owner: Evarist,~6      //   cds : [~6      //         {~6      //           title: Blood on the tracks,~6      //           author: Bob Dylan~6      //         },~6      //         {~6      //            title: The man who sold the soft,~6      //            author: David Bowie,~6      //            year: 1971~6      //         },~6      //         {~6      //            title: Dioptria,~6      //            author: Pau Riba,~6      //            year: 1971~6      //         }~6      //   ]~6      //}~6~6~6#listix#~6~6   <main>~6      -->, lStatus data!,, //generating temporary json file ...~6      GEN, :mem json, music~6~6      -->, lStatus data!,, //parsing json file into a xmelon db ...~6      XMELON, JSON2DB, :mem json~6      XMELON, CREATE CONTENT VIEWS~6~6      -->, lStatus data!,, //loading data ...~6      -->, sTablePath data!, sqlSelect, //@<sql>~6      -->, lStatus data!,, //done.~6~6   <sql>~6      DEEP DB, SELECT, xmelon_data~6             , FIELDS, path pathStr, path lastNode, tag tagStr, dataPlace, value~6~6   <-- bOpen XMeLon db>~6      GAST, META-GASTONA/utilApp/arces/arces.gast, @<:sys gastona.defaultDB>');INSERT INTO tlsxCmdSyntaxHead VALUES ('XMELON', '1', '4', '~Parse ~4xmlSourceFile~4 and set the result into the database ~4dbName~4 creating the schema if needed');
INSERT INTO tlsxCmdSyntaxHead VALUES ('XMELON', '2', '4', '~Parse ~4jsonSourceFile~4 and set the result into the database ~4dbName~4 creating the schema if needed');
INSERT INTO tlsxCmdSyntaxHead VALUES ('XMELON', '3', '4', 'Enables or disables a cache used to keep loaded tables (tagID and pathID) that accelerates the parsing with multiple files');
INSERT INTO tlsxCmdSyntaxHead VALUES ('XMELON', '4', '4', 'Create views and connections (see command DEEPDB) for all the xml paths containing data found in all parsed xml files');INSERT INTO tlsxCmdSyntaxParams VALUES ('XMELON', '1', '0', 'FILE2DB', '', '');
INSERT INTO tlsxCmdSyntaxParams VALUES ('XMELON', '1', '1', 'xmlSourceFile', '', 'Name of text file to be parsed');
INSERT INTO tlsxCmdSyntaxParams VALUES ('XMELON', '1', '2', 'targetDbName', '(default db)', 'Database name where to put the result of parsing');
INSERT INTO tlsxCmdSyntaxParams VALUES ('XMELON', '1', '3', 'tablePrefix', 'xmelon', '~Optional prefix for the result tables (~4prefix~4_files, ~4prefix~4_tagDef, ~4prefix~4_pathDef and ~4prefix~4_data)');
INSERT INTO tlsxCmdSyntaxParams VALUES ('XMELON', '2', '4', 'JSON2DB', '', '');
INSERT INTO tlsxCmdSyntaxParams VALUES ('XMELON', '2', '5', 'jsonSourceFile', '', 'Name of the JSON file to be parsed');
INSERT INTO tlsxCmdSyntaxParams VALUES ('XMELON', '2', '6', 'targetDbName', '(default db)', 'Database name where to put the result of parsing');
INSERT INTO tlsxCmdSyntaxParams VALUES ('XMELON', '2', '7', 'tablePrefix', 'xmelon', '~Optional prefix for the result tables (~4prefix~4_files, ~4prefix~4_tagDef, ~4prefix~4_pathDef and ~4prefix~4_data)');
INSERT INTO tlsxCmdSyntaxParams VALUES ('XMELON', '3', '8', 'ENABLE CACHE', '', '');
INSERT INTO tlsxCmdSyntaxParams VALUES ('XMELON', '3', '9', '0 / 1', '0', 'Set to 1 if want xmelon to use a cache for tagID and pathID tables. In loops it makes the parser to work faster');
INSERT INTO tlsxCmdSyntaxParams VALUES ('XMELON', '4', '10', 'CREATE CONTENT VIEWS', '', '');
INSERT INTO tlsxCmdSyntaxParams VALUES ('XMELON', '4', '11', 'targetDbName', '(default db)', 'Database name containing the xmelon data obtained on previous XMELON parse operations');
INSERT INTO tlsxCmdSyntaxParams VALUES ('XMELON', '4', '12', 'tablePrefix', 'xmelon', '~Optional prefix for the result tables (~4prefix~4_files, ~4prefix~4_tagDef, ~4prefix~4_pathDef and ~4prefix~4_data)');INSERT INTO tlsxCmdSyntaxOpts VALUES ('XMELON', '1', 'IGNORE TAG', 'tag, tag, ..', '', 'All content of these tags will be ignored');
INSERT INTO tlsxCmdSyntaxOpts VALUES ('XMELON', '1', 'TRANSPARENT TAG', 'tag, tag, ..', '', 'Content of these tags will pass to the parent');
INSERT INTO tlsxCmdSyntaxOpts VALUES ('XMELON', '1', 'ALIAS TAG', 'tag, alias, ..', '', 'The tag will be replaced with its alias in the database');
INSERT INTO tlsxCmdSyntaxOpts VALUES ('XMELON', '2', 'IGNORE TAG', 'tag, tag, ..', '', 'All content of these tags will be ignored');
INSERT INTO tlsxCmdSyntaxOpts VALUES ('XMELON', '2', 'TRANSPARENT TAG', 'tag, tag, ..', '', 'Content of these tags will pass to the parent');
INSERT INTO tlsxCmdSyntaxOpts VALUES ('XMELON', '2', 'ALIAS TAG', 'tag, alias, ..', '', 'The tag will be replaced with its alias in the database');
/* START PROCESSING ..\..\base\src\listix\cmds\cmdZip.java */

INSERT INTO tGastItemDoc VALUES ('ZIP', 'listix_command', 'system_files', 'listix.cmds.cmdZip', '5', 'Zip utilities for compressing and extracting files in zip, jar or gzip formats', '~~6 Utility commands to compress or extract files in formats zip, gzip or jar.~6');
INSERT INTO tGastExamples VALUES ('ZIP', 'zip viewer demo', '~#javaj#~6~6   <frames> F, Zip viewer demo, 400~6~6   <layout of F>~6      EVA, 10, 10, 7, 7~6~6         ,          , X       ,~6         , lZipFile , eZipFile, bPickFile~6       X , vistas   , -       , -~6~6   <layout of vistas>~6      TABBED,~6~6      Asiste table , sAsiste~6      Tree         , aTree~6~6#data#~6~6   <lZipFile> Zip or jar file~6~6   <bPickFile DIALOG> FILE~6~6   <eZipFile> gastona.jar~6~6#listix#~6~6   <-- bPickFile>~6      -->, eZipFile data!,, @<bPickFile chosen>~6      @<get Zip Entries>~6~6   <-- eZipFile>~6      @<get Zip Entries>~6~6   <get Zip Entries>~6      ZIP, GET ENTRIES, @<eZipFile>, tabEntries~6      DATABASE,, CREATE TABLE, tabEntries~6      -->, aTree data!, sqlSelect, //SELECT * FROM tabEntries ORDER BY fileName;~6      -->, sAsiste data!, sqlSelect, //SELECT * FROM tabEntries ORDER BY fileName;~6');INSERT INTO tLsxCmdAliases VALUES ('ZIP', 'SIP');INSERT INTO tlsxCmdSyntaxHead VALUES ('ZIP', '1', '2', 'make a zip (jar) file of an entire directory');
INSERT INTO tlsxCmdSyntaxHead VALUES ('ZIP', '2', '2', 'unzips a file (zip or jar)');
INSERT INTO tlsxCmdSyntaxHead VALUES ('ZIP', '3', '2', 'retrives the entries contents in a zip (jar) file');
INSERT INTO tlsxCmdSyntaxHead VALUES ('ZIP', '4', '2', 'make a gzip file');
INSERT INTO tlsxCmdSyntaxHead VALUES ('ZIP', '5', '2', 'un-gzips a file');INSERT INTO tlsxCmdSyntaxParams VALUES ('ZIP', '1', '0', 'ZIP DIR', '', '');
INSERT INTO tlsxCmdSyntaxParams VALUES ('ZIP', '1', '1', 'zipFileName', '', 'Filename for the desired zip or jar file');
INSERT INTO tlsxCmdSyntaxParams VALUES ('ZIP', '1', '2', 'dirPath', '', 'Directory to be zipped');
INSERT INTO tlsxCmdSyntaxParams VALUES ('ZIP', '2', '3', 'UNZIP', '', '');
INSERT INTO tlsxCmdSyntaxParams VALUES ('ZIP', '2', '4', 'zipFileName', '', 'Filename of the zip file to be extracted');
INSERT INTO tlsxCmdSyntaxParams VALUES ('ZIP', '2', '5', 'fileToExtract', '', 'File to extract, if not given then extract all');
INSERT INTO tlsxCmdSyntaxParams VALUES ('ZIP', '2', '6', '...', '', '');
INSERT INTO tlsxCmdSyntaxParams VALUES ('ZIP', '3', '7', 'GET ENTRIES', '', '');
INSERT INTO tlsxCmdSyntaxParams VALUES ('ZIP', '3', '8', 'zipFileName', '', 'Filename of the zip or jar file');
INSERT INTO tlsxCmdSyntaxParams VALUES ('ZIP', '3', '9', 'contentVariable', '', '~Name of the Eva table that will be generated with the list of all files in the zip file using the column ~4fileName~4');
INSERT INTO tlsxCmdSyntaxParams VALUES ('ZIP', '4', '10', 'GZIP', '', '');
INSERT INTO tlsxCmdSyntaxParams VALUES ('ZIP', '4', '11', 'fileToGZip', '', 'Filename of the file to be g-zipped');
INSERT INTO tlsxCmdSyntaxParams VALUES ('ZIP', '4', '12', 'gzipFileName', '', '~If given, filename for the desired gzip file, if not given the name will be fileToGZip ended with ~3.gz~3');
INSERT INTO tlsxCmdSyntaxParams VALUES ('ZIP', '5', '13', 'UNGZIP', '', '');
INSERT INTO tlsxCmdSyntaxParams VALUES ('ZIP', '5', '14', 'gzipFileName', '', 'Filename of the gzip file to be extracted');
INSERT INTO tlsxCmdSyntaxParams VALUES ('ZIP', '5', '15', 'targetFileName', '', '~If given, filename for the desired extracted file, if not given and gzipFileName ends with ~3.gz~3 the extracted filename will be gzipFileName minus ~3.gz~3');
INSERT INTO tlsxCmdSyntaxParams VALUES ('ZIP', '6', '16', 'ZIP FILES', '', '');
INSERT INTO tlsxCmdSyntaxParams VALUES ('ZIP', '6', '17', 'zipFileName', '', 'Filename for the desired zip or jar file');
INSERT INTO tlsxCmdSyntaxParams VALUES ('ZIP', '6', '18', 'listFiles', '', '~Name of the Eva table containing a list of all files to be zipped, this are to be found in the column named ~4fileName~4');INSERT INTO tlsxCmdSyntaxOpts VALUES ('ZIP', '1', 'STORE', '1/0', '0', 'Specify if the entries should be just stored with no compression');
INSERT INTO tlsxCmdSyntaxOpts VALUES ('ZIP', '6', 'STORE', '1/0', '0', 'Specify if the entries should be just stored with no compression');
INSERT INTO tlsxCmdSyntaxOpts VALUES ('ZIP', '2', 'BASE PATH', 'filePath', '', 'Specifies the base path where the files will be extracted');
INSERT INTO tlsxCmdSyntaxOpts VALUES ('ZIP', '5', 'BASE PATH', 'filePath', '', 'Specifies the base path where the file will be extracted');
INSERT INTO tlsxCmdSyntaxOpts VALUES ('ZIP', '6', 'BASE PATH', 'filepath', '', '~Specifies a base path for the source files specified in the parameter ~4listFiles~4. Note that this basepath will not appear in the generated zip file');
INSERT INTO tlsxCmdSyntaxOpts VALUES ('ZIP', '4', 'SET FILE DATE', '1/0', '1', 'Set the file date to the gz file, thus it can be recovered when ungzipping it');
INSERT INTO tlsxCmdSyntaxOpts VALUES ('ZIP', '5', 'SET DATE', 'gz, now or yyyy-MM-dd HH:mm', 'gz', '~To set the date time to the decompressed file. Default ~4gz~4: same date-time as the gz file, ~4now~4: current date-time or specify date-time');
/* START PROCESSING ..\..\pc\src\javaj\widgets\z2DCebolla.java */

INSERT INTO tGastItemDoc VALUES ('z2DCebolla', 'javaj_widget', 'misc', 'javaj.widgets.z2DCebolla', '4', 'A canvas to draw 2D geometries', '~~6 Experimental!~6');
INSERT INTO tGastExamples VALUES ('z2DCebolla', 'cebollasample', '~#javaj#~6~6    <frames> f1,~6~6    <layout of f1>~6       EVA, 4, 4, 3, 3~6          , X~6        X , 2DeCoso~6          , mandos~6       100, oConso~6~6    <layout of mandos>~6       EVA, 4, 4, 3, 3~6          ,          ,         ,        ,           , X,~6          , bNewTrazo, bEdit -, bEdit +, bDel Points,  ,  bDump~6          , lTolerancia, eTole, bReduce, rgTintas, -, bSave~6~6#listix#~6~6   <main>~6      MSG, 2DeCoso setStyle, tinta1~6~6   <-- rgTintas>~6       MSG, 2DeCoso setStyle, @<rgTintas selected.value>~6~6~6    <-- bNewTrazo>     MSG, 2DeCoso newTrazo~6    <-- bEdit ->       MSG, 2DeCoso incCurrentTrazo, -1~6    <-- bEdit +>       MSG, 2DeCoso incCurrentTrazo, 1~6    <-- bDel Points>   MSG, 2DeCoso modeDelPoints~6    <-- bReduce>~6       -->, 2DeCoso control!, REDUCTION_TOLERANCE, @<eTole>~6       MSG, 2DeCoso reducePoints, @<eTole>~6~6    <-- bDump>~6          MSG, oConso clear~6          MSG, 2DeCoso dump~6~6#data#~6~6   <rgTintas orientation> X~6   <rgTintas>~6        label , value, selected~6        notinta , notinta~6        tinta1  , tinta1   , 1~6        tinta2  , tinta2   ,~6        tinta3  , tinta3   ,~6~6    <eTole> 3~6    <2DeCoso REDUCTION_TOLERANCE> 3~6    <2DeCoso MIN_DISTANCE_TWO_PTS> 5~6    <2DeCoso EDIT_POINT_RECT> 6~6    <2DeCoso trazos>~6      defstyle, editCurrentTrazo, ~3fc:none;sc:yellow;sw:2~3~6      defstyle, tinta1, ~3fc:+188188188;sw:1~3~6      defstyle, tinta2, ~3fc:+123123123;sw:1~3~6      defstyle, tinta3, ~3fc:+067067067;sw:1~3~6      defstyle, notinta, ~3fc:none;sw:1~3');
INSERT INTO tGastExamples VALUES ('z2DCebolla', 'trazaCaballo', '~#javaj#~6~6    <frames> f1, Traza caballo, 800, 700~6~6    <layout of f1>~6       EVA, 4, 4, 3, 3~6          , X~6        X , 2DeCoso~6          , mandos~6       100, oConso~6~6    <layout of mandos>~6       EVA, 4, 4, 3, 3~6          ,          ,         ,        ,           , X,~6          , bNewTrazo, bEdit -, bEdit +, bDel Points, , bSave, bLoad, bDump~6          , lTolerancia, eTole, bReduce,~6~6#listix#~6~6    <-- bNewTrazo>     MSG, 2DeCoso newTrazo~6    <-- bEdit ->       MSG, 2DeCoso incCurrentTrazo, -1~6    <-- bEdit +>       MSG, 2DeCoso incCurrentTrazo, 1~6    <-- bDel Points>   MSG, 2DeCoso modeDelPoints~6    <-- bReduce>       MSG, 2DeCoso reducePoints, @<eTole>~6    <-- bDump>~6          MSG, oConso clear~6          MSG, 2DeCoso dump~6    <-- bSave>~6       MSG, 2DeCoso flushTrazos~6       DUMP, data, :mem garda, 2DeCoso trazos~6    <-- bLoad>~6       VAR=, 2DeCoso trazos, ~3~3~6       LOAD, data, :mem garda~6       MSG, 2DeCoso data!~6~6#data#~6~6    <eTole> 12~6    <2DeCoso MIN_DISTANCE_TWO_PTS> 12~6    <2DeCoso EDIT_POINT_RECT> 6~6    <2DeCoso trazos>~6       defstyle, pel, ~3fc:+255127039~3~6       defstyle, pelo, ~3fc:+234234234~3~6~6       z ,238, 121, ~3pel~3, //jau,84,39,109,-20,47,23,-6,54,-22,20,-35,25,-68,29,-75,1,-54,-29,-31,-81~6       z ,196, 223, ~3pel~3, //jau,-43,-81,-10,-36,9,-19,39,8,64,37~6       z ,155, 84, ~3pel~3, //jau,-47,7,-34,48,-16,29,20,19,36,-29,40,-15~6       z ,468, 148, ~3pel~3, //jau,26,22,14,27,1,46,-5,49,12,56,-12,73,-7,33,-25,0,13,-32,-10,-93,-45,-57,-16,-49~6       z ,196, 213, ~3pel~3, //jau,4,52,29,42,18,65,0,54,-12,28,10,4,18,-1,-2,-18,11,-18,-4,-85,5,-86~6       z ,473, 152, ~3pelo~3, //jau,51,14,23,59,8,86,-10,0,-3,27,-12,-28,5,38,-11,-2,-6,-37,5,-80,-11,-45,-19,-14~6       z ,128, 83, ~3pel~3, //jau,-22,-23,3,31~6       z ,123, 83, ~3pelo~3, //jau,44,-3,65,19,28,27,30,25,-20,19,6,13,-15,-3,-7,-26,-13,7,-17,-24,-28,-28,-21,4,-23,-20,-31,-9');
INSERT INTO tGastExamples VALUES ('z2DCebolla', 'trazaToBrowserDemo', '~#data#~6~6   <laData>~6      // var vdata = {~6      //      ~3Caballo graffiti~3: [~6      //    [ ~3defstyle~3, ~3piel~3, ~3fc:#ff7f27~3 ],~6      //    [ ~3defstyle~3, ~3pelo~3, ~3fc:#eaeaea~3],~6      //    [ ~3z~3 ,238, 121, ~3piel~3,  ~3jau~3,84,39,109,-20,47,23,-6,54,-22,20,-35,25,-68,29,-75,1,-54,-29,-31,-81 ],~6      //    [ ~3z~3 ,196, 223, ~3piel~3,  ~3jau~3,-43,-81,-10,-36,9,-19,39,8,64,37 ],~6      //    [ ~3z~3 ,155, 84,  ~3piel~3,  ~3jau~3,-47,7,-34,48,-16,29,20,19,36,-29,40,-15 ],~6      //    [ ~3z~3 ,468, 148, ~3piel~3,  ~3jau~3,26,22,14,27,1,46,-5,49,12,56,-12,73,-7,33,-25,0,13,-32,-10,-93,-45,-57,-16,-49 ],~6      //    [ ~3z~3 ,196, 213, ~3piel~3,  ~3jau~3,4,52,29,42,18,65,0,54,-12,28,10,4,18,-1,-2,-18,11,-18,-4,-85,5,-86 ],~6      //    [ ~3z~3 ,473, 152, ~3pelo~3,  ~3jau~3,51,14,23,59,8,86,-10,0,-3,27,-12,-28,5,38,-11,-2,-6,-37,5,-80,-11,-45,-19,-14 ],~6      //    [ ~3z~3 ,128, 83,  ~3piel~3,  ~3jau~3,-22,-23,3,31 ],~6      //    [ ~3z~3 ,123, 83,  ~3pelo~3,  ~3jau~3,44,-3,65,19,28,27,30,25,-20,19,6,13,-15,-3,-7,-26,-13,7,-17,-24,-28,-28,-21,4,-23,-20,-31,-9 ],~6      //    ],~6      // };~6      //~6~6#listix#~6~6   <main>~6      MICO, ONCE~6~6   <GET />~6      //<html>~6      //<body>~6      //      <canvas width=~3400~3 height=~3400~3 id=~3Caballo~3></canvas>~6      //      <svg width=~3400~3 height=~3400~3 id=~3Caballo~3></svg>~6      //<script>~6      //~6      //@<:infile META-GASTONA/js/trazos2D-min.js>~6      //~6      // @<laData>~6      //~6      //   window.onload = function(e)~6      //   {~6      //      trazos2D ().renderSvgGraffitis (vdata);~6      //      trazos2D ().renderCanvasGraffitis (vdata);~6      //   };~6      //~6      //</script>~6      //</body>~6      //</html>');INSERT INTO tZWidgetAttributes VALUES ('z2DCebolla', 'visible', 'in', '0 / 1', 'Value 0 to make the widget not visible');
INSERT INTO tZWidgetAttributes VALUES ('z2DCebolla', 'enabled', 'in', '0 / 1', 'Value 0 to disable the widget');
INSERT INTO tZWidgetAttributes VALUES ('z2DCebolla', 'var', 'in', 'Eva name', '~Reference to variable containing the data for this widget. If this atribute is given it will mask the data contained in the attribute ~3~3 (usually the data)');
INSERT INTO tZWidgetAttributes VALUES ('z2DCebolla', 'MIN_DISTANCE_TWO_PTS', 'in', 'number', 'Parmeter for stroking');
INSERT INTO tZWidgetAttributes VALUES ('z2DCebolla', 'EDIT_POINT_RECT', 'in', 'number', 'Parameter for visualizing editing points');INSERT INTO tZWidgetMessages VALUES ('z2DCebolla', 'data!', 'in', 'update data');
INSERT INTO tZWidgetMessages VALUES ('z2DCebolla', 'control!', 'in', 'update control');
/* START PROCESSING ..\..\pc\src\javaj\widgets\z2DEditRelos.java */

INSERT INTO tGastItemDoc VALUES ('z2DEditRelos', 'javaj_widget', 'misc', 'javaj.widgets.z2DEditRelos', '4', 'A canvas to draw 2D geometries related with an Relos', '~~6 Experimental!~6');
INSERT INTO tZWidgetAttributes VALUES ('z2DEditRelos', 'visible', 'in', '0 / 1', 'Value 0 to make the widget not visible');
INSERT INTO tZWidgetAttributes VALUES ('z2DEditRelos', 'enabled', 'in', '0 / 1', 'Value 0 to disable the widget');
INSERT INTO tZWidgetAttributes VALUES ('z2DEditRelos', 'var', 'in', 'Eva name', '~Reference to variable containing the data for this widget. If this atribute is given it will mask the data contained in the attribute ~3~3 (usually the data)');INSERT INTO tZWidgetMessages VALUES ('z2DEditRelos', 'data!', 'in', 'update data');
INSERT INTO tZWidgetMessages VALUES ('z2DEditRelos', 'control!', 'in', 'update control');
/* START PROCESSING ..\..\pc\src\javaj\widgets\z2DGraphicScenes.java */

INSERT INTO tGastItemDoc VALUES ('z2DGraphicScenes', 'javaj_widget', 'misc', 'javaj.widgets.z2DGraphicScenes', '4', 'A canvas to draw 2D geometries with zoom and movement capabilities', '~~6 A canvas where you can place a scene composed by objects. Basically in the attribute ~3scene~3~6 you define the objects of the scene, the order will be the z-order (behind ... top). For instance~6~6    <2DsMyPaint scene>~6       background~6       stick~6       ball~6~6 then for each object an attribute ~3graphic NAME~3 will define its final aspect~6~6    <2DsMyPaint graphic background>~6       rect, ~3fill:blue~3, 0, 0, 200, 400~6~6    <2DsMyPaint graphic stick>~6       path, ~3fill:brown~3, ~3M 200 60 c 10 40 15 43 22 18 34 7 z~3~6~6    <2DsMyPaint graphic ball>~6       circle, ~3fill:green~3, 130, 100, 50~6~6 the attribute ~3graphic NAME~3 admits multiple lines and following geometries are supported~6~6    geometrie      parameters~6    -----------    ---------------------------------------------~6    path           style, path data~6    rect           style, left, top, width, height, radius x, radius y~6    polygon        style, points~6    polyline       style, points~6    circle         style, center x, center y, radius~6    ellipse        style, center x, center y, radius x, radius y~6    oval           style, left, top, width, height~6    text           style, left, right, width, ?, text~6    svgfile        name of svg file (not all that svg defines is supported but the geometries path, rect, etc)~6~6 where ~3style~3 and ~3path data~3 are very similar as defined in SVG 1.1 with slight variations~6~6~6 NOTE: This widget has been added lately and its specification, although useful, still has to improved and~6       in these changes might loose compatibility with the defined here!~6');
INSERT INTO tGastExamples VALUES ('z2DGraphicScenes', 'scene noche', '~#javaj#~6~6    <frames> f1,~6~6    <layout of f1>~6       EVA, 4, 4, 3, 3~6          , X~6        X , 2DsMyPaint~6       100, oConso~6~6#listix#~6~6    <-- graphicPress fledy>~6        //you clicked on fledy ...~6        //~6~6#data#~6~6    <2DsMyPaint scene>~6       noche~6       luna~6       fledy~6~6    <2DsMyPaint graphic noche>~6       rect, ~3fill:#440053~3, 0, 0, 600, 400~6~6    <2DsMyPaint graphic luna>~6       circle, ~3fc:#C2C2C2~3, 260, 170, 110~6~6    <2DsMyPaint graphic fledy>~6       path, ~3fc:black~3,  ~3M  190  237 j   55 -5  48 -31  61  37  -45  3 -18  27 -31 -5 -21  20 -17  23 -27 -21 -50 -4 -23 -17 -30  8  37 -48 z~3~6       path, ~3fc:black~3,  ~3M  194  240 j  -10 -18 -1 -16  11  7  23  5  26 -18  1  22 -5  15~3~6~6    <2DsMyPaint graphicPress fledy>~6       path, ~3fc:red~3,  ~3M  190  237 j   55 -5  48 -31  61  37  -45  3 -18  27 -31 -5 -21  20 -17  23 -27 -21 -50 -4 -23 -17 -30  8  37 -48 z~3~6       path, ~3fc:red~3,  ~3M  194  240 j  -10 -18 -1 -16  11  7  23  5  26 -18  1  22 -5  15~3~6       text, ~3font-family:Tahoma;fc:;fs:22~3, 180, 150, 0, 0, Cuaaaao!~6');
INSERT INTO tGastExamples VALUES ('z2DGraphicScenes', 'grid and curve', '~#javaj#~6~6   <frames> f1,~6   <layout of f1>~6      EVA, 4, 4, 3, 3~6         , X~6      X , 2DsMyPaint~6~6#listix#~6~6   <main>~6      LSX, crea grid(x0 x1 incx y0 y1 incy var), -50, 50, 10, -40, 40, 10, ~32DsMyPaint graphic grid~3~6      MSG, 2DsMyPaint data!~6~6   <crea grid(x0 x1 incx y0 y1 incy var)>~6      VAR=, @<p7>, ~3~3~6      LOOP, FOR, x, @<p1>, @<p2>, @<p3>~6         ,, VAR+, @<p7>, path, ~3~3, ~3M @<x> @<p4> L @<x> @<p5>~3~6      LOOP, FOR, y, @<p4>, @<p5>, @<p6>~6         ,, VAR+, @<p7>, path, ~3~3, ~3M @<p1> @<y> L @<p2> @<y>~3~6      VAR+, @<p7>, text, ~3font-family:Tahoma;fc:;fs:2~3, 0, 0, 0, 0, ~3~3~6      LOOP, FOR, x, @<p1>, @<p2>, @<p3>~6         ,, VAR+, @<p7>, text, ~3font-family:Tahoma;fs:2~3, @<x+.3>, 0, 0, 0, @<x>~6      LOOP, FOR, y, @<p4>, @<p5>, @<p6>~6         ,, VAR+, @<p7>, text, ~3font-family:Tahoma;fs:2~3, .3, @<y>, 0, 0, @<y>~6~6   <x+.3> =, x+.3~6~6#data#~6~6   <2DsMyPaint scene>~6      grid~6      dabajo~6~6   <2DsMyPaint graphic dabajo>~6      path, ~3fc:none;~3,  ~3M  -40 0 C -30 -40 -10 0 40 0~3~6~6');INSERT INTO tZWidgetAttributes VALUES ('z2DGraphicScenes', 'visible', 'in', '0 / 1', 'Value 0 to make the widget not visible');
INSERT INTO tZWidgetAttributes VALUES ('z2DGraphicScenes', 'enabled', 'in', '0 / 1', 'Value 0 to disable the widget');
INSERT INTO tZWidgetAttributes VALUES ('z2DGraphicScenes', 'var', 'in', 'Eva name', '~Reference to variable containing the data for this widget. If this atribute is given it will mask the data contained in the attribute ~3~3 (usually the data)');
INSERT INTO tZWidgetAttributes VALUES ('z2DGraphicScenes', 'gestic', 'in', 'number', 'Determines which zoom and translations are allowed, for instance 24 allow translation of the objects and 25 zoom as well. (ZOOM_MULTITOUCH 1, ZOOM_X 2, ZOOM_Y 4, TRANS_X 8, TRANS_Y 16, MESSAGES 32)');
INSERT INTO tZWidgetAttributes VALUES ('z2DGraphicScenes', 'autofit', 'in', '1 / 0', 'If 1 the objects are atomatically resized to fit all them in the whole area');
INSERT INTO tZWidgetAttributes VALUES ('z2DGraphicScenes', 'scaleX', 'inout', 'number', 'Scale in X axis');
INSERT INTO tZWidgetAttributes VALUES ('z2DGraphicScenes', 'scaleY', 'inout', 'number', 'Scale in Y axis');
INSERT INTO tZWidgetAttributes VALUES ('z2DGraphicScenes', 'offsetX', 'inout', 'number', 'Offset in X axis');
INSERT INTO tZWidgetAttributes VALUES ('z2DGraphicScenes', 'offsetY', 'inout', 'number', 'Offset in Y axis');
INSERT INTO tZWidgetAttributes VALUES ('z2DGraphicScenes', 'scene', 'in', 'table', 'table of two columns (no header) : name of the object, movements allowed as 0/1 up,down,left,right for example 1101 means all movements except left.');
INSERT INTO tZWidgetAttributes VALUES ('z2DGraphicScenes', 'graphic NAME', 'in', 'table', 'table of geometries defining the object with name NAME, possible geometries are path, rect, circle, oval, ellipse, polygon, polyline, text and svgfile');INSERT INTO tZWidgetMessages VALUES ('z2DGraphicScenes', 'data!', 'in', 'update data');
INSERT INTO tZWidgetMessages VALUES ('z2DGraphicScenes', 'control!', 'in', 'update control');
INSERT INTO tZWidgetMessages VALUES ('z2DGraphicScenes', 'scale', 'in', 'to change the scales using the attributes scaleX and scaleY');
INSERT INTO tZWidgetMessages VALUES ('z2DGraphicScenes', 'offset', 'in', 'to change the offets using the attributes offsetX and offsetY');
/* START PROCESSING ..\..\pc\src\javaj\widgets\z2DMiRelos.java */

INSERT INTO tGastItemDoc VALUES ('z2DMiRelos', 'javaj_widget', 'misc', 'javaj.widgets.z2DMiRelos', '4', 'A canvas to draw own painted clocks', '~~6 Experimental!~6');
INSERT INTO tGastExamples VALUES ('z2DMiRelos', 'mirelos sample', '~#javaj#~6~6    <frames> main,~6~6    <layout of main>~6       EVA, 4, 4, 3, 3~6          , X~6        X , 2DjMiRelos~6~6#data#~6~6    <2DjMiRelos backGroundShape>~6      z ,80, 50, ~3sc:none~3, //jau, 480, 480~6      z ,332, 119, ~3fc:#E68A00~3, //jauz,96,34,58,115,-30,123,-113,70,-119,-58,-32,-117,36,-98~6~6    <2DjMiRelos hoursShape>~6       z ,316, 269, ~3fc:#E6E600~3, //jau,65,-10,1,-13,39,23,-17,25,-13,-12,-54,16,-13,0,-9,-27~6~6    <2DjMiRelos minutesShape>~6       z ,309, 296, ~3fc:#E6E600~3, //jau,39,0,2,-13,-11,-119,26,1,-32,-36,-38,27,23,15,-5,122~6~6    <2DjMiRelos secondsShape>~6       z ,330, 280, ~3~3, //jau,10,-13,-31,-52,25,-23,-11,-39,10,-26,-4,-40,-10,26,26,0,-16,-26~6~6    <2DjMiRelos axisShape>~6       z ,322, 280, ~3fc:#CC3300~3, //jau,13,-9,-4,13~6~6    <2DjMiRelos axisPosition>~6~7~7    322, 280~6~6    <2DjMiRelos referenceTime> 03:00:00');INSERT INTO tZWidgetAttributes VALUES ('z2DMiRelos', 'visible', 'in', '0 / 1', 'Value 0 to make the widget not visible');
INSERT INTO tZWidgetAttributes VALUES ('z2DMiRelos', 'enabled', 'in', '0 / 1', 'Value 0 to disable the widget');
INSERT INTO tZWidgetAttributes VALUES ('z2DMiRelos', 'var', 'in', 'Eva name', '~Reference to variable containing the data for this widget. If this atribute is given it will mask the data contained in the attribute ~3~3 (usually the data)');
INSERT INTO tZWidgetAttributes VALUES ('z2DMiRelos', 'backGroundShape', 'in', 'Eva', 'Contains the trazos for the background of the clock if any');
INSERT INTO tZWidgetAttributes VALUES ('z2DMiRelos', 'minutesHandShape', 'in', 'Eva', 'Contains the trazos for the minutes hand of the clock if any');
INSERT INTO tZWidgetAttributes VALUES ('z2DMiRelos', 'hoursHandShape', 'in', 'Eva', 'Contains the trazos for the hour hand of the clock if any');
INSERT INTO tZWidgetAttributes VALUES ('z2DMiRelos', 'secondsHandShape', 'in', 'Eva', 'Contains the trazos for the second hand of the clock if any');
INSERT INTO tZWidgetAttributes VALUES ('z2DMiRelos', 'axisShape', 'in', 'Eva', 'Contains the trazos for the axis of the clock if any');
INSERT INTO tZWidgetAttributes VALUES ('z2DMiRelos', 'axisPosition', 'in', 'set of coordinates', 'x,y center of axis');
INSERT INTO tZWidgetAttributes VALUES ('z2DMiRelos', 'referenceTime', 'in', 'time string', 'hh:mm:ss of the clock when stopped, the default value is 03:00:00');
INSERT INTO tZWidgetAttributes VALUES ('z2DMiRelos', 'referencePositions', 'in', 'set of coordinates', 'alternative way to set references. If given it has to contain 4 coordinates: x,y center of axis, x,y end of hours hand, x,y end of minutes hand, x, y end of seconds hand');INSERT INTO tZWidgetMessages VALUES ('z2DMiRelos', 'data!', 'in', 'update data');
INSERT INTO tZWidgetMessages VALUES ('z2DMiRelos', 'control!', 'in', 'update control');
INSERT INTO tZWidgetMessages VALUES ('z2DMiRelos', 'run', 'in', 'sync the clock and start updating it');
INSERT INTO tZWidgetMessages VALUES ('z2DMiRelos', 'stop', 'in', 'stops the clock');
INSERT INTO tZWidgetMessages VALUES ('z2DMiRelos', 'toHtml5', 'in', 'exports the clock to html5');
/* START PROCESSING ..\..\pc\src\javaj\widgets\zAsisteTabla.java */

INSERT INTO tGastItemDoc VALUES ('zAsiste', 'javaj_widget', 'table', 'javaj.widgets.zAsiste', '8', '~A database table with search, filter and sorting capabilities (rapid prefix ~4s~4)', '~~6 An ~3Asiste Tabla~3 (assist table) is a database table or view that incorporates~6 the capabilities of searching, sorting and filtering for each column or a selection~6 of them. An edit field is placed over each column, the user can enter the filter or sort~6 criteria on it and when pressing enter a new query is performed and presented.~6~6 We show the possible values for seach, order and filter with some examples~6~6    value of~6    editfield   search result~6    ----------- ---------------------------------------------~6    casa        all records where this field contains ~3casa~3~6    casa mia    all records where this field contains ~3casa~3 and ~3mia~3 in any order~6~6    >B          order by this field and records greater or equal ~3B~3~6    <Z          reverse order by this field and records less or equal ~3Z~3~6    ]B          order by this field and records greater or equal ~3B~3 and less than ~3C~3~6    [B          reverse order by this field and records less or equal ~3B~3 and greater than ~3A~3~6~6    )44         order by this field numerically and records biger or equal 44~6    (44         reverse order by this field numerically and records lower or equal 44~6~6    ~4>          records containing ~3>~3 (e.g. searching <>[]()~4 characters at begining of text)~6~6 The combination of more criteria is solved with AND operation, that means all records has to~6 comply all criterias.~6~6 Widget characteristics: ~3Common~3, ~3Table select~3 and ~3Table from database~3.~6');
INSERT INTO tGastExamples VALUES ('zAsiste', 'assist basic example', '~#javaj#~6~6    <frames> F, Hello zAsisteTabla~6~6    <layout of F>~6          PANEL, Y~6          sAsiste, lSelectInfo~6~6#data#~6~6    <sAsiste sqlSelect> //SELECT * FROM someData~6~6#listix#~6~6    <main0>~6       DATABASE,,CREATETABLE, someData~6~6    <someData>~6          id , name,     city           , age~6          718, Ricardo,  San Francisco  , 12~6          321, Abelardo, Betanzos       , 45~6          112, Joseba  , Bilbo          , 21~6~6    <-- sAsiste>~6       -->, lSelectInfo data!,, //Last selected @<sAsiste selected.name> from @<sAsiste selected.city> is @<sAsiste selected.age> years old~6~6');
INSERT INTO tGastExamples VALUES ('zAsiste', 'assist sample gastonaDoc', '~#javaj#~6~6   <frames> sAsiste, zAsiste example, 500, 300~6~6#listix#~6~6   <main>~6      DB,, EXECUTE, @<:infile META-GASTONA/WelcomeGastona/gastonaDocScript.sql>~6      -->, sAsiste data!, sqlSelect, //SELECT name, desc FROM tGastItemDoc');
INSERT INTO tGastExamples VALUES ('zAsiste', 'assist sample gastonaDoc plus export', '~#gastona#~6~6   <fusion>~6       META-GASTONA/utilApp/std/ExportBasicDialog.gasti~6~6#javaj#~6~6   <frames> fMain, zAsiste example, 500, 300~6~6   <layout of fMain>~6       EVA, 10, 10, 10, 10~6~6          ,  X~6         X, sAsiste~6          , layExportBasic~6~6#listix#~6~6   <main>~6      DB,, EXECUTE, @<:infile META-GASTONA/WelcomeGastona/gastonaDocScript.sql>~6      -->, sAsiste data!, sqlSelect, //SELECT name, desc FROM tGastItemDoc~6      LISTIX, ExportBasic set (gridName dbName), sAsiste, ~3~3~6');INSERT INTO tZWidgetAttributes VALUES ('zAsiste', 'visible', 'in', '0 / 1', 'Value 0 to make the widget not visible');
INSERT INTO tZWidgetAttributes VALUES ('zAsiste', 'enabled', 'in', '0 / 1', 'Value 0 to disable the widget');
INSERT INTO tZWidgetAttributes VALUES ('zAsiste', 'var', 'in', 'Eva name', '~Reference to variable containing the data for this widget. If this atribute is given it will mask the data contained in the attribute ~3~3 (usually the data)');
INSERT INTO tZWidgetAttributes VALUES ('zAsiste', 'visibleColumns', 'in', '(Eva line)', 'list of visible columns');
INSERT INTO tZWidgetAttributes VALUES ('zAsiste', 'selected.COLNAME', 'out', '(String)', 'contents of the column with name COLNAME of last selected row of the table');
INSERT INTO tZWidgetAttributes VALUES ('zAsiste', 'subTableSelection', 'out', '(Eva table)', 'a table formed with the selected rows');
INSERT INTO tZWidgetAttributes VALUES ('zAsiste', 'dbName', 'in', '(file name)', 'If specified then it is the database name from which the data will be retrieved (default is the global temporary database)');
INSERT INTO tZWidgetAttributes VALUES ('zAsiste', 'sqlSelect', 'in', '(sqlite select or pragma)', 'If specified SQL query where the data will be retrieved (see dbName)');
INSERT INTO tZWidgetAttributes VALUES ('zAsiste', 'sqlExtraFilter', 'inout', '(part of sqlite select)', 'Filter to be applied to the query');INSERT INTO tZWidgetMessages VALUES ('zAsiste', 'data!', 'in', 'update data');
INSERT INTO tZWidgetMessages VALUES ('zAsiste', 'control!', 'in', 'update control');
INSERT INTO tZWidgetMessages VALUES ('zAsiste', '', 'out', 'a row from the table has been selected (see also selected.COLNAME and subTableSelection attributes)');
INSERT INTO tZWidgetMessages VALUES ('zAsiste', '2', 'out', 'a row from the table has been double clicked (see also selected.COLNAME attribute)');
/* START PROCESSING ..\..\pc\src\javaj\widgets\zButton.java */

INSERT INTO tGastItemDoc VALUES ('zButton', 'javaj_widget', 'button', 'javaj.widgets.zButton', '10', '~A typical button, also useful as file chooser dialog facility (rapid prefix ~4b~4)', '~~6 Typical button whose data is the label, an image (png, gif or jpeg) can be associated as well.~6 A special characteristic of this widget is that can launch dialogs for file(s) and directory(ies)~6 chooser. The attributes associated with this feature are ~4DIALOG~4 and ~4chosen~4, if ~4DIALOG~4~6 is given then the button acts as dialog and in the attribute ~4chosen~4 will return the chosen~6 item(s).~6~6 Note : If not given in #data# the button takes its label from its own name. This is only a~6        facility for the development and serves only as default label.Do not confuse button~4s~6        name with its label, among other things widget names cannot be changed.~6~6 Widget characteristics: ~3Common~3 and ~3Drop files and directories~3.~6');
INSERT INTO tGastExamples VALUES ('zButton', 'hello zButton', '~#javaj#~6~6    <frames> bMyButton, Hello zButton~6~6~6#data#~6~6    <bMyButton>       ~3Press the button~3~6    <bMyButton image> javaj/img/ok.png~6~6#listix#~6~6    <-- bMyButton>~6       SET VAR, bMyButton, ~3Ok, you did it!~3~6       MSG, bMyButton data!~6');
INSERT INTO tGastExamples VALUES ('zButton', 'single file chooser', '~#javaj#~6~6   <frames> F, Example Buttons~6~6   <layout of F>~6         EVA, 10, 10, 4, 4~6~6      ---, A              , 300     , X  , A~6       A , lChosen file   , eField  , -  , bFChooser~6         , lManual setting, eManual , -~6~6#data#~6~6   <bFChooser DIALOG> FILE~6   <bFChooser widget> eField~6   <bFChooser image> javaj\img\leaf.png~6~6#listix#~6~6   <-- bFChooser>~6      -->, eManual data!,, @<bFChooser chosen>~6');
INSERT INTO tGastExamples VALUES ('zButton', 'file choosers', '~#javaj#~6~6   <frames> F, Example buttons as file choosers~6~6   <layout of F>~6         EVA, 10, 10, 4, 4~6~6         ,        ,            ,            ,          , X~6         , bSimple, bFileSingle, bFileMulti, bDirSingle~6       X , oConsole, -, -, -, -~6~6#data#~6~6   <bFileSingle DIALOG> FILE~6   <bFileMulti DIALOG> FILES~6   <bDirSingle DIALOG> DIR~6~6   <bFileSingle image> javaj\img\Fichero_2_0.png~6   <bFileMulti image>  javaj\img\Fichero_2_1.png~6   <bDirSingle image>  javaj\img\folder.png~6~6#listix#~6~6   <-- bSimple>~6      //simple button clicked (no dialog associated)~6      //~6~6   <-- bFileSingle>~6      //chosen file ~3@<bFileSingle chosen>~3~6      //~6~6   <-- bFileMulti>~6      //chosen files:~6      //~6      LOOP, EVA, bFileMulti chosen~6          ,, @<fullPath>~6      //~6      //~6~6   <-- bDirSingle>~6      //chosen directory ~3@<bDirSingle chosen>~3~6      //~6~6');
INSERT INTO tGastExamples VALUES ('zButton', 'button graffiti', '~#javaj#~6~6   <frames> main~6~6~6   <layout of main>~6      EVA, 10, 10, 2, 2~6~6         ,           , X~6         , bFile~6       X , bHome     , bCorto~6         , bCarabassa, -~6~6#data#~6~6   <bFile graffiti>~6      svgfile, ~3~3, javaj/img/folder_explorer.svg~6~6   <bCorto graffiti>~6      rect  , ~3fc:yellow~3, 50, 30, 50,20~6      circle, ~3fc:#099281~3, 10, 10, 50,20~6      circle, ~3fc:#099281~3, 10, 10, 50,20~6      circle, ~3fc:#099281~3, 10, 10, 50,20~6~6   <bCarabassa graffiti>~6      path, ~3sw: .75;fc:#FF9900~3,     ~3M  240  157 C   244  157  252  159  257  163  261  166  266  172  267  178  269  183  269  190  267  195  265  200  263  208  256  211  249  214  235  214  228  214  220  213  217  212  212  209  208  206  202  200  201  194  200  188  202  179  205  174  208  168  212  165  216  162  220  159  226  158  228  158  231  157  231  160  233  160  235  161  236  156 z~3~6      path, ~3sw: .75;fc:#136F11~3,     ~3M  235  157 C   236  156  237  153  236  151  236  149  234  147  233  146  232  145  230  145  230  146  230  147  232  150  232  152  232  153  231  154  230  156  230  156  229  157  229  158  229  158  229  159  230  160  230  160  232  161  232  161  233  161  234  160  234  160  235  159  235  159 z~3~6      path, ~3sc:none;fc:#E47200~3,     ~3M  256  206 C   258  200  259  195  260  190  260  185  260  181  259  178  258  174  257  172  255  170  253  168  249  166  248  164  246  163  243  162  244  163  245  164  252  168  254  172  256  176  258  180  258  186  259  191  256  201  255  206~3~6      path, ~3sc:none;fc:#E47200~3,     ~3M  238  164 C   238  167  242  177  242  184  243  191  242  206  242  207  243  209  244  196  244  192  245  187  245  183  244  179  243  174  241  170  239  165  239  165  237  161 z~3~6      path, ~3sc:none;fc:#E47200~3,     ~3M  227  211 C   228  209  225  194  225  188  225  181  227  173  227  170  228  167  229  166  228  167  227  169  224  176  223  181  222  186  222  191  222  196  223  201  227  212 z~3~6      path, ~3sc:none;fc:#E47200~3,     ~3M  213  205 C   211  202  208  198  208  194  207  190  208  182  210  178  211  173  215  168  216  167  216  166  214  167  213  170  211  173  208  180  207  185  206  190  207  196  208  199  209  203  212  204  214  206~3~6      path, ~3sc:none;fc:#E47200~3,     ~3M  263  201 C   262  203  262  204  258  206  254  208  246  210  242  211  237  212  234  212  230  212  226  212  219  211  216  210  213  209  211  206  212  206  212  207  214  211  218  212  222  214  229  214  235  214  241  214  247  213  252  212  256  210  260  208  262  206  264  203  264  200  265  197~3~6~6   <bHome graffiti>~6      path, ~3sw: .75;fc:#FFF4E9~3,     ~3M  247  101 c   1 -5  5 -23  5 -32  0 -9 -4 -16 -4 -24  1 -8  1 -19  6 -25  5 -6  15 -11  23 -12  8 -1  20  2  27  7  6  5  10  13  12  20  2  7  2  13  1  22 -2  9 -6  23 -9  29 -4  5 -8  3 -12  3 -4 -1 -9 -6 -12 -5 -3  1 -4  9 -5  13 -1  4  0  7  1  11~3~6      path, ~3sw: .75;fc:#AFB8C9~3,     ~3M  244  323 c   0  12  4  50  5  67  1  17  2  22  1  37 -1  15 -4  39 -6  50 -2  11 -3  14 -3  18  0  4 -2  3  4  5  6  2  23  3  32  4  9  1  19  1  25  0  6 -1  10  0  10 -4  0 -4 -6 -10 -9 -22 -3 -12 -7 -28 -9 -47 -2 -19 -4 -53 -3 -70  1 -17  6 -22  7 -29  1 -7  1 -11 -2 -14 -3 -3 -7 -5 -15 -5 -8  0 -24  5 -31  6 -7  1 -6 -8 z~3~6      path, ~3sw: .75;fc:#ECE0DC~3,     ~3M  249  323 c  -6  1 -12  3 -17 -6 -5 -9 -12 -25 -15 -45 -3 -20 -1 -48  0 -72  1 -24  3 -54  7 -70  4 -16  8 -23  15 -28  7 -5  18 -5  27 -4  9  1  17  3  25  12  8  9  15  20  21  41  6  21  14  59  16  83  2  24 -2  49 -5  64 -3  15 -4  24 -10  27 -6  3 -16 -5 -26 -6 -10 -1 -26  0 -32  0  0  0 -6  4 z~3~6      path, ~3sw: .75;fc:#FFF4E9~3,     ~3M  248  296 c   2  5  4  10  6  14  2  4  2  8  7  9  5  1  19  1  23 -2  4 -3  4 -12  3 -16 -1 -4 -9 -5 -11 -7 -2 -2 -2 -4 -2 -6~3~6      path, ~3sw: .75;fc:#ECE0DC~3,     ~3M  289  137 c  -3 -9 -5 -18 -12 -20 -7 -2 -23 -1 -29  7 -6  8 -7  26 -8  39 -1  13  0  28  0  40  0  12  0  19  0  30  0  11  1  26  2  36  1  10  2  21  4  26  2  5  4  2  9  1  5 -1  19  1  22 -6  3 -7 -4 -21 -3 -38  1 -17  6 -47  8 -65  2 -18  5 -31  7 -44~3~6~6   <bHome graffiti press>~6      path, ~3sw: .75;fc:#FFF4E9~3,     ~3M  304  103 c   1 -5  5 -22  5 -32  0 -9 -5 -15 -4 -24  0 -8  0 -19  5 -25  4 -6  14 -11  22 -12  9 -1  21  2  27  6  7  4  11  13  13  20  2  7  3  13  1  22 -1  8 -5  23 -8  29 -3  5 -7  3 -11  3 -4  0 -10 -6 -13 -4 -3  1 -4  9 -4  13 -1  4  0  7  1  11~3~6      path, ~3sw: .75;fc:#AFB8C9~3,     ~3M  299  310 c   3  12  17  47  22  64  6  17  8  22  11  36  3  14  7  39  8  50  2  12  2  15  3  18  1  4 -1  4  5  4  5  0  20 -2  28 -3  9 -2  17 -4  22 -6  5 -2  9 -2  8 -7 -2 -4 -8 -8 -14 -19 -6 -11 -14 -25 -21 -44 -7 -18 -17 -51 -21 -67 -4 -17 -1 -23 -2 -30 -1 -8 -2 -11 -6 -14 -3 -2 -7 -3 -14 -1 -6  2 -20  10 -25  13 -5  4 -7 -6 z~3~6      path, ~3sw: .75;fc:#FFF4E9~3,     ~3M  408  275 c   5  3  9  5  14  7  4  2  6  5  10  3  5 -2  16 -11  17 -16  2 -5 -4 -12 -7 -15 -4 -2 -10  2 -13  2 -3  0 -5 -2 -6 -4~3~6      path, ~3sw: .75;fc:#ECE0DC~3,     ~3M  341  125 c  -8 -5 -15 -11 -22 -8 -7  2 -18  14 -18  23  0  10  11  25  18  36  7  11  18  22  25  31  7  9  11  15  18  24  8  8  17  19  24  27  8  7  15  15  20  17  4  3  4 -1  8 -5  3 -3  15 -10  13 -18 -2 -8 -16 -14 -26 -28 -10 -14 -25 -40 -34 -56 -10 -15 -16 -27 -22 -38~3~6      path, ~3sw: .75;fc:#AFB8C9~3,     ~3M  279  299 c  -5  11 -17  48 -23  65 -6  16 -7  21 -14  34 -6  13 -19  34 -24  44 -6  10 -8  12 -10  16 -2  3 -3  2  1  6  5  4  17  12  25  17  7  5  15  9  20  10  5  2  8  5  10  1  1 -4 -1 -12  1 -24  2 -12  2 -25  11 -48  9 -22  35 -69  43 -90  8 -20  11 -29  6 -34 -6 -5 -32  2 -40  2 -7  1 -1 -10 z~3~6      path, ~3sw: .75;fc:#ECE0DC~3,     ~3M  284  299 c  -3 -1 -10  1 -14 -9 -3 -10 -7 -35 -7 -52  0 -18  3 -34  7 -54  4 -19  10 -48  16 -62  6 -14  10 -19  18 -23  7 -4  18 -3  26  0  7  4  12  1  18  21  5  20  16  73  17  101  2  28 -5  51 -8  66 -2  14 -1  17 -7  19 -7  2 -19 -4 -29 -5 -10 -2 -25 -4 -30 -5  0  0 -7  3 z~3~6      path, ~3sw: .75;fc:#FFF4E9~3,     ~3M  195  234 c  -2  5 -4  10 -5  14 -1  5 -4  8 -1  12  3  4  13  13  19  14  5  0  11 -6  13 -10  1 -4 -4 -10 -4 -13  0 -3  1 -4  3 -6~3~6      path, ~3sw: .75;fc:#ECE0DC~3,     ~3M  332  143 c   4 -9  8 -17  4 -23 -4 -6 -17 -16 -26 -14 -10  1 -23  14 -32  23 -10  9 -19  22 -27  30 -8  9 -13  14 -20  23 -7  8 -16  19 -23  28 -6  8 -12  17 -14  22 -1  5  2  4  6  7  5  2  13  13  21  10  7 -4  11 -18  23 -31  12 -12  35 -31  49 -43  14 -12  24 -20  35 -28~3~6~6#listix#~6~6   <main0>~6      PROP=, gastona.defaultGraffitiSize, 46~6');INSERT INTO tZWidgetAttributes VALUES ('zButton', '', 'in', 'text', 'Caption text of the button');
INSERT INTO tZWidgetAttributes VALUES ('zButton', 'visible', 'in', '0 / 1', 'Value 0 to make the widget not visible');
INSERT INTO tZWidgetAttributes VALUES ('zButton', 'enabled', 'in', '0 / 1', 'Value 0 to disable the widget');
INSERT INTO tZWidgetAttributes VALUES ('zButton', 'image', 'in', 'fileName', 'File name of the image (png, gif or jpg)');
INSERT INTO tZWidgetAttributes VALUES ('zButton', 'graffiti', 'in', 'EvaName', 'Eva variable containing the painting (set of svgfile, path, polygon, polyline, rect,circle, oval, ellipse, text). The resulting painting will be resized to fit on the value of the property gastona.defaultButtonPaintingSize (16)');
INSERT INTO tZWidgetAttributes VALUES ('zButton', 'mnemonic', 'in', 'char', 'Mnemonic for the button (see java setMnemonic)');
INSERT INTO tZWidgetAttributes VALUES ('zButton', 'DIALOG', 'in', '~FILE ~2 FILES ~2 DIR ~2 DIRS', 'The button launches a file chooser dialog of one file or multiple files or one directory or multiple directories');
INSERT INTO tZWidgetAttributes VALUES ('zButton', 'DIALOG FILTER', 'in', 'extension', '@todo documentar esto');
INSERT INTO tZWidgetAttributes VALUES ('zButton', 'widget', 'in', 'zWidget name', 'zWidget name (usually edit text) associated with the FILE or DIR dialog (only single selection). If set the value of the selection is set automatically into the widget');
INSERT INTO tZWidgetAttributes VALUES ('zButton', 'chosen', 'out', 'string or list', '~If attribute ~4DIALOG~4 is given, this attribute holds the chosen file(s) or directory(ies). In case of multiselection the attribute is a Eva table (fullPath).');
INSERT INTO tZWidgetAttributes VALUES ('zButton', 'droppedFiles', 'out', '(Eva table)', 'Eva table (pathFile,fileName,extension,fullPath,date,size) containing all dropped files. Note that this attribute has to exist in order to enable drag & dropping files into this Component.');
INSERT INTO tZWidgetAttributes VALUES ('zButton', 'droppedDirs', 'out', '(Eva table)', 'Eva table (pathFile,fileName,extension,fullPath,date,size) containing all dropped directories. Note that this attribute has to exist in order to enable drag & dropping files into this Component.');INSERT INTO tZWidgetMessages VALUES ('zButton', 'data!', 'in', 'update data');
INSERT INTO tZWidgetMessages VALUES ('zButton', 'control!', 'in', 'update control');
INSERT INTO tZWidgetMessages VALUES ('zButton', '', 'out', 'button has been pressed');
INSERT INTO tZWidgetMessages VALUES ('zButton', 'droppedFiles', 'out', '~If files drag & drop enabled this message indicates that the user has dropped files (see attribute ~4droppedFiles~4)');
INSERT INTO tZWidgetMessages VALUES ('zButton', 'droppedDirs', 'out', '~If directories drag & drop is enabled this message indicates that the user has dropped directories (see attribute ~4droppedDirs~4)');
/* START PROCESSING ..\..\pc\src\javaj\widgets\zCheckBox.java */

INSERT INTO tGastItemDoc VALUES ('zCheckBox', 'javaj_widget', 'button', 'javaj.widgets.zCheckBox', '8', 'A typical check box (rapid prefix k)', '~~6 Typical checkbox. The attribute ~4selected~4 indicates the state of the checkbox.~6~6 Note : If not given in #data# the widgets takes its label from its own name. This is only a~6        facility for the development and serves only as default label. Do not confuse widget~4s~6        name with its contents, among other things widget names cannot be changed.~6~6 Widget characteristics: ~3Common~3.~6');
INSERT INTO tGastExamples VALUES ('zCheckBox', 'hello zCheckBox', '~#javaj#~6~6    <frames> F, Hello zCheckBox~6~6    <layout of F>~6          EVA, 30, 30, 10, 10~6          , A~6          , lState~6          , kCheck~6~6#data#~6~6    <kCheck> ~3Check or uncheck~3~6~6#listix#~6~6    <-- kCheck>~6       IN CASE,  @<kCheck selected>~6              ,   1, SET VAR, lState, ~3Checked!~3~6              ,   0, SET VAR, lState, ~3NOT checked!~3~6       MSG, lState data!~6');INSERT INTO tZWidgetAttributes VALUES ('zCheckBox', '', 'in', '(String)', 'Caption of the checkbox');
INSERT INTO tZWidgetAttributes VALUES ('zCheckBox', 'visible', 'in', '0 / 1', 'Value 0 to make the widget not visible');
INSERT INTO tZWidgetAttributes VALUES ('zCheckBox', 'enabled', 'in', '0 / 1', 'Value 0 to disable the widget');
INSERT INTO tZWidgetAttributes VALUES ('zCheckBox', 'selected', 'inout', '~0 ~2 1', 'Value 0 not checked, 1 checked');INSERT INTO tZWidgetMessages VALUES ('zCheckBox', '', 'out', 'check box has been pressed');
INSERT INTO tZWidgetMessages VALUES ('zCheckBox', 'data!', 'in', 'update data');
INSERT INTO tZWidgetMessages VALUES ('zCheckBox', 'control!', 'in', 'update control');
/* START PROCESSING ..\..\pc\src\javaj\widgets\zCheckBoxTable.java */

INSERT INTO tGastItemDoc VALUES ('zCheckBoxTable', 'javaj_widget', 'button', 'javaj.widgets.zCheckBoxTable', '7', '~Group of several check boxes group in one widget (rapid prefix ~4kg~4)', '~~6 This widget manages a complete check box group and it is a good alternative to use zCheckBox~6 and the layout RADIO. The labels as well as any other convenient data associated with the radio~6 buttons of the group are given in a table.~6~6 Widget characteristics: ~3Common~3.~6');
INSERT INTO tGastExamples VALUES ('zCheckBoxTable', 'checkBoxTable sample', '~#javaj#~6~6    <frames> F, Hello zCheckBoxTable~6~6    <layout of F>~6       PANEL, Y~6       kgChecks, oConsole~6~6#data#~6~6    <kgChecks orientation> X~6    <kgChecks>~6        label , value1 , value0  , selected, desc1      , desc0~6        Opt1  , 161    ,   -11   , 1       , is on!     , is off!~6        Opt2  , 102    ,   -22   , 0       , encendida  , apagada~6        Opt3  , 113    ,   -33   , 1       , an         , aus~6        Opt4  , 144    ,   -44   , 0       , set la vie , je ne sais pas~6~6#listix#~6~6    <main> LSX, show~6~6    <-- kgChecks> LSX, show~6~6    <show>~6       MSG, oConsole clear~6       LOOP, VAR, kgChecks~6           ,, //item @<label> is @<selected>, now value @<valueOnOff>, desc @<descOnOff>~6       //~6       //current data~6       DUMP, data,, kgChecks~6~6    <show selected>~6       CHECK, VAR, kgChecks subTableSelection~6       LOOP, VAR, kgChecks subTableSelection~6           ,, //item @<label> is @<selected>, now value @<value1> (@<value0>), desc @<desc1> (@<desc0>)~6       //~6~6    <valueOnOff>   VALUE OF, value@<selected>~6    <descOnOff>    VALUE OF, desc@<selected>');INSERT INTO tZWidgetAttributes VALUES ('zCheckBoxTable', '', 'in', 'text', 'Caption text of the radio button');
INSERT INTO tZWidgetAttributes VALUES ('zCheckBoxTable', 'var', 'in', 'Eva name', '~Reference to variable containing the data for this widget. If this atribute is given it will mask the data contained in the attribute ~3~3 (usually the data)');
INSERT INTO tZWidgetAttributes VALUES ('zCheckBoxTable', 'visible', 'in', '0 / 1', 'Value 0 to make the widget not visible');
INSERT INTO tZWidgetAttributes VALUES ('zCheckBoxTable', 'enabled', 'in', '0 / 1', 'Value 0 to disable the widget');
INSERT INTO tZWidgetAttributes VALUES ('zCheckBoxTable', 'orientation', 'in', 'X / Y', 'Horizontal or vertical (default) orientation');
INSERT INTO tZWidgetAttributes VALUES ('zCheckBoxTable', 'titledBorder', 'in', 'text', 'If given a titled border will be placed');
INSERT INTO tZWidgetAttributes VALUES ('zCheckBoxTable', 'dbName', 'in', 'file name', 'If specified then it is the database name from which the data will be retrieved (default is the global temporary database)');
INSERT INTO tZWidgetAttributes VALUES ('zCheckBoxTable', 'sqlSelect', 'in', 'sqlite select or pragma', 'If specified then the data will be retrieved from a database (see dbName)');
INSERT INTO tZWidgetAttributes VALUES ('zCheckBoxTable', 'sqlExtraFilter', 'in', 'part of sqlite select', 'Filter that is added to the query');
INSERT INTO tZWidgetAttributes VALUES ('zCheckBoxTable', 'subTableSelection', 'out', 'Eva table', 'a table formed with the selected rows');
INSERT INTO tZWidgetAttributes VALUES ('zCheckBoxTable', 'LABELVALUE.selected', 'out', 'String', 'Returns 0 or 1 depending on if the check box identified by the label LABELVALUE is selected or not');
INSERT INTO tZWidgetAttributes VALUES ('zCheckBoxTable', 'LABELVALUE.COLUMNONOFF', 'out', 'String', 'Returns the value of the column named COLUMNONOFOn or COLUMNONOFOff depending on if the check box identified by the label LABELVALUE is selected or not');INSERT INTO tZWidgetMessages VALUES ('zCheckBoxTable', 'data!', 'in', 'update data');
INSERT INTO tZWidgetMessages VALUES ('zCheckBoxTable', 'control!', 'in', 'update control');
INSERT INTO tZWidgetMessages VALUES ('zCheckBoxTable', 'select!', 'in', '~select records. Example ~3MSG, widget select!, #, 2, 4~3 select the records 2 and 4 (0 based) and ~3MSG, widget select!, name, Barcelona~3 selects the first record which name is ~3Barcelona~3');
INSERT INTO tZWidgetMessages VALUES ('zCheckBoxTable', '', 'out', 'a check box in the group has been changed');
/* START PROCESSING ..\..\pc\src\javaj\widgets\zComboBox.java */

INSERT INTO tGastItemDoc VALUES ('zComboBox', 'javaj_widget', 'table', 'javaj.widgets.zComboBox', '7', '~A combo box list with database capabilities (rapid prefix ~4c~4)', '~~6 Combo box has, like list and tables, the Table data model. This is a convenient way of~6 representing an item since we can represent more ~3dimensions~3 of each selection facilitating~6 the implementation of the logic. For example we might present to the user the options ~3Less~3,~6 ~3More~3 and ~3No limit~3 having these values the logic meaning for us of 10, 50 and 9000.~6 Then we simply build the data as the table~6~6       <cMyCombox>~6          text        , limit~6          ~3Less~3      , 10~6          ~3More~3      , 50~6          ~3No limit~3  , 9000~6~6 and when the user chooses the item ~3More~3 we have the limit onto the variable~6 @<cMyCombox selected.limit> (attribute selected.COLUMN).~6~6 And talking about limitations, note that although the data can be retrieved from a database,~6 in this widget big selections are limited to about 1000 elements for some technical reasons.~6 In this widget ~3automatic database windowing~3 cannot be used as it is in zTable or zAsiste~6 widgets. So please use zTable or better zAsiste for big table results. Furthermore for a~6 combo box a huge list would not make much sense, specially for the user!~6~6 Widget characteristics: ~3Common~3, ~3Table select~3 and ~3Table from database~3.~6');
INSERT INTO tZWidgetAttributes VALUES ('zComboBox', '', 'in', '(Eva Table)', 'Contents of items');
INSERT INTO tZWidgetAttributes VALUES ('zComboBox', 'visible', 'in', '0 / 1', 'Value 0 to make the widget not visible');
INSERT INTO tZWidgetAttributes VALUES ('zComboBox', 'enabled', 'in', '0 / 1', 'Value 0 to disable the widget');
INSERT INTO tZWidgetAttributes VALUES ('zComboBox', 'var', 'in', 'Eva name', '~Reference to variable containing the data for this widget. If this atribute is given it will mask the data contained in the attribute ~3~3 (usually the data)');
INSERT INTO tZWidgetAttributes VALUES ('zComboBox', 'visibleColumns', 'in', '(Eva list)', 'Comma separated list of column names');
INSERT INTO tZWidgetAttributes VALUES ('zComboBox', 'subTableSelection', 'out', 'Eva table', 'a table formed with the selected rows');
INSERT INTO tZWidgetAttributes VALUES ('zComboBox', 'selected.COLNAME', 'out', 'String', 'Contents of the column with name COLNAME of first selected row of the table. There is one variable select.COLNAME for each column in the table (inclusive the not visible columns)');
INSERT INTO tZWidgetAttributes VALUES ('zComboBox', 'dbName', 'in', 'file name', 'If specified then it is the database name from which the data will be retrieved (default is the global temporary database)');
INSERT INTO tZWidgetAttributes VALUES ('zComboBox', 'sqlSelect', 'in', 'sqlite select or pragma', 'If specified then the data will be retrieved from a database (see dbName)');
INSERT INTO tZWidgetAttributes VALUES ('zComboBox', 'sqlExtraFilter', 'in', 'part of sqlite select', 'Filter that is added to the query');INSERT INTO tZWidgetMessages VALUES ('zComboBox', '', 'out', 'an Item has been selected');
INSERT INTO tZWidgetMessages VALUES ('zComboBox', 'data!', 'in', 'update data');
INSERT INTO tZWidgetMessages VALUES ('zComboBox', 'control!', 'in', 'update control');
/* START PROCESSING ..\..\pc\src\javaj\widgets\zConsole.java */

INSERT INTO tGastItemDoc VALUES ('zConsole', 'javaj_widget', 'text', 'javaj.widgets.zConsole', '6', '~An output console for standard output and standard error streams (rapid prefix ~4o~4)', '~~6 Output console for standard output and/or standard error streams. These streams are used by~6 a lot of programs specially command line programs. In Gastona, listix use the standard output~6 stream as default file for its generation (see listix command GENERATE). Also intern debug~6 and error messages of Gastona use these streams, therefore it is a good idea to include~6 somewhere a console in your gastona application during the development to track possible~6 errors.~6');
INSERT INTO tGastExamples VALUES ('zConsole', 'hello zConsole', '~#javaj#~6~6    <frames> oConsola, Hello oConsola~6~6#listix#~6~6    <main>~6      //This is ~3hello zConsole~3 gastona script!~6      //~6');
INSERT INTO tGastExamples VALUES ('zConsole', 'all consoles', '~#javaj#~6~6    <frames> F, Hello oConsola~6~6    <layout of F>~6          EVA, 10, 10, 5, 5~6          --,    A   , X~6            , lConsole for standard output (o1Consola)~6          X , o1Consola, -~6            , lConsole for standard errors (o2Consola)~6          X , o2Consola, -~6            , lConsole for both (oConsola)~6          X , oConsola, -~6          X ,   +~6            , mandos  , -~6~6   <layout of mandos>~6      EVA, 5, 5, 7, 7~6~6         ,                ,                , X,~6         , kstdOut plugged, kstdErr plugged,  , bPrint Hello, bProduce an Error, bCall Dir, bClear Consoles~6~6#data#~6~6    <kstdOut plugged selected> 1~6    <kstdErr plugged selected> 1~6~6#listix#~6~6    <-- bPrint Hello>~6       //HELLO CONSOLE!~6       //~6~6    <-- bCall Dir>~6       CHECK, LINUX, CALL, //CMD /C dir~6       CALL, ls -la~6~6    <-- bProduce an Error>~6       PLEASE WORK,,~6~6    <-- bClear Consoles>~6       MSG, o1Consola clear~6       MSG, o2Consola clear~6       MSG, oConsola clear~6~6    <-- kstdOut plugged>~6       IN CASE, @<kstdOut plugged selected>~6              , 1, MSG, oConsola plugStd~6              , 0, MSG, oConsola unplugStd~6~6    <-- kstdErr plugged>~6      IN CASE, @<kstdErr plugged selected>~6             , 1, MSG, oConsola plugErr~6             , 0, MSG, oConsola unplugErr');INSERT INTO tZWidgetAttributes VALUES ('zConsole', 'visible', 'in', '0 / 1', 'Value 0 to make the widget not visible');
INSERT INTO tZWidgetAttributes VALUES ('zConsole', 'enabled', 'in', '0 / 1', 'Value 0 to disable the widget');
INSERT INTO tZWidgetAttributes VALUES ('zConsole', 'fileName', 'in', 'file name', '~File to be used in message ~3save~3');INSERT INTO tZWidgetMessages VALUES ('zConsole', 'save', 'in', '~saves the contents to the file given either as parameter or given in the attribute ~3fileName~3');
INSERT INTO tZWidgetMessages VALUES ('zConsole', 'clear', 'in', 'clears the contents');
INSERT INTO tZWidgetMessages VALUES ('zConsole', 'autoScroll', 'in', 'restore autoScroll mode. Autoscroll is automatically disabled when the user click on the console in any line but the last one.');
INSERT INTO tZWidgetMessages VALUES ('zConsole', 'plugStd', 'in', 'plug the standard output (System.out)');
INSERT INTO tZWidgetMessages VALUES ('zConsole', 'plugErr', 'in', 'plug the standard error  (System.err)');
INSERT INTO tZWidgetMessages VALUES ('zConsole', 'unplugStd', 'in', 'unplug the standard output (System.out)');
INSERT INTO tZWidgetMessages VALUES ('zConsole', 'unplugErr', 'in', 'unplug the standard error  (System.err)');
/* START PROCESSING ..\..\pc\src\javaj\widgets\zEditField.java */

INSERT INTO tGastItemDoc VALUES ('zEditField', 'javaj_widget', 'text', 'javaj.widgets.zEditField', '10', '~An edit field (rapid prefix ~4e~4)', '~~6 A typical edit field. The only envent triggered in this widget is the empty message~6 which is sent when pressing enter on the widget.~6~6 Widget characteristics: ~3Common~3~6');
INSERT INTO tGastExamples VALUES ('zEditField', 'hello zEditField', '~#javaj#~6~6    <frames> F, Hello zEditField~6~6    <layout of F>~6          EVA,~6         , X~6         , eEditField~6~6#data#~6~6    <eEditField> Initial value~6~6#listix#~6~6    <-- eEditField>~6       //the text ~3@<eEditField>~3 has been entered~6       //~6');INSERT INTO tZWidgetAttributes VALUES ('zEditField', '', 'in', 'text', 'Data for the edit field, that is the text to be displayed/edited');
INSERT INTO tZWidgetAttributes VALUES ('zEditField', 'visible', 'in', '0 / 1', 'Value 0 to make the widget not visible');
INSERT INTO tZWidgetAttributes VALUES ('zEditField', 'enabled', 'in', '0 / 1', 'Value 0 to disable the widget');
INSERT INTO tZWidgetAttributes VALUES ('zEditField', 'var', 'in', 'Eva name', '~Reference to variable containing the data for this widget. If this atribute is given it will mask the data contained in the attribute ~3~3 (usually the data)');
INSERT INTO tZWidgetAttributes VALUES ('zEditField', 'dirty', 'out', '~0 ~2 1', 'For internal use, indicates if the data should be synchronised with the native widget');INSERT INTO tZWidgetMessages VALUES ('zEditField', '', 'out', 'The user has pressed enter in the text field');
INSERT INTO tZWidgetMessages VALUES ('zEditField', 'data!', 'in', 'update data into the widget');
INSERT INTO tZWidgetMessages VALUES ('zEditField', 'control!', 'in', 'update control');
INSERT INTO tZWidgetMessages VALUES ('zEditField', 'revert', 'in', 'Use internally');
/* START PROCESSING ..\..\pc\src\javaj\widgets\zImage.java */

INSERT INTO tGastItemDoc VALUES ('zImage', 'javaj_widget', 'misc', 'javaj.widgets.zImage', '4', '~An image (rapid prefix ~4m~4)', '~~6 To show an image of format GIF, JPEG, or PNG from a file  (see javax.swing.ImageIcon)~6 The file path might be a file, a resource found in the current class path or an Url.~6');
INSERT INTO tGastExamples VALUES ('zImage', 'hello Image', '~#javaj#~6~6    <frames> F, Hello zImage~6~6    <layout of F>~6          PANEL, X~6          mImage~6~6#data#~6~6    <mImage> ~4javaj/img/miDesto.png~6');
INSERT INTO tGastExamples VALUES ('zImage', 'image viewer', '~#javaj#~6~6    <frames> F, Sample Image viewer~6~6    <layout of F>~6          EVA, 10, 10, 6, 6~6~6          ---, 300   , X~6             , bDir  , mImage~6           X , aTree , +~6~6#data#~6~6    <bDir> ~4Image Directory~6    <bDir DIALOG> DIR~6~6#listix#~6~6    <main0>~6       SET VAR, aTree separator, @<:sys file.separator>~6~6    <-- bDir>~6       SCAN, ADDFILES,, @<bDir chosen>, +, png, +, gif, +, jpeg, +, jpg~6       -->, aTree data!, sqlSelect, //SELECT fullPath FROM scan_all;~6~6    <-- aTree>~6       -->, mImage data!,, @<aTree selectedPath>~6');INSERT INTO tZWidgetAttributes VALUES ('zImage', '', 'in', 'file name', 'File name of the image');
INSERT INTO tZWidgetAttributes VALUES ('zImage', 'visible', 'in', '0 / 1', 'Value 0 to make the widget not visible');
INSERT INTO tZWidgetAttributes VALUES ('zImage', 'enabled', 'in', '0 / 1', 'Value 0 to disable the widget');
INSERT INTO tZWidgetAttributes VALUES ('zImage', 'droppedFiles', 'out', '(Eva table)', 'Eva table (pathFile,fileName,extension,fullPath,date,size) containing all dropped files. Note that this attribute has to exist in order to enable drag & dropping files into this Component.');
INSERT INTO tZWidgetAttributes VALUES ('zImage', 'droppedDirs', 'out', '(Eva table)', 'Eva table (pathFile,fileName,extension,fullPath,date,size) containing all dropped directories. Note that this attribute has to exist in order to enable drag & dropping files into this Component.');INSERT INTO tZWidgetMessages VALUES ('zImage', 'data!', 'in', 'update data');
INSERT INTO tZWidgetMessages VALUES ('zImage', 'control!', 'in', 'update control');
INSERT INTO tZWidgetMessages VALUES ('zImage', '', 'out', 'Image has been clicked');
INSERT INTO tZWidgetMessages VALUES ('zImage', 'droppedFiles', 'out', '~If files drag & drop enabled this message indicates that the user has dropped files (see attribute ~4droppedFiles~4)');
INSERT INTO tZWidgetMessages VALUES ('zImage', 'droppedDirs', 'out', '~If directories drag & drop is enabled this message indicates that the user has dropped directories (see attribute ~4droppedDirs~4)');
/* START PROCESSING ..\..\pc\src\javaj\widgets\zLabel.java */

INSERT INTO tGastItemDoc VALUES ('zLabel', 'javaj_widget', 'text', 'javaj.widgets.zLabel', '8', '~A typical label (rapid prefix ~4l~4)', '~~6 A zLabel is a typical label~6~6 Note : If not given in #data# the label takes its contents from its own name. This is only a~6        facility for the development and serves only as default label. Do not confuse label~4s~6        name with its contents, among other things widget names cannot be changed.~6~6 Widget characteristics: ~3Common~3.~6');
INSERT INTO tGastExamples VALUES ('zLabel', 'hello zLabel', '~#javaj#~6~6    <frames> F, Hello zLabel~6~6    <layout of F>~6       PANEL, Y~6       lALabel, lAnother label~6~6#data#~6~6    <lALabel>   //This is the data of the label~6');INSERT INTO tZWidgetAttributes VALUES ('zLabel', '', 'in', 'text', 'Data for the label, that is the text to be displayed');
INSERT INTO tZWidgetAttributes VALUES ('zLabel', 'var', 'in', 'Eva name', '~Reference to variable containing the data for this widget. If this atribute is given it will mask the data contained in the attribute ~3~3 (usually the data)');
INSERT INTO tZWidgetAttributes VALUES ('zLabel', 'visible', 'in', '0 / 1', 'Value 0 to make the widget not visible');
INSERT INTO tZWidgetAttributes VALUES ('zLabel', 'enabled', 'in', '0 / 1', 'Value 0 to disable the widget');INSERT INTO tZWidgetMessages VALUES ('zLabel', 'data!', 'in', 'update data');
INSERT INTO tZWidgetMessages VALUES ('zLabel', 'control!', 'in', 'update control');
/* START PROCESSING ..\..\pc\src\javaj\widgets\zLeds.java */

INSERT INTO tGastItemDoc VALUES ('zLeds', 'javaj_widget', 'misc', 'javaj.widgets.zLeds', '3', '~A set of up to three lights (rapid prefix ~4g~4)', '~~6 A set of up to three lights or leds of rectangular form that can be used as indicators of~6 any activity. Each led can be set to 4 possible colors throug messages.~6~6 At present the number of leds per default is three and it can only be changed using the~6 <javaClass of ...> instanciation mechanism. For example:~6~6    <layout of myLedsSet>  javaj.widgets.zLeds, 2~6~6    where ~4myLedsSet~4 is supossed to be the widget name~6~6 Signaling Gastona intern processing~6 -----------------------------------~6~6 This widget might easily reflect some processing states. For example there are some time~6 consuming processes like sqlite queries, scaning files or parsing text that are signalized~6 using Mensaka messages. We can catch these messages and convert them to our widget messages~6 using the javaj variable <MessageToMessage>. For example~6~6   <MessageToMessage>~6~6      _lib db.sqlite.callStart  , gLus L12~6      _lib db.sqlite.callEnd    , gLus L11~6      _lib db.sqlite.callError  , gLus L13~6~6      ledMsg scanFiles_start    , gLus L22~6      ledMsg scanFiles_end      , gLus L21~6~6      ledMsg parsing_start      , gLus L32~6      ledMsg parsing_end        , gLus L31~6');
INSERT INTO tGastExamples VALUES ('zLeds', 'hello zLeds', '~   #listix#~6       <-- iAll>~6          MSK, gLights @<iAll selected.msg>~6~6   #data#~6       <iAll>~6          msg~6          L10~6          L11~6          L12~6          L13~6          L20~6          L21~6          L22~6          L23~6          L30~6          L31~6          L32~6          L33~6~6   #javaj#~6~6       <frames> F, Hello zLeds, 200, 200~6~6       <layout of F>~6             PANEL, X~6             iAll, gLights');INSERT INTO tZWidgetAttributes VALUES ('zLeds', 'visible', 'in', '0 / 1', 'Value 0 to make the widget not visible');
INSERT INTO tZWidgetAttributes VALUES ('zLeds', 'enabled', 'in', '0 / 1', 'Value 0 to disable the widget');INSERT INTO tZWidgetMessages VALUES ('zLeds', 'data!', 'in', 'update data');
INSERT INTO tZWidgetMessages VALUES ('zLeds', 'control!', 'in', 'update control');
INSERT INTO tZWidgetMessages VALUES ('zLeds', 'L10', 'in', 'set the light 1 with color 0');
INSERT INTO tZWidgetMessages VALUES ('zLeds', 'L11', 'in', 'set the light 1 with color 1');
INSERT INTO tZWidgetMessages VALUES ('zLeds', 'L12', 'in', 'set the light 1 with color 2');
INSERT INTO tZWidgetMessages VALUES ('zLeds', 'L13', 'in', 'set the light 1 with color 3');
INSERT INTO tZWidgetMessages VALUES ('zLeds', 'L20', 'in', 'set the light 2 with color 0');
INSERT INTO tZWidgetMessages VALUES ('zLeds', 'L21', 'in', 'set the light 2 with color 1');
INSERT INTO tZWidgetMessages VALUES ('zLeds', 'L22', 'in', 'set the light 2 with color 2');
INSERT INTO tZWidgetMessages VALUES ('zLeds', 'L23', 'in', 'set the light 2 with color 3');
INSERT INTO tZWidgetMessages VALUES ('zLeds', 'L30', 'in', 'set the light 3 with color 0');
INSERT INTO tZWidgetMessages VALUES ('zLeds', 'L31', 'in', 'set the light 3 with color 1');
INSERT INTO tZWidgetMessages VALUES ('zLeds', 'L32', 'in', 'set the light 3 with color 2');
INSERT INTO tZWidgetMessages VALUES ('zLeds', 'L33', 'in', 'set the light 3 with color 3');
/* START PROCESSING ..\..\pc\src\javaj\widgets\zList.java */

INSERT INTO tGastItemDoc VALUES ('zList', 'javaj_widget', 'table', 'javaj.widgets.zList', '9', '~A list that supports memory tables or db queries (rapid prefix ~4i~4)', '~~6 List which data can be given as a Table in memory (Eva table) or can be retrieved from a~6 database using a sql Select query (see zComboBox and ~3Table select~3 and ~3Table from database~3~6 widget characteristics).~6~6 Widget characteristics: ~3Common~3, ~3Table select~3, ~3Table from database~3 and ~3Files droppable~3.~6');
INSERT INTO tGastExamples VALUES ('zList', 'hello zList', '~#javaj#~6~6    <frames> iLista, Hello zSmallList~6~6#data#~6~6    <iLista visibleColumns>  name~6~6    <iLista>~6       id, name, telephone~6~6       12, Michael,  5563~6       56, Evariste, 1811~6      231, Alea,     2112~6      108, Simago,   3222~6~6#listix#~6~6    <-- iLista>~6       //Last selected @<iLista selected.name>~6       //~6');
INSERT INTO tGastExamples VALUES ('zList', 'list of listix commands', '~#javaj#~6~6    <frames> F, Simple list of Listix Commands, 400, 500~6~6    <layout of F>~6      EVA, 10, 10, 6, 6~6~6      ---, X~6       X , iLista,~6         , lDescription~6~6#data#~6~6    <iLista visibleColumns> name~6~6#listix#~6~6   <main>~6      DB,, EXECUTE, @<:infile META-GASTONA/WelcomeGastona/gastonaDocScript.sql>~6      -->, iLista data!, sqlSelect, //SELECT name, desc FROM tGastItemDoc WHERE structType == ~4listix_command~4 ORDER BY name~6~6   <-- iLista>~6     -->, lDescription data!,, @<iLista selected.desc>');INSERT INTO tZWidgetAttributes VALUES ('zList', '', 'in', 'Eva table', 'Data for the list, that an Eva table with column names at the first row');
INSERT INTO tZWidgetAttributes VALUES ('zList', 'var', 'in', 'Eva name', '~Reference to variable containing the data for this widget. If this atribute is given it will mask the data contained in the attribute ~3~3 (usually the data)');
INSERT INTO tZWidgetAttributes VALUES ('zList', 'visible', 'in', '0 / 1', 'Value 0 to make the widget not visible');
INSERT INTO tZWidgetAttributes VALUES ('zList', 'enabled', 'in', '0 / 1', 'Value 0 to disable the widget');
INSERT INTO tZWidgetAttributes VALUES ('zList', 'visibleColumns', 'in', '(Eva line)', 'list of visible columns');
INSERT INTO tZWidgetAttributes VALUES ('zList', 'subTableSelection', 'out', '(Eva table)', 'a table formed with the selected rows');
INSERT INTO tZWidgetAttributes VALUES ('zList', 'selected.COLNAME', 'out', '(String)', 'contents of the column with name COLNAME of last selected row of the table');
INSERT INTO tZWidgetAttributes VALUES ('zList', 'dbName', 'in', '(file name)', 'If specified then it is the database name from which the data will be retrieved (default is the global temporary database)');
INSERT INTO tZWidgetAttributes VALUES ('zList', 'sqlSelect', 'in', '(sqlite select or pragma)', 'If specified then the data will be retrieved from a database (see dbName)');
INSERT INTO tZWidgetAttributes VALUES ('zList', 'sqlExtraFilter', 'in', '(part of sqlite select)', 'Filter that is added to the query');
INSERT INTO tZWidgetAttributes VALUES ('zList', 'droppedFiles', 'out', '(Eva table)', 'Eva table (pathFile,fileName,extension,fullPath,date,size) containing all dropped files. Note that this attribute has to exist in order to enable drag & dropping files into this Component.');
INSERT INTO tZWidgetAttributes VALUES ('zList', 'droppedDirs', 'out', '(Eva table)', 'Eva table (pathFile,fileName,extension,fullPath,date,size) containing all dropped directories. Note that this attribute has to exist in order to enable drag & dropping files into this Component.');INSERT INTO tZWidgetMessages VALUES ('zList', 'data!', 'in', 'update data');
INSERT INTO tZWidgetMessages VALUES ('zList', 'control!', 'in', 'update control');
INSERT INTO tZWidgetMessages VALUES ('zList', '', 'out', 'an element of the list has been selected (see also selected.COLNAME and subTableSelection attributes)');
INSERT INTO tZWidgetMessages VALUES ('zList', '2', 'out', 'an element of the list has been double clicked (see also selected.COLNAME attribute)');
INSERT INTO tZWidgetMessages VALUES ('zList', 'droppedFiles', 'out', '~If files drag & drop enabled this message indicates that the user has dropped files (see attribute ~4droppedFiles~4)');
INSERT INTO tZWidgetMessages VALUES ('zList', 'droppedDirs', 'out', '~If directories drag & drop is enabled this message indicates that the user has dropped directories (see attribute ~4droppedDirs~4)');
/* START PROCESSING ..\..\pc\src\javaj\widgets\zMiniEditor.java */

INSERT INTO tGastItemDoc VALUES ('zMiniEditor', 'javaj_widget', 'text', 'javaj.widgets.zMiniEditor', '9', '~A text area strictly associated with a file (rapid prefix ~4f~4)', '~~6 Text area widget like zTextArea (prefix ~4x~4) with the limitation that the text content is not~6 hold in any data variable. Text content is loaded directly from a file, the user might change~6 it and it can be saved into a file. This is more efficient as zTextArea specially for big~6 files.~6~6 Widget characteristics: ~3Common~3 and ~3Text data~3~6');
INSERT INTO tGastExamples VALUES ('zMiniEditor', 'little editor', '~#javaj#~6~6    <frames> F, little Editor~6~6    <layout of F>~6          EVA, 6, 6, 3, 3~6~6          ---,          , X~6             , lFile    , eFile, bSearch, bReload, bSave~6           X , fMiniEdit, -, -, -, -~6~6    <sysDefaultFonts>~6       Consolas, 15, 0, TextField~6~6#data#~6~6    <bSearch DIALOG> FILE~6~6    <! DISABLED FOR SAFE TESTING~6    <bSave enabled> 0~6~6    <bSearch image> javaj/img/linterna.png~6    <bReload image> javaj/img/Fichero_2_2.png~6    <bSave image>   javaj/img/floppy.png~6~6#listix#~6~6    <-- bSearch>~6       -->, eFile data!,, @<bSearch chosen>~6       @<load file>~6~6    <-- bReload>~6       @<load file>~6~6    <load file>~6       CHECK, VAR  , eFile   , @<error NoFileName>~6       CHECK, RFILE, @<eFile>, @<error FileName does not exist>~6       SETVAR, fMiniEdit fileName, @<eFile>~6       MSG, fMiniEdit load~6~6    <-- bSave>~6       SETVAR, fMiniEdit fileName, @<eFile>~6       MSG, fMiniEdit save~6~6    <error NoFileName>~6       //Enter a file name, then press Load~6       //~6~6    <error FileName does not exist>~6       //File name ~3@<eFile>~3 not found!~6       //~6');INSERT INTO tZWidgetAttributes VALUES ('zMiniEditor', '', 'in', '(Eva Table)', 'Contents of items');
INSERT INTO tZWidgetAttributes VALUES ('zMiniEditor', 'visible', 'in', '0 / 1', 'Value 0 to make the widget not visible');
INSERT INTO tZWidgetAttributes VALUES ('zMiniEditor', 'enabled', 'in', '0 / 1', 'Value 0 to disable the widget');
INSERT INTO tZWidgetAttributes VALUES ('zMiniEditor', 'wrapLines', 'in', '0 / 1', 'Value 0 if the lines has NOT to be wraped according to text width');
INSERT INTO tZWidgetAttributes VALUES ('zMiniEditor', 'tabulator', 'in', 'number', '~Size for the tabulator, in monospaced fonts ~3should~3 correspond with the spaces');
INSERT INTO tZWidgetAttributes VALUES ('zMiniEditor', 'fileName', 'in', 'file name', '~File to be used in messages ~3load~3 and ~3save~3');
INSERT INTO tZWidgetAttributes VALUES ('zMiniEditor', 'lineToGo', 'in', 'number', '~**DEPRECATED*** Line number to go on a message ~3gotoLine~3');INSERT INTO tZWidgetMessages VALUES ('zMiniEditor', 'data!', 'in', 'update data');
INSERT INTO tZWidgetMessages VALUES ('zMiniEditor', 'control!', 'in', 'update control');
INSERT INTO tZWidgetMessages VALUES ('zMiniEditor', 'clear', 'in', 'clears the contents of the text');
INSERT INTO tZWidgetMessages VALUES ('zMiniEditor', 'load', 'in', '~loads the contents from the file given as parameter or, if there is no parameter, in the attribute ~3fileName~3');
INSERT INTO tZWidgetMessages VALUES ('zMiniEditor', 'save', 'in', '~saves the contents to the file given as parameter or, if there is no parameter, in the attribute ~3fileName~3');
INSERT INTO tZWidgetMessages VALUES ('zMiniEditor', 'gotoLine', 'in', '~set the cursor and scroll if needed to a line given as parameter (NOTE ~3lineToGo~3 attribute is DEPRECATED)');
INSERT INTO tZWidgetMessages VALUES ('zMiniEditor', 'insert', 'in', 'insert the texts given in parameters');
INSERT INTO tZWidgetMessages VALUES ('zMiniEditor', 'newLine', 'in', 'insert a new line and then the texts given in parameters');
INSERT INTO tZWidgetMessages VALUES ('zMiniEditor', 'undo', 'in', 'undo last edit');
INSERT INTO tZWidgetMessages VALUES ('zMiniEditor', 'redo', 'in', 'redo last undo');
/* START PROCESSING ..\..\pc\src\javaj\widgets\zRadioButton.java */

INSERT INTO tGastItemDoc VALUES ('zRadioButton', 'javaj_widget', 'button', 'javaj.widgets.zRadioButton', '2', '~A typical radio button (rapid prefix ~4r~4)', '~~6 NOTE: the new widget zRadioButtonTable is a better approach to handle radio buttons~6~6 This widget represents a single radio button, note though that an isolated radio button~6 make no sense, it has to be grouped with at least another radio button. This is done through~6 the special javaj layout RADIO. Radio buttons listen and send its own messages, the RADIO~6 layout send also a message for the group.~6~6 Note : If not given in #data# the widgets takes its contents from its own name. This is only a~6        facility for the development and serves only as default label. Do not confuse widget~4s~6        name with its contents, among other things widget names cannot be changed.~6~6 Widget characteristics: ~3Common~3.~6');
INSERT INTO tGastExamples VALUES ('zRadioButton', 'hello zRadioButton', '~#javaj#~6~6    <frames> F, Hello zRadioButton~6~6    <layout of F>~6       PANEL, X~6       Fradio, oConsole~6~6    <layout of Fradio>~6          RADIO, Y~6          rOpt1, rOpt2, rOpt3, rOpt4~6~6#listix#~6~6    <-- Fradio>~6       //selected radiobutton @<Fradio selected> (option 1 state @<rOpt1 selected>)~6       //~6~6    <-- rOpt4>~6       //Option 4 has been pressed!~6       //');INSERT INTO tZWidgetAttributes VALUES ('zRadioButton', '', 'in', 'text', 'Caption text of the radio button');
INSERT INTO tZWidgetAttributes VALUES ('zRadioButton', 'visible', 'in', '0 / 1', 'Value 0 to make the widget not visible');
INSERT INTO tZWidgetAttributes VALUES ('zRadioButton', 'enabled', 'in', '0 / 1', 'Value 0 to disable the widget');INSERT INTO tZWidgetMessages VALUES ('zRadioButton', 'data!', 'in', 'update data');
INSERT INTO tZWidgetMessages VALUES ('zRadioButton', 'control!', 'in', 'update control');
INSERT INTO tZWidgetMessages VALUES ('zRadioButton', '', 'out', 'button has been selected');
/* START PROCESSING ..\..\pc\src\javaj\widgets\zRadioButtonTable.java */

INSERT INTO tGastItemDoc VALUES ('zRadioButtonTable', 'javaj_widget', 'button', 'javaj.widgets.zRadioButtonTable', '7', '~Radio group all in one widget (rapid prefix ~4rg~4)', '~~6 This widget manages a complete radio button group and it is a good alternative to use zRadioButton~6 and the layout RADIO. The labels as well as any other convenient data associated with the radio~6 buttons of the group are given in a table.~6~6 Widget characteristics: ~3Common~3.~6');
INSERT INTO tGastExamples VALUES ('zRadioButtonTable', 'hello zRadioButtonTable', '~#javaj#~6~6    <frames> F, Hello zRadioButtonTable~6~6    <layout of F>~6       PANEL, X~6       rgRadio, oConsole~6~6#data#~6~6    <rgRadio>~6        label , value, selected~6        Opt1  , 61   ,~6        Opt2  , 29   ,~6        Opt3  , 18   , 1~6        Opt4  , 44   ,~6~6#listix#~6~6    <-- rgRadio>~6       //selected radiobutton @<rgRadio selected.label> with associated value @<rgRadio selected.value>~6       //~6');INSERT INTO tZWidgetAttributes VALUES ('zRadioButtonTable', '', 'in', 'text', 'Caption text of the radio button');
INSERT INTO tZWidgetAttributes VALUES ('zRadioButtonTable', 'var', 'in', 'Eva name', '~Reference to variable containing the data for this widget. If this atribute is given it will mask the data contained in the attribute ~3~3 (usually the data)');
INSERT INTO tZWidgetAttributes VALUES ('zRadioButtonTable', 'visible', 'in', '0 / 1', 'Value 0 to make the widget not visible');
INSERT INTO tZWidgetAttributes VALUES ('zRadioButtonTable', 'enabled', 'in', '0 / 1', 'Value 0 to disable the widget');
INSERT INTO tZWidgetAttributes VALUES ('zRadioButtonTable', 'orientation', 'in', 'X / Y', 'Horizontal or vertical (default) orientation');
INSERT INTO tZWidgetAttributes VALUES ('zRadioButtonTable', 'titledBorder', 'in', 'text', 'If given a titled border will be placed');
INSERT INTO tZWidgetAttributes VALUES ('zRadioButtonTable', 'dbName', 'in', 'file name', 'If specified then it is the database name from which the data will be retrieved (default is the global temporary database)');
INSERT INTO tZWidgetAttributes VALUES ('zRadioButtonTable', 'sqlSelect', 'in', 'sqlite select or pragma', 'If specified then the data will be retrieved from a database (see dbName)');
INSERT INTO tZWidgetAttributes VALUES ('zRadioButtonTable', 'sqlExtraFilter', 'in', 'part of sqlite select', 'Filter that is added to the query');
INSERT INTO tZWidgetAttributes VALUES ('zRadioButtonTable', 'subTableSelection', 'out', 'Eva table', 'a table formed with the selected rows');
INSERT INTO tZWidgetAttributes VALUES ('zRadioButtonTable', 'selected.COLNAME', 'out', 'String', 'Contents of the column with name COLNAME of first selected row of the table. There is one variable select.COLNAME for each column in the table (inclusive the not visible columns)');INSERT INTO tZWidgetMessages VALUES ('zRadioButtonTable', 'data!', 'in', 'update data');
INSERT INTO tZWidgetMessages VALUES ('zRadioButtonTable', 'control!', 'in', 'update control');
INSERT INTO tZWidgetMessages VALUES ('zRadioButtonTable', 'select!', 'in', '~select records. Example ~3MSG, widget select!, #, 2, 4~3 select the records 2 and 4 (0 based) and ~3MSG, widget select!, name, Barcelona~3 selects the first record which name is ~3Barcelona~3');
INSERT INTO tZWidgetMessages VALUES ('zRadioButtonTable', '', 'out', 'a radio button has been selected');
/* START PROCESSING ..\..\pc\src\javaj\widgets\zSliderLabels.java */

INSERT INTO tGastItemDoc VALUES ('zSliderLabels', 'javaj_widget', 'button', 'javaj.widgets.zSliderLabels', '3', '~Slider with labels for values (rapid prefix ~4d~4)', '~~6 Slider where the following values might be configured~6   - current value of the slider (default 0)~6   - minimum value (default 0)~6   - maximum value (default 100)~6   - increment value (default 1)');
INSERT INTO tGastExamples VALUES ('zSliderLabels', 'hello zSliderLabels', '~#javaj#~6~6    <frames> F, Hello zSliderLabels~6~6    <layout of F>~6          PANEL, X~6          dSlider~6~6#listix#~6    <-- dSlider>~6       //You have changed the slider to the value @<dSlider>!~6       //~6');
INSERT INTO tGastExamples VALUES ('zSliderLabels', 'slider ranges', '~#javaj#~6~6   <frames> F, Slider example~6~6   <layout of F>~6      EVA, 10, 10, 6, 6~6~6      , A~6      , dNormal~6      , dFino~6      , dPreciso~6~6#data#~6~6   <dFino> 0~6   <dFino rangeConfig> -1000, 1000, 1, 0~6~6   <dPreciso> 0~6   <dPreciso rangeConfig> -2, 5, .001, 0~6~6#listix#~6~6   <-- dNormal>   //Selected from normal @<dNormal>~6                  //~6   <-- dFino>     //Selected from fino @<dFino>~6                  //~6   <-- dPreciso>  //Selected from preciso @<dPreciso>~6                  //~6');
INSERT INTO tGastExamples VALUES ('zSliderLabels', 'slider oriented', '~#javaj#~6~6   <frames> F, Slider example~6~6   <layout of F>~6      EVA, 10, 10, 6, 6~6~6      ,   X   ,  X  , X~6    X , dOne  , dTwo, dThree~6      ,       ,     , kVertical~6~6#data#~6~6   <kVertical selected> 1~6~6   <dOne orientation> V~6   <dTwo orientation> V~6   <dThree orientation> V~6~6#listix#~6~6    <-- kVertical>~6          IN CASE, @<kVertical selected>~6             , 1, -->, dThree control!, orientation, Y~6             , 0, -->, dThree control!, orientation, X~6');INSERT INTO tZWidgetAttributes VALUES ('zSliderLabels', '', 'in', 'text', 'Current value');
INSERT INTO tZWidgetAttributes VALUES ('zSliderLabels', 'visible', 'in', '0 / 1', 'Value 0 to make the widget not visible');
INSERT INTO tZWidgetAttributes VALUES ('zSliderLabels', 'enabled', 'in', '0 / 1', 'Value 0 to disable the widget');
INSERT INTO tZWidgetAttributes VALUES ('zSliderLabels', 'rangeConfig', 'in', '(Eva list)', 'List of 4 numbers (min, max, inc, default) configuring minimum, maximum, incremnt and default values');
INSERT INTO tZWidgetAttributes VALUES ('zSliderLabels', 'orientation', 'in', 'X / Y', '~Orientation ~4X~4 or ~4H~4 for horizontal, ~4Y~4 or ~4V~4 for vertical');INSERT INTO tZWidgetMessages VALUES ('zSliderLabels', 'data!', 'in', 'update data');
INSERT INTO tZWidgetMessages VALUES ('zSliderLabels', 'control!', 'in', 'update control');
INSERT INTO tZWidgetMessages VALUES ('zSliderLabels', '', 'out', 'the slider has been changed');
/* START PROCESSING ..\..\pc\src\javaj\widgets\zTable.java */

INSERT INTO tGastItemDoc VALUES ('zTable', 'javaj_widget', 'table', 'javaj.widgets.zTable', '7', '~A table from memory (Eva) or database (rapid prefix ~4t~4)', '~~6 Table which data can be given as a Table in memory (Eva table) or can be retrieved from a~6 database using a sql Select query (see ~3Table select~3 and ~3Table from database~3 widget~6 characteristics).~6~6 In this widget the select query might be given without limits since an automatic mechanism~6 called ~3windowing~3 takes care of retrieving the data in small blocks. For example you can~6 query a database table containing millions of registers just with ~3SELECT * FROM theTable;~3.~6~6 For facilitating the data exploration to the user it is recommended to use zAsiste instead~6 of zTable.~6~6 Widget characteristics: ~3Common~3, ~3Table select~3 and ~3Table from database~3.~6');
INSERT INTO tGastExamples VALUES ('zTable', 'hello zTable', '~#javaj#~6~6    <frames> tTabla, Hello zTable~6~6#data#~6~6    <tTabla>~6       id, name, telephone~6~6       12, Michael,  5563~6       56, Evariste, 1811~6      231, Alea,     2112~6      108, Carl,     3222~6');
INSERT INTO tGastExamples VALUES ('zTable', 'hello zTable select', '~#javaj#~6~6    <frames> tTabla, Hello zTable select~6~6#data#~6~6    <tTabla>~6       id, name, telephone~6~6       12, Michael,  5563~6       56, Evariste, 1811~6      231, Alea,     2112~6      108, Carl,     3222~6~6#listix#~6~6    <-- tTabla>~6       //~6       //~6       //First selected ~3@<tTabla selected.name>~3~6       //All selected row(s) :~6       //~6       LOOP, EVA, tTabla subTableSelection~6          ,, //    @<name> (id = @<id>)');
INSERT INTO tGastExamples VALUES ('zTable', 'hello zTable select2', '~#javaj#~6~6    <frames> F, Hello zTable select 2  , 400~6~6    <layout of F>~6          EVA, 5, 5, 3, 3~6~6             , X   , X~6             , lMain table, -~6           X , tTabla, -~6             , lSelected elements table, -~6           X , tTablaSel, -~6             , bPre sel1, bPre sel2~6~6#data#~6~6    <tTabla>~6       id, name, telephone~6~6       12, Michael,  5563~6       56, Evariste, 1811~6      231, Alea,     2112~6      108, Carl,     3222~6~6    <tTablaSel var> tTabla subTableSelection~6~6#listix#~6~6    <-- tTabla>~6       @<update table selection>~6~6    <-- bPre sel1>~6       MSG, tTabla select!, #1, 1, 3~6       @<update table selection>~6~6    <-- bPre sel2>~6       MSG, tTabla select!, ~3name~3, Evariste, Alea, Carl~6       @<update table selection>~6~6    <update table selection>~6       MSG, tTablaSel data!');
INSERT INTO tGastExamples VALUES ('zTable', 'zTable database', '~#javaj#~6~6    <frames> F, zTable database demo~6~6    <layout of F>~6          EVA, 10, 10, 4, 4~6          - , X~6          A , lSelected~6          X , tTabla~6~6#data#~6~6    <tTabla sqlSelect> //SELECT * FROM someData;~6~6    <someData>~6          id , name,     city           , age~6          718, Ricardo,  San Francisco  , 12~6          321, Abelardo, Betanzos       , 45~6          112, Joseba  , Bilbo          , 21~6~6#listix#~6~6    <main0>~6       DATABASE,,CREATETABLE, someData~6~6    <-- tTabla>~6       -->, lSelected data!,, @<tTabla selected.name> lives in @<tTabla selected.city>~6');
INSERT INTO tGastExamples VALUES ('zTable', 'tabla de multiplicar', '~#javaj#~6~6   <frames>~6      F, Tablas de multiplicar~6~6   <layout of F>~6      EVA, 10, 10, 4, 4~6~6      ---,   A~6         , digits~6        X, tMultTable~6~6   <layout of digits>~6      EVA, 4, 4, 2, 2~6~6      ---,~6         , b1, b2, b3,~6         , b4, b5, b6,~6         , b7, b8, b9~6~6#listix#~6~6   <main0>  listix, calculaTabla, 1~6~6   <-- b1>  listix, calculaTabla, 1~6   <-- b2>  listix, calculaTabla, 2~6   <-- b3>  listix, calculaTabla, 3~6   <-- b4>  listix, calculaTabla, 4~6   <-- b5>  listix, calculaTabla, 5~6   <-- b6>  listix, calculaTabla, 6~6   <-- b7>  listix, calculaTabla, 7~6   <-- b8>  listix, calculaTabla, 8~6   <-- b9>  listix, calculaTabla, 9~6~6   <calculaTabla>~6~6      SET VAR, tMultTable, @<p1> x ..., ~3~3, ~3 ~3~6      LOOP, FOR, ii, 1, 9~6          ,, @<setvalue>~6      MSG, tMultTable data!~6~6   <setvalue>    ADD TO VAR, tMultTable, ~3@<p1> x @<ii>~3, ~3=~3, @<calculaVal>~6   <calculaVal>  =, p1 * ii~6');INSERT INTO tZWidgetAttributes VALUES ('zTable', '', 'in', 'Eva table', 'Contents of the table or cache in case of db table');
INSERT INTO tZWidgetAttributes VALUES ('zTable', 'var', 'in', 'Eva name', '~Reference to variable containing the data for this widget. If this atribute is given it will mask the data contained in the attribute ~3~3 (usually the data)');
INSERT INTO tZWidgetAttributes VALUES ('zTable', 'visible', 'in', '0 / 1', 'Value 0 to make the widget not visible');
INSERT INTO tZWidgetAttributes VALUES ('zTable', 'enabled', 'in', '0 / 1', 'Value 0 to disable the widget');
INSERT INTO tZWidgetAttributes VALUES ('zTable', 'visibleColumns', 'in', 'Eva line', 'list of visible columns');
INSERT INTO tZWidgetAttributes VALUES ('zTable', 'dbName', 'in', 'file name', 'If specified then it is the database name from which the data will be retrieved (default is the global temporary database)');
INSERT INTO tZWidgetAttributes VALUES ('zTable', 'sqlSelect', 'in', 'sqlite select or pragma', 'If specified then the data will be retrieved from a database (see dbName)');
INSERT INTO tZWidgetAttributes VALUES ('zTable', 'sqlExtraFilter', 'in', 'part of sqlite select', 'Filter that is added to the query');
INSERT INTO tZWidgetAttributes VALUES ('zTable', 'subTableSelection', 'out', 'Eva table', 'a table formed with the selected rows');
INSERT INTO tZWidgetAttributes VALUES ('zTable', 'selected.COLNAME', 'out', 'String', 'Contents of the column with name COLNAME of first selected row of the table. There is one variable select.COLNAME for each column in the table (inclusive the not visible columns)');INSERT INTO tZWidgetMessages VALUES ('zTable', 'data!', 'in', 'update data');
INSERT INTO tZWidgetMessages VALUES ('zTable', 'control!', 'in', 'update control');
INSERT INTO tZWidgetMessages VALUES ('zTable', 'select!', 'in', '~select records. The first parameter is the column name or # or #1 to select by index, Example ~3MSG, widget select!, #, 2, 4~3 select the records 2 and 4 (0 based) and ~3MSG, widget select!, name, Barcelona~3 selects the first record which name is ~3Barcelona~3');
INSERT INTO tZWidgetMessages VALUES ('zTable', '', 'out', 'a row or more rows has been selected');
INSERT INTO tZWidgetMessages VALUES ('zTable', '2', 'out', 'a row from the table has been double clicked (see also selected.COLNAME attribute)');
/* START PROCESSING ..\..\pc\src\javaj\widgets\zTextArea.java */

INSERT INTO tGastItemDoc VALUES ('zTextArea', 'javaj_widget', 'text', 'javaj.widgets.zTextArea', '7', '~A Text Area (rapid prefix ~4x~4)', '~~6 Text area for multi line texts, either accepting new lines or wrapping the text depending on~6 the attribute ~3wrapLines~3.~6~6 Widget characteristics: ~3Common~3 and ~3Text data~3~6');
INSERT INTO tGastExamples VALUES ('zTextArea', 'hello zTextArea', '~#javaj#~6~6    <frames> F, Hello zTextArea~6~6    <layout of F>~6          PANEL, X~6          xText~6~6#data#~6~6    <xText>~6       //This is the text~6       //of the hello zTextArea example~6');INSERT INTO tZWidgetAttributes VALUES ('zTextArea', '', 'in', 'text', 'Contents of the text area');
INSERT INTO tZWidgetAttributes VALUES ('zTextArea', 'var', 'in', 'Eva name', '~Reference to variable containing the data for this widget. If this atribute is given it will mask the data contained in the attribute ~3~3 (usually the data)');
INSERT INTO tZWidgetAttributes VALUES ('zTextArea', 'visible', 'in', '0 / 1', 'Value 0 to make the widget not visible');
INSERT INTO tZWidgetAttributes VALUES ('zTextArea', 'enabled', 'in', '0 / 1', 'Value 0 to disable the widget');
INSERT INTO tZWidgetAttributes VALUES ('zTextArea', 'wrapLines', 'in', '0 / 1', 'Value 0 if the lines has NOT to be wraped according to text width');
INSERT INTO tZWidgetAttributes VALUES ('zTextArea', 'tabulator', 'in', 'number', '~Size for the tabulator, in monospaced fonts ~3should~3 correspond with the spaces');
INSERT INTO tZWidgetAttributes VALUES ('zTextArea', 'fileName', 'in', 'file name', '~File to be used in messages ~3load~3 and ~3save~3');
INSERT INTO tZWidgetAttributes VALUES ('zTextArea', 'lineToGo', 'in', 'number', '~**DEPRECATED*** Line number to go on a message ~3gotoLine~3');INSERT INTO tZWidgetMessages VALUES ('zTextArea', 'data!', 'in', 'update data');
INSERT INTO tZWidgetMessages VALUES ('zTextArea', 'control!', 'in', 'update control');
INSERT INTO tZWidgetMessages VALUES ('zTextArea', 'clear', 'in', 'clears the contents of the text');
INSERT INTO tZWidgetMessages VALUES ('zTextArea', 'load', 'in', '~loads the contents from the file given in attribute ~3fileName~3');
INSERT INTO tZWidgetMessages VALUES ('zTextArea', 'save', 'in', '~saves the contents to the file given in attribute ~3fileName~3');
INSERT INTO tZWidgetMessages VALUES ('zTextArea', 'gotoLine', 'in', '~set the cursor and scroll if needed to a line given as parameter (NOTE ~3lineToGo~3 attribute is DEPRECATED)');
INSERT INTO tZWidgetMessages VALUES ('zTextArea', 'insert', 'in', 'insert the texts given in parameters');
INSERT INTO tZWidgetMessages VALUES ('zTextArea', 'newLine', 'in', 'insert a new line and then the texts given in parameters');
INSERT INTO tZWidgetMessages VALUES ('zTextArea', 'undo', 'in', 'undo last edit');
INSERT INTO tZWidgetMessages VALUES ('zTextArea', 'redo', 'in', 'redo last undo');
/* START PROCESSING ..\..\pc\src\javaj\widgets\zTree.java */

INSERT INTO tGastItemDoc VALUES ('zTree', 'javaj_widget', 'misc', 'javaj.widgets.zTree', '7', '~A general tree of entries (rapid prefix ~4a~4)', '~~6 A general tree of entries. The data is given in a table where each row represents an entry.~6 One column of the table, by default the first one, contains the entry path using a separator~6 (by default ~4/~4). Aditionally a second column with name ~4icon~4 might be used to assign~6 differents icons to the entries.~6~6 Example of data for a tree:~6~6       <aMyTree>~6            node                , icon~6~6            root/folder/file1   , normal~6            root/folder/file2   , big~6            root/a/b/c/file3    , small~6~6 Tree from a database:~6 ----------------------~6~6 The data might be retrieved from a database using the attributes ~4dbName~4 and ~4sqlSelect~4.~6 This is actually a very easy and flexible way of building trees. For example if we had a~6 master table of customers with fields ~4country~4, ~4city~4, ~4name~4 etc we could write something~6 like this~6~6       <aTree sqlSelect>~6           //SELECT country ~2~2 ~3/~3 ~2~2 city ~2~2 ~3/~3 ~2~2 name AS node, type AS icon ORDER BY node~6~6 to have a tree with folder levels ~4country~4, ~4city~4 and customer name.~6~6 There are two things to have in mind with the zTree widget:~6~6    - The entries should be sorted in order to avoid duplicated folders~6    - The amount of entries of a tree should not be huge. This is due to performance and~6      memory reasons but also a reasonable sized tree is more user friendly.~6~6 Using SQL this is not a problem at all, even more it facilitates a lot the development of~6 trees with filters (e.g. ~3... WHERE price+0 > 200 and price+0 < 2000~3), which can be very~6 helpful for the user.~6~6 Tree selected entry:~6 ----------------------~6~6 A single selected path is returned in the attribute ~4selectedPath~4 and multiple selection in~6 ~4selectedMultiPath~4. Note that it differs from the selection of other widgets that accept~6 tables as data, here not all the columns are offered separately. Again using SQL this can be~6 handled with few effort, following the previous example:~6~6    <nodeField> //country ~2~2 ~3/~3 ~2~2 city ~2~2 ~3/~3 ~2~2 name AS node~6    <-- aTree>~6       LOOP, SQL, @<db>, //SELECT id, etc, @<nodeField> WHERE node = ~4@<aTree selectedPath>~4;~6           ,, @<use id etc selected>~6~6 where <use id etc selected> is supposed to be a format that works with the retrieved values~6 of the selected path.~6');
INSERT INTO tGastExamples VALUES ('zTree', 'hello zTree', '~#javaj#~6~6    <frames> F, Hello aTree~6~6    <layout of F>~6          EVA, 5, 5, 3, 3~6          --, X~6          X , aTree,~6          A , lYouSelected~6          A , eSelected~6~6#listix#~6~6    <-- aTree>         -->, eSelected data!,, the entry @<aTree selectedPath>~6    <-- aTree parent>  -->, eSelected data!,, the folder @<aTree selectedPath>~6~6#data#~6~6    <aTree>~6        name~6        base/dir1/File1~6        base/dir1/File2~6        base/dir2/File3~6        base/dir2/dir3/LastFile~6        second/dir2/Other~6');
INSERT INTO tGastExamples VALUES ('zTree', 'icons tree', '~#javaj#~6~6    <frames> aTree, Example Icons tree~6~6#data#~6~6    <aTree baseIcons> javaj/img/~6    <aTree>~6         name         ,  icon~6~6         decide/Accept,  ok~6         decide/Cancel,  cancel~6         make/Write   ,  write~6         make/Save    ,  floppy~6         make/Encript ,  key~6         make/Explore ,  explorer~6         object/Book  ,  book~6         object/Drive ,  drive~6~6#listix#~6~6    <-- aTree>~6       //You have selected @<aTree selectedPath>~6       //~6');
INSERT INTO tGastExamples VALUES ('zTree', 'icon explorer', '~#javaj#~6~6   <frames> F, Icon explorer~6~6   <layout of F>~6       EVA, 5, 5, 3, 3~6        --, X~6          , lDirectory~6          , eDir~6        X , aTree,~6          , lYouSelected~6          , eSelected~6~6#data#~6~6   <eDir>~6~6   <aTree endIcons>~6   <aTree rootTitle> Images found~6~6#listix#~6~6   <main0>~6     @<assign separator>~6~6   <-- eDir>~6       SCAN, ADD FILES,, @<eDir>, +, png, +, gif, +, jpeg, +, jpg~6       -->, aTree data!, sqlSelect, //SELECT fullPath AS icon FROM scan_all ORDER BY icon;~6~6   <-- aTree>~6        -->, eSelected data!,, @<aTree selectedPath>~6~6   <assign separator>~6      CHECK, LINUX, SETVAR, aTree separator, \');INSERT INTO tZWidgetAttributes VALUES ('zTree', '', 'in', '(Eva table)', 'Table with the data for the tree at the first column');
INSERT INTO tZWidgetAttributes VALUES ('zTree', 'var', 'in', '(Eva name)', '~Reference to variable containing the data for this widget. If this atribute is given it will mask the data contained in the attribute ~3~3 (usually the data)');
INSERT INTO tZWidgetAttributes VALUES ('zTree', 'dbName', 'in', '(file name)', 'Database name from which the data will be retrieved (default is the variable <widgets defaultDB> if given)');
INSERT INTO tZWidgetAttributes VALUES ('zTree', 'sqlSelect', 'in', '(sqlite select or pragma)', 'If specified then the data will be retrieved from it using the database specified in dbName');
INSERT INTO tZWidgetAttributes VALUES ('zTree', 'sqlExtraFilter', 'in', '', 'Filter that is added to the query');
INSERT INTO tZWidgetAttributes VALUES ('zTree', 'visible', 'in', '0 / 1', 'Value 0 to make the widget not visible (default is 1)');
INSERT INTO tZWidgetAttributes VALUES ('zTree', 'enabled', 'in', '0 / 1', 'Value 0 to disable the widget (default is 1)');
INSERT INTO tZWidgetAttributes VALUES ('zTree', 'separator', 'in', '(Character)', 'Character to be used as node or path separator');
INSERT INTO tZWidgetAttributes VALUES ('zTree', 'dataColumn', 'in', '(column name)', 'If given, column name of the data that contains the tree path info, otherwise tree path info is taken from the first column.');
INSERT INTO tZWidgetAttributes VALUES ('zTree', 'baseIcons', 'in', '(string)', '~Prefix string, usually a path, for the icons of all nodes with not empty ~3icon~3 column (icon name = ~4baseIcons~4 + ~4icon~4 + ~4endIcons~4)');
INSERT INTO tZWidgetAttributes VALUES ('zTree', 'endIcons', 'in', '~(string default is ~4.png~4)', '~Postfix for the icon name of all nodes with not empty ~3icon~3 column (icon name = ~4baseIcons~4 + ~4icon~4 + ~4endIcons~4)');
INSERT INTO tZWidgetAttributes VALUES ('zTree', 'disableIcons', 'in', '0 / 1', '~if 1 disable custom Icons (column ~4icon~4) for this tree, it might be more performant for big trees.');
INSERT INTO tZWidgetAttributes VALUES ('zTree', 'folderIcons', 'in', '(list of strings)', '~Specify custom icons for folders, not individually but by its level in the path. Example ~3general, root0, root1~3. Note here also applies the rules of baseIcons and endIcons');
INSERT INTO tZWidgetAttributes VALUES ('zTree', 'shortPath', 'in', '~1 ~2 0', 'if 1 (true) the nodes with just one child are grouped using the nodeSeparator thus reducing nodes');
INSERT INTO tZWidgetAttributes VALUES ('zTree', 'rootTitle', 'in', '(String)', '~String to be used as root node. Note that this node will not appear in the attribute ~4selectedPath~4');
INSERT INTO tZWidgetAttributes VALUES ('zTree', 'selectedPath', 'out', '(String)', '~The selected path given as one string of the nodes separated by the ~4separator~4');
INSERT INTO tZWidgetAttributes VALUES ('zTree', 'selectedMultiPath', 'out', '(Eva table)', '~Table with a column ~3path~3 with the selected tree entries for single or multi-selection');
INSERT INTO tZWidgetAttributes VALUES ('zTree', 'selectedNodes', 'out', '(Eva array)', 'Array used internally for multiselection');
INSERT INTO tZWidgetAttributes VALUES ('zTree', 'expandedNodes', 'out', '(Eva array)', 'List of nodes that are expanded');
INSERT INTO tZWidgetAttributes VALUES ('zTree', 'droppedFiles', 'out', '(Eva table)', 'Eva table (pathFile,fileName,extension,fullPath,date,size) containing all dropped files. Note that this attribute has to exist in order to enable drag & dropping files into this Component.');
INSERT INTO tZWidgetAttributes VALUES ('zTree', 'droppedDirs', 'out', '(Eva table)', 'Eva table (pathFile,fileName,extension,fullPath,date,size) containing all dropped directories. Note that this attribute has to exist in order to enable drag & dropping files into this Component.');INSERT INTO tZWidgetMessages VALUES ('zTree', 'data!', 'in', 'update data');
INSERT INTO tZWidgetMessages VALUES ('zTree', 'control!', 'in', 'update control');
INSERT INTO tZWidgetMessages VALUES ('zTree', '', 'out', 'a leaf node has been selected (e.g. clicked)');
INSERT INTO tZWidgetMessages VALUES ('zTree', '2', 'out', 'a leaf node has been double clicked');
INSERT INTO tZWidgetMessages VALUES ('zTree', 'parent', 'out', 'a parent node has been selected (e.g. clicked)');
INSERT INTO tZWidgetMessages VALUES ('zTree', 'droppedFiles', 'out', '~If files drag & drop is enabled this message indicates that the user has dropped files (see attribute ~4droppedFiles~4)');
INSERT INTO tZWidgetMessages VALUES ('zTree', 'droppedDirs', 'out', '~If directories drag & drop is enabled this message indicates that the user has dropped directories (see attribute ~4droppedDirs~4)');
/* START PROCESSING ..\..\pc\src\listix\cmds\cmdLua.java */

INSERT INTO tGastItemDoc VALUES ('LUA', 'listix_command', 'system_run', 'listix.cmds.cmdLua', '3', 'To call Lua with a script', '~~6  Calls Lua EXPERIMENTAL for Windows platform~6~6    LUA, Lua expresion~6');
INSERT INTO tGastExamples VALUES ('LUA', 'calling Lua1', '~#javaj#~6~6   <frames> oConsola~6~6#listix#~6~6   <main>~6      LUA, //print ~3Hola Luarca!~3');
INSERT INTO tGastExamples VALUES ('LUA', 'calling Lua2', '~#javaj#~6~6   <frames> main, Luarca~6~6   <layout of main>~6      EVA, 10, 10, 4, 4~6~6         , X~6       X , xLuarca~6         , bRun~6       X , oConso~6~6   <sysDefaultFonts>~6      Consolas, 13, 0, TextArea~6~6#data#~6~6   <xLuarca>~6      //function factorial(n)~6      //   if n == 0 then~6      //      return 1~6      //   else~6      //      return n * factorial(n - 1)~6      //   end~6      //end~6      //~6      // print ~3Calculation of 5!~3~6      // print (factorial(5))~6      //~6~6#listix#~6~6   <-- bRun>~6      MSG, oConso clear~6      LUA, @<xLuarca>');INSERT INTO tLsxCmdAliases VALUES ('LUA', 'LUA');
INSERT INTO tLsxCmdAliases VALUES ('LUA', 'GASTLUA');INSERT INTO tlsxCmdSyntaxHead VALUES ('LUA', '1', '2', 'Makes a call to Lua binary with the given script, the output will be written in the current listix target');INSERT INTO tlsxCmdSyntaxParams VALUES ('LUA', '1', '0', '[Lua expresion]', '', 'Lua expresion');INSERT INTO tlsxCmdSyntaxOpts VALUES ('LUA', '1', 'BODY', 'luaCode', '', 'Lua code');
INSERT INTO tlsxCmdSyntaxOpts VALUES ('LUA', '1', 'FILE INPUT', 'filename', '', 'File to be used for input');
INSERT INTO tlsxCmdSyntaxOpts VALUES ('LUA', '1', 'FILE OUTPUT', 'filename', '', 'File to be used for output');
/* START PROCESSING ..\..\pc\src\listix\cmds\cmdPerl.java */

INSERT INTO tGastItemDoc VALUES ('PERL', 'listix_command', 'system_run', 'listix.cmds.cmdPerl', '3', 'To call Perl with a script', '~~6  Calls perl EXPERIMENTAL for Windows platform~6~6    PERL, Perl expresion~6~6');
INSERT INTO tGastExamples VALUES ('PERL', 'calling perl1', '~#javaj#~6~6   <frames> oConsola~6~6#listix#~6~6   <main>~6      PERL, //print ~3Hola perl!~3');
INSERT INTO tGastExamples VALUES ('PERL', 'calling perl2', '~#javaj#~6~6   <frames> main, Perl~6~6   <layout of main>~6      EVA, 10, 10, 4, 4~6~6         , X~6       X , xPerla~6         , bRun~6       X , oConso~6~6   <sysDefaultFonts>~6      Consolas, 13, 0, TextArea~6~6#data#~6~6   <xPerla>~6     //#!/usr/bin/perl~6     //~6     //print ~3gastona guys:\n~3;~6     //~6     //@guys = (~3javaj~3);~6     //~6     //print ~3@guys\n~3;~6     //~6     //push (@guys, ~3lsx+sqlite~3);~6     //~6     //print ~3@guys\n~3;~6     //~6     //unshift(@guys, ~3gastona~3);~6     //pop (@guys);~6     //push (@guys, ~3listix~3);~6     //push (@guys, ~3sqlite~3);~6     //~6     //print ~3@guys\n~3;~6     //~6     //push (@guys, ~3ruby~3);~6     //print ~3@guys\n~3;~6     //~6     //push (@guys, ~3lua~3);~6     //print ~3@guys\n~3;~6     //~6     //push (@guys, ~3perl~3);~6     //print ~3@guys\n~3;~6     //~6~6#listix#~6~6   <-- bRun>~6      MSG, oConso clear~6      PERL, @<xPerla>');INSERT INTO tLsxCmdAliases VALUES ('PERL', 'PERL');
INSERT INTO tLsxCmdAliases VALUES ('PERL', 'PERLA');
INSERT INTO tLsxCmdAliases VALUES ('PERL', 'GASTPERL');INSERT INTO tlsxCmdSyntaxHead VALUES ('PERL', '1', '2', 'Makes a call to perl binary with the given script, the output will be written in the current listix target');INSERT INTO tlsxCmdSyntaxParams VALUES ('PERL', '1', '0', '[Perl expresion]', '', 'Perl expresion');INSERT INTO tlsxCmdSyntaxOpts VALUES ('PERL', '1', 'BODY', 'perlCode', '', 'Perl code');
INSERT INTO tlsxCmdSyntaxOpts VALUES ('PERL', '1', 'FILE INPUT', 'filename', '', 'File to be used for input');
INSERT INTO tlsxCmdSyntaxOpts VALUES ('PERL', '1', 'FILE OUTPUT', 'filename', '', 'File to be used for output');
INSERT INTO tlsxCmdSyntaxOpts VALUES ('PERL', '1', 'FILE ERROR', 'filename', '', 'File to be used for error output');
/* START PROCESSING ..\..\pc\src\listix\cmds\cmdPython.java */

INSERT INTO tGastItemDoc VALUES ('PYTHON', 'listix_command', 'system_run', 'listix.cmds.cmdPython', '3', 'To call python with a script', '~~6  Calls python EXPERIMENTAL for Windows platform~6~6    PYTHON, python expresion~6');
INSERT INTO tGastExamples VALUES ('PYTHON', 'calling python1', '~#javaj#~6~6   <frames> oConsola~6~6#listix#~6~6   <main>~6      PYTHON, //print (~3Hola Python!~3)');
INSERT INTO tGastExamples VALUES ('PYTHON', 'calling python2', '~#javaj#~6~6   <frames> main, Monty~6~6   <layout of main>~6      EVA, 10, 10, 4, 4~6~6         , X~6       X , xMonty~6         , bRun~6       X , oConso~6~6   <sysDefaultFonts>~6      Consolas, 13, 0, TextArea~6~6#data#~6~6   <xMonty>~6      //def quickSort(arr):~6      //     less = []~6      //     pivotList = []~6      //     more = []~6      //     if len(arr) <= 1:~6      //         return arr~6      //     else:~6      //         pivot = arr[0]~6      //         for i in arr:~6      //             if i < pivot:~6      //                 less.append(i)~6      //             elif i > pivot:~6      //                 more.append(i)~6      //             else:~6      //                 pivotList.append(i)~6      //         less = quickSort(less)~6      //         more = quickSort(more)~6      //         return less + pivotList + more~6      //~6      //a = [4, 65, 2, -31, 0, 99, 83, 782, 1]~6      //a = quickSort(a)~6      //~6      //print (a)~6      //~6~6#listix#~6~6   <-- bRun>~6      MSG, oConso clear~6      PYTHON, @<xMonty>');INSERT INTO tLsxCmdAliases VALUES ('PYTHON', 'MONTY');INSERT INTO tlsxCmdSyntaxHead VALUES ('PYTHON', '1', '2', 'Makes a call to python binary with the given script, the output will be written in the current listix target');INSERT INTO tlsxCmdSyntaxParams VALUES ('PYTHON', '1', '0', '[python expresion]', '', 'Python expresion');INSERT INTO tlsxCmdSyntaxOpts VALUES ('PYTHON', '1', 'BODY', 'pythonCode', '', 'Python code');
INSERT INTO tlsxCmdSyntaxOpts VALUES ('PYTHON', '1', 'FILE INPUT', 'filename', '', 'File to be used for input');
INSERT INTO tlsxCmdSyntaxOpts VALUES ('PYTHON', '1', 'FILE OUTPUT', 'filename', '', 'File to be used for output');
/* START PROCESSING ..\..\pc\src\listix\cmds\cmdReplaceBmp.java */

INSERT INTO tGastItemDoc VALUES ('REPBMP', 'listix_command', 'data_graph', 'listix.cmds.cmdReplaceBmp', '3', 'Replaces a bmp with a png', '~~6  Replaces a bmp with a png, optionally keeps the original bmp~6~6');
INSERT INTO tLsxCmdAliases VALUES ('REPBMP', 'REPBMP');
INSERT INTO tLsxCmdAliases VALUES ('REPBMP', 'KILLBMP');INSERT INTO tlsxCmdSyntaxHead VALUES ('REPBMP', '1', '2', 'Replaces a bmp with a png, optionally keeps the original bmp');INSERT INTO tlsxCmdSyntaxParams VALUES ('REPBMP', '1', '0', 'REPBMP', '', '');
INSERT INTO tlsxCmdSyntaxParams VALUES ('REPBMP', '1', '1', 'fileName', '', 'Bitmap file name');INSERT INTO tlsxCmdSyntaxOpts VALUES ('REPBMP', '1', 'KEEP BMP', '0/1', '0', 'Set to 1 if want to keep the origial bmp');
/* START PROCESSING ..\..\pc\src\listix\cmds\cmdRuby.java */

INSERT INTO tGastItemDoc VALUES ('RUBY', 'listix_command', 'system_run', 'listix.cmds.cmdRuby', '3', 'To call ruby with a script', '~~6  Calls ruby EXPERIMENTAL for Windows platform~6~6    RUBY, ruby expresion~6~6    RUBY, FILES, fileIn, fileOut, fileErrors~6');
INSERT INTO tGastExamples VALUES ('RUBY', 'calling ruby1', '~#javaj#~6~6   <frames> oConsola~6~6#listix#~6~6   <main>~6      RUBY, //puts ~3Hola Rubyales!~3');
INSERT INTO tGastExamples VALUES ('RUBY', 'calling ruby2', '~#javaj#~6~6   <frames> main, Rubio~6~6   <layout of main>~6      EVA, 10, 10, 4, 4~6~6         , X~6       X , xRubio~6         , bRun~6       X , oConso~6~6   <sysDefaultFonts>~6      Consolas, 13, 0, TextArea~6~6#data#~6~6   <xRubio>~6      // class Jello~6      //   def initialize(name = ~3Mundos~3)~6      //     @name = name~6      //   end~6      //   def diHola~6      //     puts ~3Hola, #{@name}!~3~6      //   end~6      //   def diAdios~6      //     puts ~3Adios, #{@name}, hasta pronto!~3~6      //   end~6      // end~6      //~6      // g = Jello.new(~3Romuaseldo~3)~6      // g.diHola~6      // g.diAdios~6      //~6      // puts Jello.instance_methods~6      //~6~6#listix#~6~6   <-- bRun>~6      MSG, oConso clear~6      RUBY, @<xRubio>');INSERT INTO tLsxCmdAliases VALUES ('RUBY', 'RUBY');
INSERT INTO tLsxCmdAliases VALUES ('RUBY', 'GARUBY');INSERT INTO tlsxCmdSyntaxHead VALUES ('RUBY', '1', '2', 'Makes a call to ruby binary with the given script, the output will be written in the current listix target');INSERT INTO tlsxCmdSyntaxParams VALUES ('RUBY', '1', '0', '[ruby expresion]', '', 'Ruby expresion');INSERT INTO tlsxCmdSyntaxOpts VALUES ('RUBY', '1', 'BODY', 'rubyCode', '', 'Ruby code');
INSERT INTO tlsxCmdSyntaxOpts VALUES ('RUBY', '1', 'FILE INPUT', 'filename', '', 'File to be used for input');
INSERT INTO tlsxCmdSyntaxOpts VALUES ('RUBY', '1', 'FILE OUTPUT', 'filename', '', 'File to be used for output');
INSERT INTO tlsxCmdSyntaxOpts VALUES ('RUBY', '1', 'FILE ERROR', 'filename', '', 'File to be used for error output');
/* START PROCESSING ..\..\base\src\org\gastona\cmds\CmdJavaj.java */

INSERT INTO tGastItemDoc VALUES ('JAVAJ', 'listix_command', 'lang_comm', 'gastona.cmds.CmdJavaj', '3', 'Communication to javaj module', '~~6 (*** Not implemented yet in gastona-Android ***)~6 Sends command to javaj. At present only one command possible : MASK LAYOUT~6~6 This command allows to change dynamically the layout of a frame or a part of it. Although is~6 not very usual changing the layout of a frame there are some well known examples of that: the~6 called application perspectives (i.e. eclipse framework) and the wizards where usually only~6 few buttons are fixed (e.g. previous, next) and the rest changes accordling to the navigation~6 within the wizard. Also it is very helpful to build atractive GUI applications.~6~6 The command has just two arguments: the masked layout and the layout that masks. When masking~6 a layout this is replaced with the one that masks it, therefore it disapears. To restore the old~6 layout it is enough to mask again the original giving an empty string. Masking is not limited~6 just to layouts but also single widgets can be masked and mask other widgets or layouts.~6');
INSERT INTO tGastExamples VALUES ('JAVAJ', 'javaj masking', '~#javaj#~6~6   <frames> Fmain , Javaj MASK sample~6~6   <layout of Fmain>~6       EVA, 10, 10, 6, 6~6       ---,        ,  X~6          , bMask1 ,  lay1~6          , bMask2 ,  +~6          , bHide  ,  +~6        X ,        ,  +~6~6   <layout of lay1>~6       EVA, 0, 0, 6, 6~6       ---,    ,    , X~6          , bB1, bB2~6        X , xText, -, -~6~6   <layout of lay2>~6       EVA, 0, 0, 6, 6~6       ---,   X   ,~6        X , xText ,~6          ,   +   , bB1~6          , eField, bB2~6~6   <layout of others>~6       PANEL, X~6       bCover~6~6#data#~6~6   <xText>~6       //Some text~6       //here.~6~6   <eField>  //some search text~6   <bCover>  //Where is my text?~6~6#listix#~6~6   <-- bMask1>  JAVAJ, MASK, lay1,~6   <-- bMask2>  JAVAJ, MASK, lay1, lay2~6   <-- bHide>   JAVAJ, MASK, xText, bCover~6   <-- bCover>  JAVAJ, MASK, xText');
INSERT INTO tGastExamples VALUES ('JAVAJ', 'javaj masking II', '~~6   In this sample three features of EvaLayoutManager are shown:~6~6   1) Layout composition~6      Layout ~3main~3 contain 4 buttons plus a reference to another layout (~3form1~3)~6      So the layout ~3from1~3 will be placed inside the layout ~3main~3. Composition can be~6      deeper, for instance layout ~3form1~3 could contain a reference to another layout and so on.~6~6   2) Switching the whole layout.~6      We change the layout of the entire window between layout ~3main~3 and ~3second~3~6      when pressing ~3bSwitchMain~3 and viceversa when ~3bSwitchBack~3 is pressed~6~6   3) Masking a component~6      We can change selectively a part of a layout by means of the masking mechanism~6      Specifically in layout ~3main~3~6~6       bMask1 masks ~3form1~3 with ~3form2~3 ==> when it is time to show ~3form1~3 form2 will be shown instead~6       bMask2 masks ~3form1~3 with ~3xMemo~3 ==> when it is time to show ~3form1~3 xMemo will be shown instead~6       bUnmask unmasks ~3form1~3~6~6~6#gastona#~6~6   <!PAINT LAYOUT>~6~6#javaj#~6~6   <layout of main>~6      EVALAYOUT, 7, 7, 3, 3~6~6         ,            ,    X~6         , bSwitchMain, form1~6         , bMask1     ,   +~6         , bMask2     ,   +~6         , bUnmask    ,   +~6        X,            ,   +~6~6   <layout of second>~6      EVALAYOUT, 7, 7, 3, 3~6~6      ZZZ,            ,    X     ,~6         , lLabel1    , eEdit1   , -~6         , lLabel2    , xMemo    , lLabel3~6         , lLabel4    ,    +     , iLista~6         , bSwitchBack,    +     , +~6         ,            ,    +     , +~6       X ,            ,    +     , +~6         , cCombo     ,    -     , +~6~6   <layout of form1>~6      EVALAYOUT, 7, 7, 3, 3~6~6         ,           ,    X     ,~6         , lLabel1   , eEdit1   , -~6         , lLabel2   , eEdit2   , lLabel3~6       X , xMemo     , -        , -~6~6   <layout of form2>~6      EVALAYOUT, 7, 7, 3, 3~6~6         ,           ,    X~6         , lLabel4   , cCombo~6       X ,           , iLista~6~6#listix#~6~6   <-- bSwitchMain>   JAVAJ, MASK, main, second~6   <-- bSwitchBack>   JAVAJ, MASK, main~6   <-- bMask1>        JAVAJ, MASK, form1, form2~6   <-- bMask2>        JAVAJ, MASK, form1, xMemo~6   <-- bUnmask>       JAVAJ, MASK, form1');
INSERT INTO tGastExamples VALUES ('JAVAJ', 'javaj mask perspectives', '~#javaj#~6~6   <frames>~6      Fmain , The main frame, 700, 400~6~6  <layout of Fmain>~6     EVA, 7, 7, 4, 4~6~6   ---,         ,  X~6      , menu    ,  -~6    X , theTree , theLayout~6~6  <layout of menu>~6       MENU~6       Frame, Exit , menuExit~6       Layout, Input  , switch to input layout~6             , Search , switch to search layout~6             , Default, switch to default layout~6~6  <layout of theLayout>~6       EVA~6       ---, X~6        X , tTable~6~6  <layout of theTree>~6       EVA~6       ---, X~6        X , aTree~6~6  <layout of layInputTable>~6       EVA, 4, 4, 2, 2~6~6       ---,  X      ,~6          , tTable  , bNew~6          ,  +      , bEdit~6          ,  +      , bDelete~6        X ,  +      ,~6          , lNotes  ,~6        X , xNotes  ,~6~6  <layout of laySearchTable>~6       EVA, 4, 4, 2, 2~6~6       ---, X~6        X , sTable,~6~6  <layout of laySearchTree>~6       EVA, 5, 5, 5, 5~6~6       ---,~6          , eFilter~6        X , aTree~6          , radios~6~6   <layout of radios>~6       RADIO, Y~6~6       rAll, rMost important, rRest~6~6#data#~6~6   <tTable>~6     id, name  , more~6     19, javaj , The one who place and arrange widgets~6     20, listix, The one who makes things work~6~6    <aTree>~6       node~6       some/more/one~6       some/more/two~6       any/way/three~6~6#listix#~6~6   <-- menuExit>   MESSAGE, javaj doExit~6~6   <-- switch to input layout>~6      JAVAJ, MASK, theLayout, layInputTable~6      JAVAJ, MASK, theTree~6~6   <-- switch to search layout>~6      JAVAJ, MASK, theLayout, laySearchTable~6      JAVAJ, MASK, theTree  , laySearchTree~6~6   <-- switch to default layout>~6       JAVAJ, MASK, theLayout~6       JAVAJ, MASK, theTree');INSERT INTO tlsxCmdSyntaxHead VALUES ('JAVAJ', '2', '3', 'replace components in layout');INSERT INTO tlsxCmdSyntaxParams VALUES ('JAVAJ', '1', '0', 'MASK LAYOUT', '', '');
INSERT INTO tlsxCmdSyntaxParams VALUES ('JAVAJ', '1', '1', 'layoutToMask', '', 'Layout or widget to mask');
INSERT INTO tlsxCmdSyntaxParams VALUES ('JAVAJ', '1', '2', 'masklayout', '(unmask)', 'Layout or widget that masks, if nothing given then the mask is removed and the original layout or widget will be shown');
/* START PROCESSING ..\..\pc\src\javaj\widgets\kits\fabrikMenuBar.java */

INSERT INTO tGastItemDoc VALUES ('MENU', 'javaj_layout', 'special containers', 'javaj.widgets.kits.fabrikMenuBar', '7', 'Creates a menu', '~~6  Menu bar for the container frame~6~6  Syntax:~6~6    <layout of NAME>~6       MENU~6~6       root, submenu, ..., messagToSend~6       ...., ...    , ..., ...~6~6  The first row is ~3MENU~3. Next rows specify, each one, an end menu point.~6  First the whole menu path is, comma separated, specified and at the last column~6  the message to be send on selection of the menu point.~6  If part of the path is left in blank it is supposed to be the same~6  as the previous menu point.~6~6  For example:~6~6      File, Open   , menuOpen~6          , Close  , menuClose~6~6 will create a menu ~3File~3 with two end menues ~3Open~3 and ~3Close~3, and when~6 ~3Open~3 is chosen the message ~3menuOpen~3 is sent.');
INSERT INTO tGastExamples VALUES ('MENU', 'menu layout example', '~#javaj#~6~6   <frames>~6      F, ~3example layout MENU~3~6~6   <layout of F>~6      EVA, 0, 0, 6, 6~6~6        , X~6        , myMenu~6      X , xText~6~6   <layout of myMenu>~6      MENU,~6~6      File, Open   , menuOpen~6          , Close  , menuClose~6      View, Typical, menuTypicalView~6          , Second , menuSecondView~6          , Other  , Big    , menuBigView~6          ,        , Medium , menuMediumView~6          ,        , Small  , menuSmallView~6~6#listix#~6~6    <-- menuOpen>  BOX, I, //Open this message, ok?~6    <-- menuClose> MSG, javaj doExit~6');
/* START PROCESSING ..\..\pc\src\javaj\widgets\kits\fabrikToolBar.java */

INSERT INTO tGastItemDoc VALUES ('TOOLBAR', 'javaj_layout', 'special containers', 'javaj.widgets.kits.fabrikToolBar', '4', 'Creates a tool bar', '~~6  Create a tool bar of buttons, optionally with tool tip and image~6~6  Syntax:~6~6    <layout of NAME>~6       TOOLBAR, 0 ~2 1~6~6       message1 , tip text 1, image~6       ...      , ...       , ...~6~6  The first row starts with ~3TOOLBAR~3, then if the toolbar should be flotable (1)~6  or fix (0). From the second to the last row all tool bar buttons are specified with~6  the message to send, tool tip text and an image.~6');
INSERT INTO tGastExamples VALUES ('TOOLBAR', 'toolbar layout example', '~#javaj#~6~6   <frames>~6      F, ~3example layout TOOLBAR~3~6~6~6   <layout of F>~6      EVA, 10, 10, 6, 6~6~6        ,  X~6        , tula~6      X , xText~6~6   <layout of tula>~6      TOOLBAR, 0~6~6      wantABook    , Find a book  ,  javaj/img/book.png~6      wantAFloppy  , Find a floppy,  javaj/img/floppy.png~6      wantToWrite  , Take notes   ,  javaj/img/write.png~6~6#listix#~6~6  <-- wantAFloppy> BOX, W, //You want ... a floppy?');
/* START PROCESSING ..\..\pc\src\javaj\widgets\panels\xJTabbedPane.java */

INSERT INTO tGastItemDoc VALUES ('TABBED', 'javaj_layout', 'special containers', 'javaj.widgets.panels.xJTabbedPane', '7', 'Tabbed pane layout', '~~6  Creates a tabbed pane with as much tabs as components specified~6~6  Syntax:~6~6    <layout of NAME>~6       TABBED~6~6       Tab label 1, component1~6       Tab label 2, component2~6       ...        , ...~6~6  The first row is ~3TABBED~3. The second and next rows until the end specify for each component~6  the label and the component itself.');
INSERT INTO tGastExamples VALUES ('TABBED', 'tabbed layout example', '~#javaj#~6~6   <frames>~6      F, ~3example layout TABBED~3~6~6   <layout of F>~6~6      TABBED~6~6      A text  , xText~6      A table , tTable~6      Other   , combi~6~6   <layout of combi>~6       EVA, 5, 5, 4, 4~6~6       ,       , X~6       , lLabel, eEditF, bButton~6     X , xText2, -     , -');
/* START PROCESSING ..\..\pc\src\javaj\widgets\panels\xyPanel.java */

INSERT INTO tGastItemDoc VALUES ('PANEL', 'javaj_layout', '', 'javaj.widgets.panels.xyPanel', '4', 'Simple horizontal or vertical panel', '~~6  Simple horizontal or vertical layout.~6~6  Syntax:~6~6    <layout of NAME>~6       PANEL, X ~2 Y, Title~6~6       component, component, ...~6~6  The first row starts with ~3PANEL~3, then the orientation~6  which can be X or H for horizontal and Y or V for vertical and the third~6  column, if given, creates a border with a title.~6~6  The second and last row is to specified all components to be laied out.');
INSERT INTO tGastExamples VALUES ('PANEL', 'panel layout example', '~#javaj#~6~6   <frames>~6      F, ~3example layout PANEL~3~6~6   <layout of F>~6~6      PANEL, X~6~6      bBoton1, bBoton2, eText~6');
INSERT INTO tGastExamples VALUES ('PANEL', 'panel layout example2', '~#javaj#~6~6   <frames>~6      F, ~3example layout PANEL 2~3~6~6   <layout of F>~6      PANEL, X~6~6      vertical1, vertical2~6~6   <layout of vertical1>~6      PANEL, Y, List and table~6~6      iList, tTable~6~6   <layout of vertical2>~6      PANEL, Y, Text and button~6~6      xText, bBoton~6');
/* START PROCESSING ..\..\pc\src\javaj\widgets\panels\xyRadio.java */

INSERT INTO tGastItemDoc VALUES ('RADIO', 'javaj_layout', 'special containers', 'javaj.widgets.panels.xyRadio', '8', 'Panel for grouping radio buttons', '~~6 NOTE: the new widget zRadioButtonTable is a better approach to handle radio buttons~6~6  This panel is a special panel to group radio buttons (see zWidget zJRadio)~6~6  Syntax:~6~6    <layout of NAME>~6       RADIO, X ~2 Y, Title~6~6       radioButton1, radioButton2, ...~6~6  The first row starts with ~3RADIO~3, then the orientation~6  which can be X or H for horizontal and Y or V for vertical and the third~6  column, if given, creates a border with a title.~6~6  The second and last row is to specified all radio buttons that form the group.~6~6  Usually layouts does not send messages, RADIO layout send a message (message = name of the~6  layout) on every click on a radio button contained on it a message. Note that the radio~6  button send an own message as well, depending on your application you can choose the most~6  convenient message to react to on a selection.~6');
INSERT INTO tGastExamples VALUES ('RADIO', 'radio layout example', '~#javaj#~6~6   <frames>~6      F, ~3example layout RADIO~3~6~6   <layout of F>~6~6      RADIO, Y, Options~6~6      rOption1, rAnotherOption, rNone~6');
INSERT INTO tGastExamples VALUES ('RADIO', 'radio layout example2', '~#javaj#~6~6   <frames>~6      F, ~3example layout RADIO 2~3~6~6   <layout of F>~6     PANEL, Y~6~6     radioG, oConsole~6~6   <layout of radioG>~6      RADIO, X, Options~6~6      rPop, rRock, rClassic, rSmoothJazz, rMute~6~6#listix#~6~6   <-- radioG>~6       //The radio @<radioG selected> has been selected (Mute is @<rMute selected>)~6       //~6~6   <-- rRock>~6       //Now is Rock selected~6       //~6');
/* START PROCESSING ..\..\pc\src\javaj\widgets\panels\xySplit.java */

INSERT INTO tGastItemDoc VALUES ('SPLIT', 'javaj_layout', '', 'javaj.widgets.panels.xySplit', '3', 'Horizontal or vertical split', '~~6  Horizontal or vertical Split pane (for details about split pane see java JSplitPane)~6~6  Syntax:~6~6    <layout of NAME>~6       SPLIT, X ~2 Y~6~6       component1, component2~6~6  The first row starts with ~3SPLIT~3, then the orientation~6  which can be X or H for horizontal and Y or V for vertical.~6~6  The second row is to specify the two components to split.');
INSERT INTO tGastExamples VALUES ('SPLIT', 'split layout example', '~#javaj#~6~6   <frames>~6      F, ~3example layout SPLIT~3~6~6   <layout of F>~6~6      SPLIT, X~6~6      oConsole, xText~6');
INSERT INTO tGastExamples VALUES ('SPLIT', 'split layout example2', '~#javaj#~6~6   <frames>~6      F, ~3example layout SPLIT 2~3~6~6   <layout of F>~6~6      SPLIT, X~6~6      xText, rightPanel~6~6   <layout of rightPanel>~6~6      SPLIT, Y~6~6      tTable, oConsole~6');
/* START PROCESSING ..\..\pc\src\javaj\widgets\panels\zFrame.java */

INSERT INTO tGastItemDoc VALUES ('zFrame', 'javaj_widget', 'containers', 'javaj.widgets.panels.zFrame', '10', 'A java frame, that is an application window or dialog.', '~~6 Represents a window for the application or for a dialog. It is a special widget since it~6 is at the same time a widget and a layout. It only can be instanciated by javaj though the~6 javaj variable <frames>. Using the attributes of zFrame you can change the title, visibility,~6 position and size of the window.~6~6 It is not possible to have just a frame without any contents, not with Javaj. While this is~6 not a serious problem (I hope) it can be very useful. An application with just a frame is~6 interpreted by Javaj as it where a frame with just one widget and the frame~4s name is at~6 the same time the widget name. In the practice this name ambiguity actually cannot cause~6 any missbehaviour and it is very useful for building very easy frames. For example~6~6       <frames> oConsole, ~3Frame with just a console~3~6~6 It is at the same time a frame called ~3oConsole~3 that contains only one widget called also~6 ~3oConsole~3 which is a console (because it starts with ~3o~3).~6~6 This trick is used widely in the samples of this documentation.~6~6 Note: while testing be careful and do not set the main frame to invisible, if you cannot set~6 it again to visible (you don~4t have any GUI to do that) then the java application could only~6 be closed through a Task manager or a system kill command (if any).~6');
INSERT INTO tGastExamples VALUES ('zFrame', 'just a Frame example', '~#javaj#~6~6    <frames>~6       Fmain, A frame with no contents?~6~6    <layout of Fmain>~6       PANEL, X~6       lLabel~6~6#data#~6    <lLabel> ~3 ~3~6');
INSERT INTO tGastExamples VALUES ('zFrame', 'a simple Frame example', '~#javaj#~6~6    <frames>~6       Fmain, This is a test Frame~6~6    <layout of Fmain>~6       PANEL, X~6       lLabel, bResetPos~6~6#data#~6~6    <bResetPos> ~3Reset position and size~3~6~6#listix#~6~6    <-- bResetPos>~6       SET NUM, Fmain posX, 10~6       SET NUM, Fmain posY, 10~6       SET NUM, Fmain sizeX, 200~6       SET NUM, Fmain sizeY, 100~6       MSG, Fmain control!~6');
INSERT INTO tGastExamples VALUES ('zFrame', 'more Frames example', '~#javaj#~6~6   <frames>~6      Fmain , More frames example~6      frame2, A second frame~6~6   <layout of Fmain>~6      EVA, 10, 10, 4, 4~6~6         , A          , X~6         , bShowFrame2,~6         , bHideFrame2,~6         , bGetPosFrame2, lPosFrame2~6~6   <layout of frame2>~6      EVA, 10, 10, 4, 4~6~6         , A~6         , bCloseMe,~6~6#listix#~6~6   <-- bShowFrame2>   MESSAGE, frame2 show~6   <-- bHideFrame2>   MESSAGE, frame2 hide~6   <-- bCloseMe>      MESSAGE, frame2 hide~6~6   <-- bGetPosFrame2>~6       MSG, frame2 tellPosAndSize~6       -->, lPosFrame2 data!,, //top-left (@<frame2 posX>, @<frame2 posY>) size (@<frame2 sizeX>, @<frame2 sizeY>)~6~6');
INSERT INTO tGastExamples VALUES ('zFrame', 'my close frame example', '~#javaj#~6~6   <frames>~6       Fmain , My close frame example~6       frame2, A tu vera!~6~6   <layout of Fmain>~6         EVA, 10, 10, 4, 4~6~6         , A          , X~6         , bShowFrame2,~6         , bHideFrame2,~6~6   <layout of frame2>~6         EVA, 10, 10, 4, 4~6~6         , A~6         , bCloseMe,~6~6#listix#~6~6   <-- bShowFrame2>~6       MSG, Fmain tellPosAndSize~6       SET NUM, frame2 posX, @<Fmain posX> + @<Fmain sizeX>~6       SET NUM, frame2 posY, @<Fmain posY>~6       SET NUM, frame2 sizeY, @<Fmain sizeY>~6       MESSAGE, frame2 control!~6       MESSAGE, frame2 show~6~6   <-- bHideFrame2>   MESSAGE, frame2 hide~6   <-- bCloseMe>      MESSAGE, frame2 hide');INSERT INTO tZWidgetAttributes VALUES ('zFrame', 'title', 'in', 'text', 'Title of the frame');
INSERT INTO tZWidgetAttributes VALUES ('zFrame', 'visible', 'in', '0 / 1', 'Value 0 to make the frame not visible');
INSERT INTO tZWidgetAttributes VALUES ('zFrame', 'enabled', 'in', '0 / 1', 'Value 0 to disable the Frame');
INSERT INTO tZWidgetAttributes VALUES ('zFrame', 'posX', 'inout', 'number', 'Position x of the frame (top-left corner)');
INSERT INTO tZWidgetAttributes VALUES ('zFrame', 'posY', 'inout', 'number', 'Position y of the frame (top-left corner)');
INSERT INTO tZWidgetAttributes VALUES ('zFrame', 'sizeX', 'inout', 'number', 'Width of the frame');
INSERT INTO tZWidgetAttributes VALUES ('zFrame', 'sizeY', 'inout', 'number', 'Height of the frame');INSERT INTO tZWidgetMessages VALUES ('zFrame', 'data!', 'in', 'update data');
INSERT INTO tZWidgetMessages VALUES ('zFrame', 'control!', 'in', 'update control');
INSERT INTO tZWidgetMessages VALUES ('zFrame', 'show', 'in', 'Shows the frame');
INSERT INTO tZWidgetMessages VALUES ('zFrame', 'hide', 'in', 'Hides the frame');
INSERT INTO tZWidgetMessages VALUES ('zFrame', 'toggleVisible', 'in', 'Toggles visibility (show or hide)');
/* START PROCESSING ..\..\pc\src\org\gastona\cmds\CmdLaunchGastona.java */

INSERT INTO tGastItemDoc VALUES ('GASTONA', 'listix_command', 'system_run', 'org.gastona.cmds.CmdLaunchGastona', '3', 'To call gastona with a script', '~~6  Launches a gastona script whithout waiting for its finalization (see also command LAUNCH).~6');
INSERT INTO tGastExamples VALUES ('GASTONA', 'launching xmelon', '~#javaj#~6~6   <frames> F, ~3launching xmelon~3~6~6   <layout of F>~6~6      EVA, 6, 6, 4, 4~6~6         ,~6         , lGastona scripts~6       X , iScripts~6         , lDesc~6         , bLaunch~6~6#data#~6~6    <iScripts visibleColumns> name~6~6    <iScripts>~6       name , desc, path~6       arces,  ~3sqlite3 db (+ deepdb) viewer~3, META-GASTONA/utilApp/arces/arces.gast~6       xmelon, ~3xml to db util~3, META-GASTONA/utilApp/xmelon/xmelon.gast~6       dirMe, ~3search files~3, META-GASTONA/utilApp/dirMe/dirMe.gast~6       editor, ~3simple text editor~3, META-GASTONA/utilApp/editor/EmergencyEditor.gast~6       dirComp, ~3compare directories~3, META-GASTONA/utilApp/files/compareDirs.gast~6~6#listix#~6~6   <-- iScripts>     -->, lDesc data!,, @<iScripts selected.desc>~6   <-- iScripts 2>  LSX, LANZA~6   <-- bLaunch>     LSX, LANZA~6   <LANZA>~6       CHECK, VAR, iScripts selected.path~6       GAST, @<iScripts selected.path>~6');INSERT INTO tLsxCmdAliases VALUES ('GASTONA', 'GASTONA');
INSERT INTO tLsxCmdAliases VALUES ('GASTONA', 'GAST');
INSERT INTO tLsxCmdAliases VALUES ('GASTONA', 'LAUNCH GASTONA');INSERT INTO tlsxCmdSyntaxHead VALUES ('GASTONA', '1', '3', 'Launches gastona (execute and do not wait)');INSERT INTO tlsxCmdSyntaxParams VALUES ('GASTONA', '1', '0', 'script', '', 'script gastona to be called');
INSERT INTO tlsxCmdSyntaxParams VALUES ('GASTONA', '1', '1', 'parameter', ' ', 'first parameter of the program');
INSERT INTO tlsxCmdSyntaxParams VALUES ('GASTONA', '1', '2', '...', ' ', 'further parameters');INSERT INTO tlsxCmdSyntaxOpts VALUES ('GASTONA', '1', 'ON BATCH', '1 / 0', '0', 'If true (1) executes the command using a batch file (or script in linux). Note in Windows it might be necessary in some special cases due to a bug in the java function Runtime.getRuntime().exec (I guess)');
INSERT INTO tlsxCmdSyntaxOpts VALUES ('GASTONA', '1', 'VERBOSE', '0 / 1/ 2', '0', '~If 1 prints out the command at the beginning (~3GAST [script]~3)');
/* START PROCESSING ..\..\pc\src\org\gastona\cmds\CmdMsgBox.java */

INSERT INTO tGastItemDoc VALUES ('MSGBOX', 'listix_command', 'lang_comm', 'listix.cmds.CmdMsgBox', '3', 'Opens a message box', 'Opens a message box');
INSERT INTO tGastExamples VALUES ('MSGBOX', 'simple message', '~~6#listix#~6~6   <main>~6       BOX, (i), //This is an information message~6       BOX, (!), //This is a warning message~6       BOX, (x), //This is an error message~6');INSERT INTO tLsxCmdAliases VALUES ('MSGBOX', 'BOX');
INSERT INTO tLsxCmdAliases VALUES ('MSGBOX', 'MESSAGE BOX');INSERT INTO tlsxCmdSyntaxHead VALUES ('MSGBOX', '1', '2', 'Opens a messageBox and displays the given message of the given type');INSERT INTO tlsxCmdSyntaxParams VALUES ('MSGBOX', '1', '0', 'typeOrIcon', '', 'Type of message, either (x) for Error message, (!) for warning message, (i) for information message');
INSERT INTO tlsxCmdSyntaxParams VALUES ('MSGBOX', '1', '1', 'message', '', 'Message to show');
INSERT INTO tlsxCmdSyntaxParams VALUES ('MSGBOX', '1', '2', 'title', '', 'Title of the box');
/* START PROCESSING ..\..\pc\src\de\elxala\Eva\layout\EvaLayout.java */

INSERT INTO tGastItemDoc VALUES ('EVALAYOUT', 'javaj_layout', '', 'de.elxala.Eva.layout.EvaLayout', '10', 'A fexible grid layout', '~~6  Eva layout is the most powerful layout used by Javaj. The components are laid out in a grid~6  and it is possible to define very accurately which cells of the grid occupy each one, which~6  size has to have and if they are expandable or not.~6~6  Syntax:~6~6    <layout of NAME>~6       EVALAYOUT, marginX, marginY, gapX, gapY~6~6       --grid--   , header col1, ...  , header colN~6       header row1,  cell 1 1  , ...  , cell 1 N~6       ...        ,  ...       , ...  , ...~6       header rowM,  cell M 1  , ...  , cell M N~6~6  The first row starts with ~3EVALAYOUT~3 or simply ~3EVA~3, then optionally the following values~6  in pixels for the whole grid~6~6      marginX  : horizontal margins for both left and right sides~6      marginY  : vertical margins for both top and bottom areas~6      gapX     : horizontal space between columns~6      gapY     : vertical space between rows~6~6  The rest of rows defines a grid with arbitrary N columns and M rows, the minimum for both M~6  and N is 1. To define a grid M x N we will need M+1 rows and a maximum of N+1 columns, this~6  is because the header types given in rows and columns. These header values may be one of:~6~6       header~6       value    meaning~6      -------   --------~6         A      Adapt (default). The row or column will adapt its size to the bigest default~6                size of all components that start in this row or column.~6         X      Expand. The row or column is expandable, when the the frame is resized all~6                expandable row or columns will share the remaining space equally.~6      a number  A fix size in pixels for the row or column~6~6  Note that the very first header (~3--grid--~3) acctually does not correspond with a row or a~6  column of the grid and therefore it is ignored by EvaLayout.~6~6  Finally the cells are used to place and expand the components. If we want the component to~6  ocupy just one cell then we place it in that cell. If we want the component to ocupy more~6  cells then we place the component on the left-top cell of the rectangle of cells to be~6  ocupped, we fill the rest of top cells with ~3-~3 to the right and the rest of left cells with~6  the symbol ~3+~3 to the bottom, the rest of cells (neither top or left cells) might be left in~6  blank.~6~6   Example:~6~6         let~4s say we want to lay-out the following form~6~6         ----------------------------------------------~6         ~2   label1  ~2 field     ------->   ~2 button1 ~2~6         ----------------------------------------------~6         ~2   label2  ~2 text      ------->   ~2 button2 ~2~6         ------------~2   ~2                  ~2----------~6                     ~2   ~2                  ~2 button3 ~2~6                     ~2   V                  ~2----------~6                     ~2                      ~2~6                     ------------------------~6~6         representing this as grid of cells can be done at least in these two ways~6~6~6                 Adapt     Adapt   Expand  Adapt                   Adapt     Expand   Adapt~6               -------------------------------------             -----------------------------~6        Adapt  ~2 label1  ~2 field ~2   -   ~2 button1 ~2      Adapt  ~2 label1  ~2 field ~2 button1 ~2~6               ~2---------~2-------~2-------~2---------~2             ~2---------~2-------~2---------~2~6        Adapt  ~2 label2  ~2 text  ~2   -   ~2 button2 ~2      Adapt  ~2 label2  ~2 text  ~2 button2 ~2~6               ~2---------~2------ ~2-------~2---------~2             ~2---------~2------ ~2---------~2~6        Adapt  ~2         ~2   +   ~2       ~2 button3 ~2      Adapt  ~2         ~2   +   ~2 button3 ~2~6               ~2---------~2------ ~2-------~2---------~2             ~2---------~2------ ~2---------~2~6        Expand ~2         ~2   +   ~2       ~2         ~2      Expand ~2         ~2   +   ~2         ~2~6               -------------------------------------             -----------------------------~6~6         the implementation of the second one as Evalayout would be~6~6             <layout of myFirstLayout>~6~6                EVALAYOUT~6~6               grid,    A     ,    X    ,    A~6                  A, label1   , field   ,  button1~6                  A, label2   , text    ,  button2~6                  A,          ,   +     ,  button3~6                  X,          ,   +     ,~6~6    NOTE: While columns and rows of type expandable or fixed size might be empty of components,~6          this does not make sense for columns and rows of type adaptable (A), since in this~6          case there is nothing to adapt. These columns or rows has to be avoided because~6          might produce undefined results.~6');
INSERT INTO tGastExamples VALUES ('EVALAYOUT', 'eva layout example1', '~#gastona#~6~6   <!PAINT LAYOUT>~6~6#javaj#~6~6   <frames>~6      F, ~3example layout EVALAYOUT~3~6~6   <layout of F>~6~6      EVALAYOUT, 10, 10, 5, 5~6~6      grid,          ,    X    ,~6          , lLabel1  , eField1 ,  bButton1~6          , lLabel2  , xText1  ,  bButton2~6          ,          ,   +     ,  bButton3~6        X ,          ,   +     ,');
INSERT INTO tGastExamples VALUES ('EVALAYOUT', 'eva layout example2', '~#gastona#~6~6   <!PAINT LAYOUT>~6~6#javaj#~6~6   <frames>~6      F, ~3example 2 layout EVALAYOUT~3~6~6   <layout of F>~6~6      EVA, 10, 10, 5, 5~6~6      --- ,    75    ,    X    ,    A       ,~6          , bButton  , xMemo   ,    -       ,~6          , bBoton   ,   +     ,            ,~6          , bKnopf   ,   +     ,            ,~6        X ,          ,   +     ,            ,~6          , eCamp    ,   -     , bBot maco ,');
INSERT INTO tGastExamples VALUES ('EVALAYOUT', 'eva layout example3', '~#gastona#~6~6   <!PAINT LAYOUT>~6~6#javaj#~6~6   <frames>~6      F, ~3example 2 bis layout EVALAYOUT~3~6~6   <layout of F>~6      EVALAYOUT, 15, 15, 5, 5~6~6             ,          ,   X     ,~6           50, bBoton1  , -       , -~6             , bBoton4  , eField  , bBoton2~6           X ,  +       , xText   ,  +~6           50, bBoton3  ,     -   ,  +');
INSERT INTO tGastExamples VALUES ('EVALAYOUT', 'eva layout complet', '~#gastona#~6~6   <!PAINT LAYOUT>~6~6#javaj#~6~6   <frames>~6      F, ~3example complex layout~3~6~6   <layout of F>~6     EVALAYOUT, 15, 15, 5, 5~6~6      ---,     80    ,    X     , 110~6         , lLabel1   , eEdit1   , -~6         , lLabel2   , cCombo   , lLabel3~6         , lLabel4   , xMemo    , iLista~6         , bBoton1   ,    +     , +~6         , bBoton2   ,    +     , +~6       X ,           ,    +     , +~6         , layOwner  ,    -     , +~6         ,           ,          , bBoton4~6~6   <layout of layOwner>~6      PANEL, Y, Owner Info~6~6      LayFields~6~6   <layout of LayFields>~6     EVALAYOUT, 5, 5, 5, 5~6~6      ---,         ,    X~6         , lName   , eName~6         , lPhone  , ePhone~6');
INSERT INTO tGastExamples VALUES ('EVALAYOUT', 'eva layout centering', '~#gastona#~6~6   <PAINT LAYOUT>~6~6#javaj#~6~6    <frames>~6       Fmain, Centering with EvaLayout demo~6~6    <layout of Fmain>~6       EVA~6~6         , X,    A     , X~6       X ,~6       A ,  , bCentered~6       X ,');
INSERT INTO tGastExamples VALUES ('EVALAYOUT', 'eva layout percenting', '~#gastona#~6~6   <!PAINT LAYOUT>~6~6#javaj#~6~6    <frames>~6       Fmain, Percenting with EvaLayout demo, 300, 300~6~6    <layout of Fmain>~6       EVA, 10, 10, 7, 7~6~6         , X    , X   , X     , X~6       X , b11  , b13 , -     , -~6       X , b22  , -   , b23   , -~6       X ,  +   ,     , +     ,~6       X , b12  , -   , +     ,~6~6#data#~6~6    <b11> 25~8 x 25~8~6    <b13> 75~8 horizontally 25~8 vertically~6    <b22> fifty-fifty~6    <b12> 50~8 x 25~8 y~6    <b23> half and 3/4');
/* START PROCESSING ..\..\pc\src\de\elxala\Eva\layout\MosaicUtil.java */

INSERT INTO tGastItemDoc VALUES ('EVAMOSAIC', 'javaj_layout', '', 'de.elxala.Eva.layout.MosaicUtil', '3', 'Variant of Evalayout oriented to database forms', '~~6  This is a variant of the Evalayout, and a little bit experimental layout, to cover a very~6  common kind of forms typically used in database applications. Of course it can be used~6  directly but it is specially thought to be made through code generation.~6~6  Syntax:~6~6    <layout of NAME>~6       EVAMOSAIC(X), marginX, marginY, gapX, gapY~6~6       header row1,  cell 1 1, size , cell 1 2, size, ...~6       ...        ,  ...            , ...~6       header rowM,  cell M 1, size , ...~6~6  The grid differs from Evalayout that it has not header columns and the rows are specified,~6  after the header, always with pairs component name / size.~6~6  The different between EVAMOSAIC and EVAMOSAICX is that the second one expands horizontally~6  the contained components.');
INSERT INTO tGastExamples VALUES ('EVAMOSAIC', 'evaMosaic layout example', '~#gastona#~6~6   <!PAINT LAYOUT> 1~6~6#javaj#~6~6   <frames>~6      F, ~3example layout EVAMOSAIC(X)~3~6~6   <layout of F>~6~6     EVAMOSAICX, 10, 11, 4, 5~6~6     A, ID  , 100, DATE, 200, TYPE,100~6     A, NAME, 200, CITY, 200~6     X, NOTES, 400~6~6~6~7<layout of ID>~6~7~7PANEL, X, ID~6~7~7eID~6~6~7<layout of NAME>~6~7~7PANEL, X, Name~6~7~7eName~6~6~7<layout of CITY>~6~7~7PANEL, X, City~6~7~7eCity~6~6~7<layout of DATE>~6~7~7PANEL, X, Date~6~7~7eDate~6~6~7<layout of TYPE>~6~7~7PANEL, X, Type~6~7~7cType~6~6~7<layout of NOTES>~6~7~7PANEL, X, Notes~6~7~7xNotes');
/* START PROCESSING ..\..\pc\src\de\elxala\langutil\graph\sysFonts.java */

INSERT INTO tGastItemDoc VALUES ('sysDefaultFonts', 'javaj_ variables', 'look', 'de.elxala.langutil.graph.sysDefaultFonts', '4', 'Define default fonts for all or specific java GUI Swing components', '~~6  This variable permits setting default font, size and type for all, or individually for each,~6  java Swing components (GUI components). Since almost all javaj zWidgets are based on Swing~6  components, this default values will affect them as well. Note: This option use the java~6  class javax.swing.UIManager, for more information consult java documentation about UIManager~6  and Swing Components.~6~6  Syntax:~6~6    <sysDefaultFonts>~6       Font family,  size, style, Component, ...~6       ...~6~6    More rows might be used and each one defines~6~6       Font family: a name identifiying the Font (i.e. ~3Arial~3)~6       Size       : Size of the font (11 is a typical value)~6       Type       : one of 0 (Normal) 1 (Bold) 2 (italic) 3 (bold and italic)~6       Component  : a component group (i.e. ~3Button~3) or * if it has to be applied to all~6                    known system components~6~6  List of ~3all knonw system components~3:~6~6    Button, CheckBox, RadioButton, ToggleButton, ComboBox, Label, Panel, TitledBorder~6    List, Table, TableHeader, Tree, Menu, MenuBar, MenuItem, PopupMenu, Text, TextArea,~6    TextField, TextPane, EditorPane, ToolBar, ToolTip, ColorChooser, ProgressBar, OptionPane,~6    ScrollPane, PasswordField~6~6  Example:~6~6    <sysDefaultFonts>~6       Arial,   10, 0, *~6       Verdana, 11, 3, Button, ToggleButton~6       Verdana, 11, 0, Label, ..~6       ...~6~6');
INSERT INTO tGastExamples VALUES ('sysDefaultFonts', 'default fonts example', '~#javaj#~6~6   <frames>~6      F, ~3Default fonts example~3~6~6   <layout of F>~6~6     EVA, 10, 10, 5, 5~6~6        ,        ,  200~6        , bButton, eTextField,~6~6    <sysDefaultFonts>~6       Consolas, 15, 0, TextField~6       Verdana, 30, 3, Button, ToggleButton~6~6#data#~6~6   <eTextField> //Is this Consolas?');
/* START PROCESSING ..\..\pc\src\de\elxala\langutil\graph\sysImages.java */

INSERT INTO tGastItemDoc VALUES ('sysDefaultImages', 'javaj_ variables', 'look', 'de.elxala.langutil.graph.sysImages', '2', 'Define default images for some java GUI Swing components icon properties', '~~6  This variable permits setting default images for certain java Swing components (GUI components).~6  For example setting default icons for all the trees.~6  Note: This option use the java class javax.swing.UIManager for more information consult the java~6  documentation about UIManager and Swing Components.~6~6  Syntax:~6~6    <sysDefaultImages>~6       imageFile,  Component, ...~6       ...~6~6  Example:~6~6    <sysDefaultImages>~6         javaj/img/leaf.png    ,  Tree.leafIcon~6         javaj/img/folder.png  ,  Tree.closedIcon, Tree.rootIcon, Tree.secondRootIcon~6         javaj/img/folder.png  ,  Tree.openIcon~6         javaj/img/node1.png   ,  Tree.collapsedIcon~6         javaj/img/node2.png   ,  Tree.expandedIcon~6~6');

/* START PROCESSING ..\..\pc\src\de\elxala\langutil\graph\sysLookAndFeel.java */

INSERT INTO tGastItemDoc VALUES ('LookAndFeel', 'javaj_ variables', 'look', 'de.elxala.langutil.graph.sysLookAndFeel', '3', 'Set the java look & feel for the application', '~~6  This variable permits setting the java look & feel~6~6  Syntax:~6~6      <LookAndFeel>~6         shortName, look & feel java class, decorated~6~6  sortName is not used at present, decorated might be 0 or 1~6~6  Example:~6~6      <LookAndFeel>~6         metal, javax.swing.plaf.metal.MetalLookAndFeel, 1~6~6  Two more typical look and feels are~6~6       motif, com.sun.java.swing.plaf.motif.MotifLookAndFeel~6       win  , com.sun.java.swing.plaf.windows.WindowsLookAndFeel~6~6  If the look and feel is provided in an external jar file, then~6  remember to include it using the javaj variable <extern_libraries>.~6');
INSERT INTO tGastExamples VALUES ('LookAndFeel', 'example look & feel', '~#javaj#~6~6   <frames>~6      F, ~3Look and feel example~3~6~6   <layout of F>~6~6     EVA, 10, 10, 5, 5~6~6        ,        ,  200~6        , bButton, eTextField,~6~6    <LookAndFeel>~6       metal, javax.swing.plaf.metal.MetalLookAndFeel, 1~6     <!  motif, com.sun.java.swing.plaf.motif.MotifLookAndFeel~6     <!  win  , com.sun.java.swing.plaf.windows.WindowsLookAndFeel~6~6#data#~6~6   <eTextField> //this is the text of an edit field');

